vendor_id,vendor_name,vendor_category,region,invoice_id,invoice_date,due_date,payment_terms,invoice_amount,paid_amount,outstanding_balance,payment_date,days_outstanding,days_overdue,payment_status,discount_rate,discount_captured
VND-001,Acero Nacional SA,Materials,West,INV-0001,2025-04-06,2025-07-05,90,15125.38,0.0,15125.38,,56,0,Pending,0.01,0.0
VND-001,Acero Nacional SA,Materials,West,INV-0002,2025-05-05,2025-06-19,45,58593.45,0.0,58593.45,,27,0,Pending,0.0,0.0
VND-001,Acero Nacional SA,Materials,West,INV-0003,2025-01-22,2025-02-21,30,34309.5,34309.5,0.0,2025-03-19,130,100,Paid,0.01,0.0
VND-001,Acero Nacional SA,Materials,West,INV-0004,2025-02-21,2025-04-22,60,69057.88,69057.88,0.0,2025-04-04,100,40,Paid,0.01,690.58
VND-001,Acero Nacional SA,Materials,West,INV-0005,2025-04-12,2025-07-11,90,27765.73,0.0,27765.73,,50,0,Pending,0.0,0.0
VND-001,Acero Nacional SA,Materials,West,INV-0006,2025-02-13,2025-02-28,15,22282.54,7882.94,14399.6,2025-04-23,108,93,Partial,0.0,0.0
VND-001,Acero Nacional SA,Materials,West,INV-0007,2025-05-07,2025-07-06,60,41973.74,0.0,41973.74,,25,0,Pending,0.01,0.0
VND-001,Acero Nacional SA,Materials,West,INV-0008,2025-05-14,2025-06-28,45,11202.04,0.0,11202.04,,18,0,Pending,0.01,0.0
VND-001,Acero Nacional SA,Materials,West,INV-0009,2025-02-03,2025-05-04,90,74062.91,74062.91,0.0,2025-05-26,118,28,Paid,0.01,0.0
VND-001,Acero Nacional SA,Materials,West,INV-0010,2025-04-12,2025-04-27,15,9673.6,6517.76,3155.84,2025-04-18,50,35,Partial,0.01,0.0
VND-001,Acero Nacional SA,Materials,West,INV-0011,2025-02-08,2025-02-23,15,12290.01,12290.01,0.0,2025-02-12,113,98,Paid,0.0,0.0
VND-001,Acero Nacional SA,Materials,West,INV-0012,2025-01-14,2025-03-15,60,16862.76,0.0,16862.76,,138,78,Overdue,0.0,0.0
VND-001,Acero Nacional SA,Materials,West,INV-0013,2025-02-03,2025-03-20,45,44092.2,44092.2,0.0,2025-03-19,118,73,Paid,0.01,0.0
VND-001,Acero Nacional SA,Materials,West,INV-0014,2025-01-26,2025-02-10,15,11343.23,0.0,11343.23,,126,111,Overdue,0.01,0.0
VND-001,Acero Nacional SA,Materials,West,INV-0015,2025-02-12,2025-02-27,15,8622.18,8622.18,0.0,2025-02-17,109,94,Paid,0.01,86.22
VND-001,Acero Nacional SA,Materials,West,INV-0016,2025-02-12,2025-03-14,30,74006.58,74006.58,0.0,2025-04-09,109,79,Paid,0.02,0.0
VND-001,Acero Nacional SA,Materials,West,INV-0017,2025-03-29,2025-05-13,45,10259.85,10259.85,0.0,2025-04-02,64,19,Paid,0.02,205.2
VND-001,Acero Nacional SA,Materials,West,INV-0018,2025-01-19,2025-03-05,45,1880.73,1880.73,0.0,2025-02-12,133,88,Paid,0.0,0.0
VND-001,Acero Nacional SA,Materials,West,INV-0019,2025-02-14,2025-03-31,45,65967.0,65967.0,0.0,2025-03-09,107,62,Paid,0.025,1649.18
VND-001,Acero Nacional SA,Materials,West,INV-0020,2025-01-11,2025-01-26,15,15316.81,15316.81,0.0,2025-02-19,141,126,Paid,0.0,0.0
VND-001,Acero Nacional SA,Materials,West,INV-0021,2025-02-14,2025-04-15,60,19186.57,0.0,19186.57,,107,47,Overdue,0.01,0.0
VND-001,Acero Nacional SA,Materials,West,INV-0022,2025-03-09,2025-03-24,15,70064.18,70064.18,0.0,2025-03-16,84,69,Paid,0.02,1401.28
VND-001,Acero Nacional SA,Materials,West,INV-0023,2025-02-18,2025-04-04,45,35611.9,35611.9,0.0,2025-04-18,103,58,Paid,0.0,0.0
VND-001,Acero Nacional SA,Materials,West,INV-0024,2025-03-23,2025-04-07,15,40748.9,40748.9,0.0,2025-04-25,70,55,Paid,0.02,0.0
VND-001,Acero Nacional SA,Materials,West,INV-0025,2025-04-25,2025-06-09,45,35042.83,0.0,35042.83,,37,0,Pending,0.02,0.0
VND-001,Acero Nacional SA,Materials,West,INV-0026,2024-12-10,2025-03-10,90,13594.17,0.0,13594.17,,173,83,Overdue,0.025,0.0
VND-001,Acero Nacional SA,Materials,West,INV-0027,2024-12-24,2025-03-24,90,53675.75,53675.75,0.0,2025-02-05,159,69,Paid,0.025,1341.89
VND-001,Acero Nacional SA,Materials,West,INV-0028,2025-04-07,2025-05-22,45,1340.59,0.0,1340.59,,55,10,Overdue,0.02,0.0
VND-001,Acero Nacional SA,Materials,West,INV-0029,2025-04-08,2025-05-08,30,63369.91,0.0,63369.91,,54,24,Overdue,0.02,0.0
VND-001,Acero Nacional SA,Materials,West,INV-0030,2025-03-29,2025-05-28,60,68979.93,0.0,68979.93,,64,4,Overdue,0.02,0.0
VND-001,Acero Nacional SA,Materials,West,INV-0031,2025-05-27,2025-06-11,15,40630.84,0.0,40630.84,,5,0,Pending,0.01,0.0
VND-001,Acero Nacional SA,Materials,West,INV-0032,2025-03-09,2025-04-08,30,41378.16,41378.16,0.0,2025-04-17,84,54,Paid,0.025,0.0
VND-002,TechSupplies Inc,IT,West,INV-0033,2025-01-28,2025-04-28,90,42951.45,42951.45,0.0,2025-01-30,124,34,Paid,0.02,859.03
VND-002,TechSupplies Inc,IT,West,INV-0034,2025-05-01,2025-06-15,45,6970.15,0.0,6970.15,,31,0,Pending,0.0,0.0
VND-002,TechSupplies Inc,IT,West,INV-0035,2025-02-10,2025-03-27,45,30168.89,30168.89,0.0,2025-02-16,111,66,Paid,0.02,603.38
VND-002,TechSupplies Inc,IT,West,INV-0036,2025-02-15,2025-04-16,60,63350.62,12032.06,51318.56,2025-03-04,106,46,Partial,0.02,0.0
VND-002,TechSupplies Inc,IT,West,INV-0037,2025-02-02,2025-04-03,60,34034.88,34034.88,0.0,2025-02-15,119,59,Paid,0.01,340.35
VND-002,TechSupplies Inc,IT,West,INV-0038,2025-03-18,2025-05-17,60,46240.43,46240.43,0.0,2025-05-15,75,15,Paid,0.025,0.0
VND-002,TechSupplies Inc,IT,West,INV-0039,2025-01-25,2025-04-25,90,71541.42,0.0,71541.42,,127,37,Overdue,0.025,0.0
VND-002,TechSupplies Inc,IT,West,INV-0040,2025-05-08,2025-08-06,90,19926.27,0.0,19926.27,,24,0,Pending,0.025,0.0
VND-002,TechSupplies Inc,IT,West,INV-0041,2025-04-28,2025-06-12,45,63904.89,0.0,63904.89,,34,0,Pending,0.0,0.0
VND-002,TechSupplies Inc,IT,West,INV-0042,2025-05-26,2025-08-24,90,54769.74,0.0,54769.74,,6,0,Pending,0.02,0.0
VND-002,TechSupplies Inc,IT,West,INV-0043,2024-12-29,2025-02-12,45,33701.17,33701.17,0.0,2025-01-01,154,109,Paid,0.01,337.01
VND-002,TechSupplies Inc,IT,West,INV-0044,2025-02-15,2025-03-02,15,4772.75,0.0,4772.75,,106,91,Overdue,0.01,0.0
VND-002,TechSupplies Inc,IT,West,INV-0045,2025-03-14,2025-04-13,30,67188.87,0.0,67188.87,,79,49,Overdue,0.0,0.0
VND-002,TechSupplies Inc,IT,West,INV-0046,2025-02-10,2025-03-12,30,64622.99,18802.77,45820.22,2025-05-06,111,81,Partial,0.0,0.0
VND-002,TechSupplies Inc,IT,West,INV-0047,2025-02-23,2025-03-10,15,45216.38,45216.38,0.0,2025-03-16,98,83,Paid,0.01,0.0
VND-002,TechSupplies Inc,IT,West,INV-0048,2025-02-26,2025-05-27,90,7435.58,7435.58,0.0,2025-06-23,95,5,Paid,0.0,0.0
VND-002,TechSupplies Inc,IT,West,INV-0049,2025-04-22,2025-05-22,30,44080.53,44080.53,0.0,2025-06-12,40,10,Paid,0.0,0.0
VND-002,TechSupplies Inc,IT,West,INV-0050,2025-02-19,2025-03-21,30,28958.78,0.0,28958.78,,102,72,Overdue,0.01,0.0
VND-002,TechSupplies Inc,IT,West,INV-0051,2024-12-22,2025-01-21,30,27867.26,27867.26,0.0,2025-02-16,161,131,Paid,0.0,0.0
VND-002,TechSupplies Inc,IT,West,INV-0052,2024-12-18,2025-02-16,60,15851.23,15851.23,0.0,2025-02-21,165,105,Paid,0.01,0.0
VND-002,TechSupplies Inc,IT,West,INV-0053,2025-01-20,2025-04-20,90,58724.66,58724.66,0.0,2025-04-17,132,42,Paid,0.0,0.0
VND-002,TechSupplies Inc,IT,West,INV-0054,2025-05-03,2025-06-02,30,45773.11,0.0,45773.11,,29,0,Pending,0.0,0.0
VND-002,TechSupplies Inc,IT,West,INV-0055,2025-04-16,2025-05-16,30,62149.56,62149.56,0.0,2025-05-04,46,16,Paid,0.02,1242.99
VND-002,TechSupplies Inc,IT,West,INV-0056,2025-05-16,2025-08-14,90,32325.6,0.0,32325.6,,16,0,Pending,0.02,0.0
VND-002,TechSupplies Inc,IT,West,INV-0057,2025-04-24,2025-05-09,15,70595.52,70595.52,0.0,2025-05-09,38,23,Paid,0.02,0.0
VND-002,TechSupplies Inc,IT,West,INV-0058,2025-02-07,2025-02-22,15,4183.28,0.0,4183.28,,114,99,Overdue,0.01,0.0
VND-002,TechSupplies Inc,IT,West,INV-0059,2025-03-07,2025-04-21,45,53455.28,53455.28,0.0,2025-03-24,86,41,Paid,0.0,0.0
VND-002,TechSupplies Inc,IT,West,INV-0060,2024-12-22,2025-01-21,30,44290.13,44290.13,0.0,2025-01-31,161,131,Paid,0.0,0.0
VND-002,TechSupplies Inc,IT,West,INV-0061,2025-02-14,2025-04-15,60,41469.51,41469.51,0.0,2025-03-12,107,47,Paid,0.01,414.7
VND-002,TechSupplies Inc,IT,West,INV-0062,2025-05-14,2025-06-13,30,20099.45,0.0,20099.45,,18,0,Pending,0.02,0.0
VND-002,TechSupplies Inc,IT,West,INV-0063,2025-01-02,2025-01-17,15,35342.2,35342.2,0.0,2025-01-22,150,135,Paid,0.0,0.0
VND-002,TechSupplies Inc,IT,West,INV-0064,2025-04-11,2025-05-26,45,5840.46,5840.46,0.0,2025-05-08,51,6,Paid,0.02,116.81
VND-002,TechSupplies Inc,IT,West,INV-0065,2025-04-19,2025-05-04,15,74680.76,56448.27,18232.49,2025-05-18,43,28,Partial,0.0,0.0
VND-002,TechSupplies Inc,IT,West,INV-0066,2025-05-09,2025-06-08,30,47470.01,0.0,47470.01,,23,0,Pending,0.02,0.0
VND-002,TechSupplies Inc,IT,West,INV-0067,2025-01-25,2025-04-25,90,8188.53,8188.53,0.0,2025-04-08,127,37,Paid,0.01,81.89
VND-002,TechSupplies Inc,IT,West,INV-0068,2025-01-23,2025-02-22,30,57522.03,13872.78,43649.25,2025-03-09,129,99,Partial,0.0,0.0
VND-002,TechSupplies Inc,IT,West,INV-0069,2025-04-23,2025-06-22,60,59314.02,0.0,59314.02,,39,0,Pending,0.01,0.0
VND-002,TechSupplies Inc,IT,West,INV-0070,2024-12-03,2025-01-17,45,14259.59,14259.59,0.0,2025-01-05,180,135,Paid,0.0,0.0
VND-002,TechSupplies Inc,IT,West,INV-0071,2025-03-30,2025-05-29,60,32238.99,32238.99,0.0,2025-04-19,63,3,Paid,0.0,0.0
VND-002,TechSupplies Inc,IT,West,INV-0072,2025-01-03,2025-02-17,45,40160.0,40160.0,0.0,2025-02-18,149,104,Paid,0.0,0.0
VND-002,TechSupplies Inc,IT,West,INV-0073,2025-05-18,2025-07-17,60,5910.12,0.0,5910.12,,14,0,Pending,0.01,0.0
VND-002,TechSupplies Inc,IT,West,INV-0074,2024-12-09,2025-01-23,45,15624.27,15624.27,0.0,2025-01-11,174,129,Paid,0.02,312.49
VND-002,TechSupplies Inc,IT,West,INV-0075,2025-03-13,2025-04-12,30,58329.6,58329.6,0.0,2025-03-25,80,50,Paid,0.0,0.0
VND-003,LogiExpress,Logistics,East,INV-0076,2025-01-12,2025-02-26,45,16650.99,16650.99,0.0,2025-02-27,140,95,Paid,0.0,0.0
VND-003,LogiExpress,Logistics,East,INV-0077,2025-02-26,2025-03-28,30,12149.77,12149.77,0.0,2025-04-10,95,65,Paid,0.0,0.0
VND-003,LogiExpress,Logistics,East,INV-0078,2025-05-23,2025-07-07,45,75367.65,0.0,75367.65,,9,0,Pending,0.025,0.0
VND-003,LogiExpress,Logistics,East,INV-0079,2025-04-18,2025-05-03,15,2701.38,2701.38,0.0,2025-04-28,44,29,Paid,0.01,27.01
VND-003,LogiExpress,Logistics,East,INV-0080,2024-12-20,2025-02-03,45,61082.55,0.0,61082.55,,163,118,Overdue,0.0,0.0
VND-003,LogiExpress,Logistics,East,INV-0081,2025-02-05,2025-02-20,15,52941.52,0.0,52941.52,,116,101,Overdue,0.0,0.0
VND-003,LogiExpress,Logistics,East,INV-0082,2025-02-22,2025-04-23,60,34476.2,34476.2,0.0,2025-05-22,99,39,Paid,0.025,0.0
VND-003,LogiExpress,Logistics,East,INV-0083,2024-12-13,2025-01-27,45,26839.38,26839.38,0.0,2025-02-05,170,125,Paid,0.02,0.0
VND-003,LogiExpress,Logistics,East,INV-0084,2025-01-12,2025-02-11,30,6089.48,6089.48,0.0,2025-01-22,140,110,Paid,0.0,0.0
VND-003,LogiExpress,Logistics,East,INV-0085,2024-12-20,2025-01-04,15,22407.51,0.0,22407.51,,163,148,Overdue,0.02,0.0
VND-003,LogiExpress,Logistics,East,INV-0086,2025-03-26,2025-04-25,30,35938.93,18736.63,17202.3,2025-04-29,67,37,Partial,0.025,0.0
VND-003,LogiExpress,Logistics,East,INV-0087,2025-05-08,2025-07-07,60,10634.03,0.0,10634.03,,24,0,Pending,0.0,0.0
VND-003,LogiExpress,Logistics,East,INV-0088,2025-02-03,2025-04-04,60,63727.5,16864.0,46863.5,2025-05-03,118,58,Partial,0.02,0.0
VND-003,LogiExpress,Logistics,East,INV-0089,2025-01-11,2025-01-26,15,73374.74,73374.74,0.0,2025-01-29,141,126,Paid,0.025,0.0
VND-003,LogiExpress,Logistics,East,INV-0090,2024-12-27,2025-02-10,45,36847.9,36847.9,0.0,2025-02-03,156,111,Paid,0.025,921.2
VND-003,LogiExpress,Logistics,East,INV-0091,2025-05-06,2025-05-21,15,4756.79,0.0,4756.79,,26,11,Overdue,0.0,0.0
VND-003,LogiExpress,Logistics,East,INV-0092,2025-02-12,2025-03-14,30,34445.95,34445.95,0.0,2025-03-09,109,79,Paid,0.0,0.0
VND-003,LogiExpress,Logistics,East,INV-0093,2025-03-06,2025-04-05,30,17090.54,17090.54,0.0,2025-03-19,87,57,Paid,0.0,0.0
VND-003,LogiExpress,Logistics,East,INV-0094,2025-03-15,2025-04-14,30,67194.54,67194.54,0.0,2025-05-07,78,48,Paid,0.02,0.0
VND-003,LogiExpress,Logistics,East,INV-0095,2025-02-10,2025-02-25,15,25471.36,25471.36,0.0,2025-03-10,111,96,Paid,0.01,0.0
VND-003,LogiExpress,Logistics,East,INV-0096,2024-12-17,2025-01-01,15,7137.34,7137.34,0.0,2024-12-22,166,151,Paid,0.02,142.75
VND-003,LogiExpress,Logistics,East,INV-0097,2025-03-18,2025-04-02,15,3774.98,3774.98,0.0,2025-03-30,75,60,Paid,0.0,0.0
VND-003,LogiExpress,Logistics,East,INV-0098,2025-04-25,2025-06-09,45,48220.98,0.0,48220.98,,37,0,Pending,0.01,0.0
VND-003,LogiExpress,Logistics,East,INV-0099,2025-01-19,2025-03-05,45,66448.49,36158.8,30289.69,2025-05-17,133,88,Partial,0.02,0.0
VND-004,Grupo Servicios Pro,Services,South,INV-0100,2025-04-09,2025-05-24,45,41321.13,0.0,41321.13,,53,8,Overdue,0.01,0.0
VND-004,Grupo Servicios Pro,Services,South,INV-0101,2024-12-24,2025-03-24,90,6575.19,6575.19,0.0,2025-04-12,159,69,Paid,0.025,0.0
VND-004,Grupo Servicios Pro,Services,South,INV-0102,2025-05-27,2025-07-11,45,58268.53,0.0,58268.53,,5,0,Pending,0.025,0.0
VND-004,Grupo Servicios Pro,Services,South,INV-0103,2025-05-06,2025-05-21,15,34345.27,5445.83,28899.44,2025-05-13,26,11,Partial,0.025,0.0
VND-004,Grupo Servicios Pro,Services,South,INV-0104,2025-05-05,2025-06-04,30,24598.79,0.0,24598.79,,27,0,Pending,0.0,0.0
VND-004,Grupo Servicios Pro,Services,South,INV-0105,2025-03-22,2025-05-06,45,14685.4,14685.4,0.0,2025-03-29,71,26,Paid,0.01,146.85
VND-004,Grupo Servicios Pro,Services,South,INV-0106,2025-03-06,2025-03-21,15,77291.17,77291.17,0.0,2025-03-16,87,72,Paid,0.01,772.91
VND-004,Grupo Servicios Pro,Services,South,INV-0107,2025-01-18,2025-02-02,15,35997.52,19135.6,16861.92,2025-03-15,134,119,Partial,0.02,0.0
VND-004,Grupo Servicios Pro,Services,South,INV-0108,2025-02-27,2025-03-29,30,4398.31,0.0,4398.31,,94,64,Overdue,0.02,0.0
VND-004,Grupo Servicios Pro,Services,South,INV-0109,2025-01-06,2025-02-05,30,68214.84,68214.84,0.0,2025-02-11,146,116,Paid,0.025,0.0
VND-004,Grupo Servicios Pro,Services,South,INV-0110,2024-12-24,2025-02-07,45,45033.26,45033.26,0.0,2025-01-31,159,114,Paid,0.02,900.67
VND-004,Grupo Servicios Pro,Services,South,INV-0111,2024-12-27,2025-02-10,45,13072.71,13072.71,0.0,2025-01-30,156,111,Paid,0.025,326.82
VND-004,Grupo Servicios Pro,Services,South,INV-0112,2025-03-07,2025-06-05,90,24138.52,0.0,24138.52,,86,0,Pending,0.02,0.0
VND-004,Grupo Servicios Pro,Services,South,INV-0113,2025-03-04,2025-03-19,15,58409.64,58409.64,0.0,2025-03-14,89,74,Paid,0.02,1168.19
VND-004,Grupo Servicios Pro,Services,South,INV-0114,2025-02-08,2025-03-10,30,51221.25,51221.25,0.0,2025-02-10,113,83,Paid,0.0,0.0
VND-004,Grupo Servicios Pro,Services,South,INV-0115,2025-01-26,2025-03-27,60,34870.03,34870.03,0.0,2025-03-08,126,66,Paid,0.025,871.75
VND-004,Grupo Servicios Pro,Services,South,INV-0116,2025-02-20,2025-04-06,45,9302.01,9302.01,0.0,2025-04-18,101,56,Paid,0.01,0.0
VND-004,Grupo Servicios Pro,Services,South,INV-0117,2025-04-23,2025-05-08,15,21676.95,21676.95,0.0,2025-05-20,39,24,Paid,0.0,0.0
VND-004,Grupo Servicios Pro,Services,South,INV-0118,2025-02-17,2025-04-03,45,47880.77,0.0,47880.77,,104,59,Overdue,0.0,0.0
VND-004,Grupo Servicios Pro,Services,South,INV-0119,2025-03-14,2025-04-28,45,33218.21,33218.21,0.0,2025-03-22,79,34,Paid,0.01,332.18
VND-004,Grupo Servicios Pro,Services,South,INV-0120,2025-03-15,2025-03-30,15,44300.83,44300.83,0.0,2025-03-28,78,63,Paid,0.02,0.0
VND-004,Grupo Servicios Pro,Services,South,INV-0121,2025-01-13,2025-04-13,90,11138.68,4107.14,7031.54,2025-04-12,139,49,Partial,0.02,0.0
VND-004,Grupo Servicios Pro,Services,South,INV-0122,2025-05-20,2025-07-19,60,19049.31,0.0,19049.31,,12,0,Pending,0.0,0.0
VND-004,Grupo Servicios Pro,Services,South,INV-0123,2025-03-11,2025-04-10,30,62579.96,62579.96,0.0,2025-04-05,82,52,Paid,0.0,0.0
VND-004,Grupo Servicios Pro,Services,South,INV-0124,2025-05-10,2025-06-24,45,45360.21,0.0,45360.21,,22,0,Pending,0.01,0.0
VND-004,Grupo Servicios Pro,Services,South,INV-0125,2025-02-26,2025-05-27,90,78195.5,78195.5,0.0,2025-03-25,95,5,Paid,0.0,0.0
VND-004,Grupo Servicios Pro,Services,South,INV-0126,2025-05-24,2025-07-23,60,17000.07,0.0,17000.07,,8,0,Pending,0.025,0.0
VND-004,Grupo Servicios Pro,Services,South,INV-0127,2025-05-27,2025-06-26,30,58527.94,0.0,58527.94,,5,0,Pending,0.01,0.0
VND-004,Grupo Servicios Pro,Services,South,INV-0128,2024-12-15,2025-02-13,60,15571.96,15571.96,0.0,2025-03-15,168,108,Paid,0.01,0.0
VND-005,EnergyPlus Corp,Utilities,Central,INV-0129,2025-01-30,2025-03-16,45,66911.91,66911.91,0.0,2025-04-09,122,77,Paid,0.0,0.0
VND-005,EnergyPlus Corp,Utilities,Central,INV-0130,2025-05-19,2025-07-03,45,5466.43,0.0,5466.43,,13,0,Pending,0.0,0.0
VND-005,EnergyPlus Corp,Utilities,Central,INV-0131,2025-01-02,2025-03-03,60,68028.15,68028.15,0.0,2025-03-13,150,90,Paid,0.025,0.0
VND-005,EnergyPlus Corp,Utilities,Central,INV-0132,2025-01-01,2025-02-15,45,56104.83,0.0,56104.83,,151,106,Overdue,0.01,0.0
VND-005,EnergyPlus Corp,Utilities,Central,INV-0133,2025-05-19,2025-07-03,45,46505.94,0.0,46505.94,,13,0,Pending,0.02,0.0
VND-005,EnergyPlus Corp,Utilities,Central,INV-0134,2025-04-06,2025-06-05,60,76533.93,0.0,76533.93,,56,0,Pending,0.02,0.0
VND-005,EnergyPlus Corp,Utilities,Central,INV-0135,2025-03-23,2025-05-22,60,67425.9,67425.9,0.0,2025-06-15,70,10,Paid,0.025,0.0
VND-005,EnergyPlus Corp,Utilities,Central,INV-0136,2025-03-22,2025-06-20,90,24962.4,0.0,24962.4,,71,0,Pending,0.0,0.0
VND-005,EnergyPlus Corp,Utilities,Central,INV-0137,2025-05-20,2025-07-04,45,19311.42,0.0,19311.42,,12,0,Pending,0.0,0.0
VND-005,EnergyPlus Corp,Utilities,Central,INV-0138,2025-04-01,2025-05-16,45,21208.68,21208.68,0.0,2025-04-11,61,16,Paid,0.025,530.22
VND-005,EnergyPlus Corp,Utilities,Central,INV-0139,2025-03-21,2025-05-05,45,62825.17,62825.17,0.0,2025-04-19,72,27,Paid,0.0,0.0
VND-005,EnergyPlus Corp,Utilities,Central,INV-0140,2025-01-29,2025-03-15,45,59131.61,0.0,59131.61,,123,78,Overdue,0.025,0.0
VND-005,EnergyPlus Corp,Utilities,Central,INV-0141,2024-12-17,2025-01-16,30,26891.15,0.0,26891.15,,166,136,Overdue,0.01,0.0
VND-005,EnergyPlus Corp,Utilities,Central,INV-0142,2025-05-15,2025-08-13,90,32516.4,0.0,32516.4,,17,0,Pending,0.01,0.0
VND-005,EnergyPlus Corp,Utilities,Central,INV-0143,2025-01-28,2025-02-27,30,40510.85,40510.85,0.0,2025-03-24,124,94,Paid,0.025,0.0
VND-005,EnergyPlus Corp,Utilities,Central,INV-0144,2025-02-08,2025-05-09,90,25981.8,25981.8,0.0,2025-05-12,113,23,Paid,0.01,0.0
VND-005,EnergyPlus Corp,Utilities,Central,INV-0145,2025-03-31,2025-04-30,30,63784.11,63784.11,0.0,2025-04-07,62,32,Paid,0.025,1594.6
VND-005,EnergyPlus Corp,Utilities,Central,INV-0146,2025-02-12,2025-03-14,30,27949.1,27949.1,0.0,2025-02-13,109,79,Paid,0.01,279.49
VND-005,EnergyPlus Corp,Utilities,Central,INV-0147,2025-05-05,2025-07-04,60,31000.82,0.0,31000.82,,27,0,Pending,0.02,0.0
VND-005,EnergyPlus Corp,Utilities,Central,INV-0148,2025-01-18,2025-02-02,15,76531.14,0.0,76531.14,,134,119,Overdue,0.025,0.0
VND-005,EnergyPlus Corp,Utilities,Central,INV-0149,2024-12-14,2025-02-12,60,26205.4,0.0,26205.4,,169,109,Overdue,0.01,0.0
VND-005,EnergyPlus Corp,Utilities,Central,INV-0150,2025-04-21,2025-06-20,60,45928.09,0.0,45928.09,,41,0,Pending,0.01,0.0
VND-005,EnergyPlus Corp,Utilities,Central,INV-0151,2025-02-03,2025-04-04,60,15479.78,0.0,15479.78,,118,58,Overdue,0.025,0.0
VND-005,EnergyPlus Corp,Utilities,Central,INV-0152,2025-03-12,2025-06-10,90,36288.28,0.0,36288.28,,81,0,Pending,0.025,0.0
VND-005,EnergyPlus Corp,Utilities,Central,INV-0153,2025-01-24,2025-02-08,15,77232.39,77232.39,0.0,2025-02-04,128,113,Paid,0.025,0.0
VND-005,EnergyPlus Corp,Utilities,Central,INV-0154,2025-01-22,2025-02-06,15,31098.72,31098.72,0.0,2025-03-02,130,115,Paid,0.02,0.0
VND-005,EnergyPlus Corp,Utilities,Central,INV-0155,2025-04-07,2025-05-07,30,70350.31,70350.31,0.0,2025-05-25,55,25,Paid,0.0,0.0
VND-005,EnergyPlus Corp,Utilities,Central,INV-0156,2025-02-07,2025-05-08,90,74493.82,74493.82,0.0,2025-04-23,114,24,Paid,0.0,0.0
VND-005,EnergyPlus Corp,Utilities,Central,INV-0157,2025-04-09,2025-05-09,30,76418.7,76418.7,0.0,2025-05-01,53,23,Paid,0.02,1528.37
VND-005,EnergyPlus Corp,Utilities,Central,INV-0158,2025-05-12,2025-05-27,15,61592.84,61592.84,0.0,2025-05-18,20,5,Paid,0.0,0.0
VND-005,EnergyPlus Corp,Utilities,Central,INV-0159,2025-04-03,2025-07-02,90,60514.93,0.0,60514.93,,59,0,Pending,0.01,0.0
VND-005,EnergyPlus Corp,Utilities,Central,INV-0160,2025-01-26,2025-03-12,45,66464.7,66464.7,0.0,2025-03-23,126,81,Paid,0.02,0.0
VND-005,EnergyPlus Corp,Utilities,Central,INV-0161,2025-03-26,2025-05-10,45,2373.9,2373.9,0.0,2025-05-02,67,22,Paid,0.025,59.35
VND-005,EnergyPlus Corp,Utilities,Central,INV-0162,2025-05-17,2025-06-16,30,64075.53,0.0,64075.53,,15,0,Pending,0.025,0.0
VND-005,EnergyPlus Corp,Utilities,Central,INV-0163,2025-03-16,2025-04-30,45,27871.59,27871.59,0.0,2025-04-04,77,32,Paid,0.025,696.79
VND-005,EnergyPlus Corp,Utilities,Central,INV-0164,2024-12-13,2025-02-11,60,52218.17,14542.39,37675.78,2025-05-17,170,110,Partial,0.0,0.0
VND-005,EnergyPlus Corp,Utilities,Central,INV-0165,2025-05-04,2025-06-18,45,9538.95,0.0,9538.95,,28,0,Pending,0.0,0.0
VND-005,EnergyPlus Corp,Utilities,Central,INV-0166,2025-02-21,2025-03-08,15,14818.2,14818.2,0.0,2025-03-03,100,85,Paid,0.02,296.36
VND-005,EnergyPlus Corp,Utilities,Central,INV-0167,2024-12-06,2025-01-20,45,76804.42,76804.42,0.0,2025-01-13,177,132,Paid,0.02,1536.09
VND-005,EnergyPlus Corp,Utilities,Central,INV-0168,2025-03-29,2025-05-13,45,66979.1,66979.1,0.0,2025-04-28,64,19,Paid,0.0,0.0
VND-005,EnergyPlus Corp,Utilities,Central,INV-0169,2025-05-09,2025-05-24,15,54787.38,54787.38,0.0,2025-05-19,23,8,Paid,0.0,0.0
VND-005,EnergyPlus Corp,Utilities,Central,INV-0170,2025-04-01,2025-05-01,30,5243.19,0.0,5243.19,,61,31,Overdue,0.01,0.0
VND-005,EnergyPlus Corp,Utilities,Central,INV-0171,2025-01-04,2025-03-05,60,14262.78,14262.78,0.0,2025-03-16,148,88,Paid,0.0,0.0
VND-005,EnergyPlus Corp,Utilities,Central,INV-0172,2025-04-09,2025-06-08,60,22217.08,0.0,22217.08,,53,0,Pending,0.01,0.0
VND-005,EnergyPlus Corp,Utilities,Central,INV-0173,2024-12-30,2025-01-14,15,52855.25,52855.25,0.0,2025-01-10,153,138,Paid,0.01,0.0
VND-006,MegaParts Ltd,Materials,South,INV-0174,2025-05-12,2025-06-11,30,23721.06,0.0,23721.06,,20,0,Pending,0.02,0.0
VND-006,MegaParts Ltd,Materials,South,INV-0175,2025-03-25,2025-05-09,45,74136.73,74136.73,0.0,2025-04-21,68,23,Paid,0.0,0.0
VND-006,MegaParts Ltd,Materials,South,INV-0176,2025-04-29,2025-07-28,90,7629.33,0.0,7629.33,,33,0,Pending,0.01,0.0
VND-006,MegaParts Ltd,Materials,South,INV-0177,2024-12-27,2025-01-26,30,26020.96,26020.96,0.0,2025-01-15,156,126,Paid,0.025,650.52
VND-006,MegaParts Ltd,Materials,South,INV-0178,2025-03-29,2025-04-28,30,74447.26,74447.26,0.0,2025-04-28,64,34,Paid,0.025,0.0
VND-006,MegaParts Ltd,Materials,South,INV-0179,2025-04-07,2025-06-06,60,75392.25,0.0,75392.25,,55,0,Pending,0.02,0.0
VND-006,MegaParts Ltd,Materials,South,INV-0180,2025-04-02,2025-05-17,45,77755.08,77755.08,0.0,2025-05-17,60,15,Paid,0.01,0.0
VND-006,MegaParts Ltd,Materials,South,INV-0181,2025-05-18,2025-06-17,30,3473.44,0.0,3473.44,,14,0,Pending,0.01,0.0
VND-006,MegaParts Ltd,Materials,South,INV-0182,2025-02-05,2025-02-20,15,6583.85,6583.85,0.0,2025-02-07,116,101,Paid,0.01,65.84
VND-006,MegaParts Ltd,Materials,South,INV-0183,2025-04-26,2025-05-11,15,6440.0,6440.0,0.0,2025-06-10,36,21,Paid,0.0,0.0
VND-006,MegaParts Ltd,Materials,South,INV-0184,2025-03-20,2025-05-04,45,62560.35,32510.66,30049.69,2025-05-14,73,28,Partial,0.01,0.0
VND-006,MegaParts Ltd,Materials,South,INV-0185,2025-04-11,2025-06-10,60,16479.36,0.0,16479.36,,51,0,Pending,0.025,0.0
VND-006,MegaParts Ltd,Materials,South,INV-0186,2025-05-08,2025-06-22,45,14752.22,0.0,14752.22,,24,0,Pending,0.02,0.0
VND-006,MegaParts Ltd,Materials,South,INV-0187,2025-03-10,2025-06-08,90,4374.08,0.0,4374.08,,83,0,Pending,0.01,0.0
VND-006,MegaParts Ltd,Materials,South,INV-0188,2025-05-16,2025-08-14,90,44565.19,0.0,44565.19,,16,0,Pending,0.01,0.0
VND-006,MegaParts Ltd,Materials,South,INV-0189,2025-04-29,2025-06-13,45,68937.3,0.0,68937.3,,33,0,Pending,0.025,0.0
VND-006,MegaParts Ltd,Materials,South,INV-0190,2025-04-26,2025-05-11,15,13911.6,13911.6,0.0,2025-05-17,36,21,Paid,0.0,0.0
VND-006,MegaParts Ltd,Materials,South,INV-0191,2025-04-06,2025-05-06,30,14528.95,14528.95,0.0,2025-05-25,56,26,Paid,0.025,0.0
VND-006,MegaParts Ltd,Materials,South,INV-0192,2025-03-21,2025-04-05,15,62882.59,62882.59,0.0,2025-04-30,72,57,Paid,0.01,0.0
VND-006,MegaParts Ltd,Materials,South,INV-0193,2025-01-10,2025-01-25,15,54479.72,0.0,54479.72,,142,127,Overdue,0.025,0.0
VND-006,MegaParts Ltd,Materials,South,INV-0194,2025-01-31,2025-05-01,90,22399.65,4276.91,18122.74,2025-05-10,121,31,Partial,0.02,0.0
VND-006,MegaParts Ltd,Materials,South,INV-0195,2025-01-29,2025-04-29,90,28197.42,28197.42,0.0,2025-05-25,123,33,Paid,0.025,0.0
VND-006,MegaParts Ltd,Materials,South,INV-0196,2025-01-16,2025-04-16,90,69570.6,69570.6,0.0,2025-04-08,136,46,Paid,0.01,695.71
VND-006,MegaParts Ltd,Materials,South,INV-0197,2025-05-10,2025-06-09,30,48580.07,0.0,48580.07,,22,0,Pending,0.01,0.0
VND-006,MegaParts Ltd,Materials,South,INV-0198,2025-02-09,2025-03-26,45,64123.39,64123.39,0.0,2025-03-23,112,67,Paid,0.02,0.0
VND-006,MegaParts Ltd,Materials,South,INV-0199,2025-02-24,2025-05-25,90,5127.84,5127.84,0.0,2025-06-18,97,7,Paid,0.01,0.0
VND-006,MegaParts Ltd,Materials,South,INV-0200,2025-03-24,2025-05-08,45,11482.27,0.0,11482.27,,69,24,Overdue,0.01,0.0
VND-006,MegaParts Ltd,Materials,South,INV-0201,2025-01-24,2025-03-10,45,45933.29,45933.29,0.0,2025-03-21,128,83,Paid,0.025,0.0
VND-006,MegaParts Ltd,Materials,South,INV-0202,2025-02-21,2025-03-23,30,17569.51,17569.51,0.0,2025-03-12,100,70,Paid,0.02,351.39
VND-006,MegaParts Ltd,Materials,South,INV-0203,2025-01-18,2025-04-18,90,9027.98,0.0,9027.98,,134,44,Overdue,0.025,0.0
VND-006,MegaParts Ltd,Materials,South,INV-0204,2025-04-25,2025-06-24,60,22979.48,0.0,22979.48,,37,0,Pending,0.02,0.0
VND-006,MegaParts Ltd,Materials,South,INV-0205,2025-04-13,2025-05-13,30,74091.78,74091.78,0.0,2025-05-30,49,19,Paid,0.02,0.0
VND-006,MegaParts Ltd,Materials,South,INV-0206,2025-01-30,2025-03-16,45,2390.66,2390.66,0.0,2025-02-23,122,77,Paid,0.02,47.81
VND-006,MegaParts Ltd,Materials,South,INV-0207,2025-04-25,2025-07-24,90,43397.57,0.0,43397.57,,37,0,Pending,0.0,0.0
VND-006,MegaParts Ltd,Materials,South,INV-0208,2025-01-16,2025-04-16,90,48850.7,48850.7,0.0,2025-01-19,136,46,Paid,0.02,977.01
VND-007,CloudSoft Solutions,IT,Central,INV-0209,2025-05-01,2025-06-30,60,9265.61,0.0,9265.61,,31,0,Pending,0.025,0.0
VND-007,CloudSoft Solutions,IT,Central,INV-0210,2025-01-18,2025-03-19,60,62370.09,62370.09,0.0,2025-04-08,134,74,Paid,0.025,0.0
VND-007,CloudSoft Solutions,IT,Central,INV-0211,2025-05-06,2025-07-05,60,46689.87,0.0,46689.87,,26,0,Pending,0.02,0.0
VND-007,CloudSoft Solutions,IT,Central,INV-0212,2025-03-06,2025-03-21,15,55490.99,0.0,55490.99,,87,72,Overdue,0.0,0.0
VND-007,CloudSoft Solutions,IT,Central,INV-0213,2025-04-27,2025-05-27,30,59980.37,59980.37,0.0,2025-06-03,35,5,Paid,0.02,0.0
VND-007,CloudSoft Solutions,IT,Central,INV-0214,2025-03-30,2025-06-28,90,38690.86,0.0,38690.86,,63,0,Pending,0.0,0.0
VND-007,CloudSoft Solutions,IT,Central,INV-0215,2025-02-19,2025-04-20,60,67269.43,67269.43,0.0,2025-03-28,102,42,Paid,0.0,0.0
VND-007,CloudSoft Solutions,IT,Central,INV-0216,2025-05-05,2025-05-20,15,31142.35,0.0,31142.35,,27,12,Overdue,0.025,0.0
VND-007,CloudSoft Solutions,IT,Central,INV-0217,2025-04-20,2025-05-20,30,45955.07,45955.07,0.0,2025-05-23,42,12,Paid,0.02,0.0
VND-007,CloudSoft Solutions,IT,Central,INV-0218,2025-05-10,2025-06-24,45,63004.71,0.0,63004.71,,22,0,Pending,0.01,0.0
VND-007,CloudSoft Solutions,IT,Central,INV-0219,2025-01-18,2025-02-02,15,6454.49,2783.45,3671.04,2025-04-13,134,119,Partial,0.01,0.0
VND-007,CloudSoft Solutions,IT,Central,INV-0220,2024-12-28,2025-02-26,60,71878.72,71878.72,0.0,2025-03-13,155,95,Paid,0.02,0.0
VND-007,CloudSoft Solutions,IT,Central,INV-0221,2025-04-23,2025-05-23,30,12197.68,8752.36,3445.32,2025-05-18,39,9,Partial,0.025,0.0
VND-007,CloudSoft Solutions,IT,Central,INV-0222,2025-02-27,2025-03-14,15,50046.84,50046.84,0.0,2025-02-27,94,79,Paid,0.0,0.0
VND-007,CloudSoft Solutions,IT,Central,INV-0223,2025-02-03,2025-04-04,60,42986.26,42986.26,0.0,2025-04-19,118,58,Paid,0.01,0.0
VND-007,CloudSoft Solutions,IT,Central,INV-0224,2024-12-27,2025-02-25,60,38910.44,38910.44,0.0,2025-01-11,156,96,Paid,0.01,389.1
VND-007,CloudSoft Solutions,IT,Central,INV-0225,2025-01-11,2025-03-12,60,14540.75,14540.75,0.0,2025-02-21,141,81,Paid,0.01,145.41
VND-007,CloudSoft Solutions,IT,Central,INV-0226,2024-12-10,2025-01-24,45,56048.62,56048.62,0.0,2024-12-22,173,128,Paid,0.025,1401.22
VND-007,CloudSoft Solutions,IT,Central,INV-0227,2025-02-11,2025-05-12,90,32904.2,32904.2,0.0,2025-03-23,110,20,Paid,0.01,329.04
VND-007,CloudSoft Solutions,IT,Central,INV-0228,2025-01-10,2025-02-24,45,16400.72,16400.72,0.0,2025-02-09,142,97,Paid,0.02,328.01
VND-007,CloudSoft Solutions,IT,Central,INV-0229,2025-03-13,2025-05-12,60,30178.39,30178.39,0.0,2025-06-03,80,20,Paid,0.025,0.0
VND-007,CloudSoft Solutions,IT,Central,INV-0230,2025-04-17,2025-05-02,15,6827.21,5017.72,1809.49,2025-05-08,45,30,Partial,0.0,0.0
VND-007,CloudSoft Solutions,IT,Central,INV-0231,2025-01-19,2025-03-05,45,37591.06,7882.01,29709.05,2025-04-03,133,88,Partial,0.0,0.0
VND-007,CloudSoft Solutions,IT,Central,INV-0232,2024-12-16,2025-02-14,60,26955.6,0.0,26955.6,,167,107,Overdue,0.01,0.0
VND-007,CloudSoft Solutions,IT,Central,INV-0233,2025-01-01,2025-03-02,60,45974.65,45974.65,0.0,2025-02-08,151,91,Paid,0.025,1149.37
VND-007,CloudSoft Solutions,IT,Central,INV-0234,2025-05-05,2025-07-04,60,42876.18,0.0,42876.18,,27,0,Pending,0.01,0.0
VND-007,CloudSoft Solutions,IT,Central,INV-0235,2025-01-26,2025-03-12,45,10264.87,6143.25,4121.62,2025-05-22,126,81,Partial,0.0,0.0
VND-007,CloudSoft Solutions,IT,Central,INV-0236,2024-12-19,2025-01-18,30,5618.83,5618.83,0.0,2025-01-14,164,134,Paid,0.01,0.0
VND-007,CloudSoft Solutions,IT,Central,INV-0237,2025-03-31,2025-05-15,45,71841.61,0.0,71841.61,,62,17,Overdue,0.01,0.0
VND-007,CloudSoft Solutions,IT,Central,INV-0238,2025-05-22,2025-07-06,45,23057.22,0.0,23057.22,,10,0,Pending,0.025,0.0
VND-007,CloudSoft Solutions,IT,Central,INV-0239,2025-02-19,2025-04-20,60,45746.63,45746.63,0.0,2025-03-22,102,42,Paid,0.02,914.93
VND-007,CloudSoft Solutions,IT,Central,INV-0240,2024-12-15,2024-12-30,15,54233.48,0.0,54233.48,,168,153,Overdue,0.01,0.0
VND-007,CloudSoft Solutions,IT,Central,INV-0241,2025-04-25,2025-06-09,45,1869.74,0.0,1869.74,,37,0,Pending,0.01,0.0
VND-007,CloudSoft Solutions,IT,Central,INV-0242,2025-05-25,2025-07-09,45,42190.95,0.0,42190.95,,7,0,Pending,0.025,0.0
VND-007,CloudSoft Solutions,IT,Central,INV-0243,2025-02-21,2025-03-23,30,61649.09,61649.09,0.0,2025-03-15,100,70,Paid,0.0,0.0
VND-007,CloudSoft Solutions,IT,Central,INV-0244,2025-04-15,2025-07-14,90,72218.33,0.0,72218.33,,47,0,Pending,0.0,0.0
VND-007,CloudSoft Solutions,IT,Central,INV-0245,2025-01-08,2025-02-22,45,32674.62,0.0,32674.62,,144,99,Overdue,0.02,0.0
VND-007,CloudSoft Solutions,IT,Central,INV-0246,2025-03-14,2025-04-28,45,12709.02,12709.02,0.0,2025-03-17,79,34,Paid,0.0,0.0
VND-007,CloudSoft Solutions,IT,Central,INV-0247,2025-03-15,2025-03-30,15,43024.94,13374.49,29650.45,2025-03-28,78,63,Partial,0.025,0.0
VND-007,CloudSoft Solutions,IT,Central,INV-0248,2025-01-29,2025-02-28,30,13245.81,13245.81,0.0,2025-03-12,123,93,Paid,0.01,0.0
VND-007,CloudSoft Solutions,IT,Central,INV-0249,2024-12-03,2024-12-18,15,26738.81,26738.81,0.0,2025-01-01,180,165,Paid,0.02,0.0
VND-007,CloudSoft Solutions,IT,Central,INV-0250,2025-05-09,2025-06-08,30,70480.07,0.0,70480.07,,23,0,Pending,0.025,0.0
VND-007,CloudSoft Solutions,IT,Central,INV-0251,2025-02-28,2025-05-29,90,47268.51,47268.51,0.0,2025-06-02,93,3,Paid,0.025,0.0
VND-007,CloudSoft Solutions,IT,Central,INV-0252,2024-12-25,2025-01-09,15,13762.57,13762.57,0.0,2025-01-01,158,143,Paid,0.0,0.0
VND-007,CloudSoft Solutions,IT,Central,INV-0253,2025-02-28,2025-05-29,90,36360.58,36360.58,0.0,2025-06-19,93,3,Paid,0.01,0.0
VND-008,Rapi Cargo SA,Logistics,West,INV-0254,2025-02-02,2025-03-04,30,16617.5,16617.5,0.0,2025-02-27,119,89,Paid,0.02,332.35
VND-008,Rapi Cargo SA,Logistics,West,INV-0255,2025-02-02,2025-02-17,15,1068.49,1068.49,0.0,2025-02-10,119,104,Paid,0.0,0.0
VND-008,Rapi Cargo SA,Logistics,West,INV-0256,2025-03-27,2025-05-11,45,25041.55,25041.55,0.0,2025-05-30,66,21,Paid,0.0,0.0
VND-008,Rapi Cargo SA,Logistics,West,INV-0257,2025-05-14,2025-05-29,15,26804.16,0.0,26804.16,,18,3,Overdue,0.02,0.0
VND-008,Rapi Cargo SA,Logistics,West,INV-0258,2025-04-08,2025-05-08,30,18969.71,18969.71,0.0,2025-05-15,54,24,Paid,0.025,0.0
VND-008,Rapi Cargo SA,Logistics,West,INV-0259,2025-05-15,2025-08-13,90,4649.6,0.0,4649.6,,17,0,Pending,0.0,0.0
VND-008,Rapi Cargo SA,Logistics,West,INV-0260,2025-02-06,2025-04-07,60,21442.06,21442.06,0.0,2025-02-20,115,55,Paid,0.02,428.84
VND-008,Rapi Cargo SA,Logistics,West,INV-0261,2025-02-09,2025-03-11,30,59613.75,59613.75,0.0,2025-03-19,112,82,Paid,0.02,0.0
VND-008,Rapi Cargo SA,Logistics,West,INV-0262,2025-04-30,2025-06-14,45,76000.39,0.0,76000.39,,32,0,Pending,0.0,0.0
VND-008,Rapi Cargo SA,Logistics,West,INV-0263,2025-05-08,2025-08-06,90,54595.37,0.0,54595.37,,24,0,Pending,0.0,0.0
VND-008,Rapi Cargo SA,Logistics,West,INV-0264,2024-12-09,2025-02-07,60,15398.52,15398.52,0.0,2025-03-02,174,114,Paid,0.0,0.0
VND-008,Rapi Cargo SA,Logistics,West,INV-0265,2025-03-25,2025-05-09,45,35884.89,35884.89,0.0,2025-04-19,68,23,Paid,0.025,897.12
VND-008,Rapi Cargo SA,Logistics,West,INV-0266,2025-04-06,2025-06-05,60,25365.48,0.0,25365.48,,56,0,Pending,0.025,0.0
VND-008,Rapi Cargo SA,Logistics,West,INV-0267,2025-03-22,2025-05-06,45,39766.44,39766.44,0.0,2025-05-29,71,26,Paid,0.01,0.0
VND-008,Rapi Cargo SA,Logistics,West,INV-0268,2024-12-15,2025-03-15,90,11989.86,0.0,11989.86,,168,78,Overdue,0.01,0.0
VND-008,Rapi Cargo SA,Logistics,West,INV-0269,2025-01-04,2025-03-05,60,69554.2,21288.31,48265.89,2025-03-24,148,88,Partial,0.02,0.0
VND-008,Rapi Cargo SA,Logistics,West,INV-0270,2025-02-25,2025-03-27,30,21552.35,21552.35,0.0,2025-02-26,96,66,Paid,0.02,431.05
VND-008,Rapi Cargo SA,Logistics,West,INV-0271,2025-03-13,2025-05-12,60,54177.93,54177.93,0.0,2025-06-09,80,20,Paid,0.01,0.0
VND-008,Rapi Cargo SA,Logistics,West,INV-0272,2025-04-26,2025-06-25,60,14913.24,0.0,14913.24,,36,0,Pending,0.0,0.0
VND-008,Rapi Cargo SA,Logistics,West,INV-0273,2024-12-26,2025-02-24,60,19291.68,0.0,19291.68,,157,97,Overdue,0.0,0.0
VND-008,Rapi Cargo SA,Logistics,West,INV-0274,2024-12-29,2025-03-29,90,55084.05,55084.05,0.0,2025-01-05,154,64,Paid,0.01,550.84
VND-008,Rapi Cargo SA,Logistics,West,INV-0275,2025-03-08,2025-05-07,60,42274.06,42274.06,0.0,2025-03-24,85,25,Paid,0.02,845.48
VND-008,Rapi Cargo SA,Logistics,West,INV-0276,2025-03-04,2025-06-02,90,66113.98,0.0,66113.98,,89,0,Pending,0.0,0.0
VND-008,Rapi Cargo SA,Logistics,West,INV-0277,2025-01-30,2025-03-01,30,70852.89,0.0,70852.89,,122,92,Overdue,0.01,0.0
VND-008,Rapi Cargo SA,Logistics,West,INV-0278,2024-12-10,2024-12-25,15,12504.64,12504.64,0.0,2025-01-06,173,158,Paid,0.01,0.0
VND-008,Rapi Cargo SA,Logistics,West,INV-0279,2025-04-19,2025-06-03,45,15656.8,0.0,15656.8,,43,0,Pending,0.0,0.0
VND-008,Rapi Cargo SA,Logistics,West,INV-0280,2025-03-21,2025-04-05,15,6117.05,0.0,6117.05,,72,57,Overdue,0.02,0.0
VND-008,Rapi Cargo SA,Logistics,West,INV-0281,2025-02-13,2025-03-15,30,26612.79,26612.79,0.0,2025-03-02,108,78,Paid,0.025,665.32
VND-008,Rapi Cargo SA,Logistics,West,INV-0282,2025-05-05,2025-08-03,90,32863.87,0.0,32863.87,,27,0,Pending,0.0,0.0
VND-008,Rapi Cargo SA,Logistics,West,INV-0283,2025-05-27,2025-07-26,60,67871.17,0.0,67871.17,,5,0,Pending,0.0,0.0
VND-008,Rapi Cargo SA,Logistics,West,INV-0284,2025-04-22,2025-05-22,30,66784.46,9752.78,57031.68,2025-05-04,40,10,Partial,0.025,0.0
VND-008,Rapi Cargo SA,Logistics,West,INV-0285,2025-01-24,2025-03-25,60,31246.97,0.0,31246.97,,128,68,Overdue,0.025,0.0
VND-008,Rapi Cargo SA,Logistics,West,INV-0286,2025-02-05,2025-03-07,30,47385.85,47385.85,0.0,2025-02-08,116,86,Paid,0.02,947.72
VND-008,Rapi Cargo SA,Logistics,West,INV-0287,2024-12-29,2025-01-28,30,39954.7,39954.7,0.0,2025-01-26,154,124,Paid,0.02,0.0
VND-008,Rapi Cargo SA,Logistics,West,INV-0288,2025-02-03,2025-05-04,90,31560.68,0.0,31560.68,,118,28,Overdue,0.0,0.0
VND-008,Rapi Cargo SA,Logistics,West,INV-0289,2025-03-09,2025-03-24,15,1009.81,0.0,1009.81,,84,69,Overdue,0.0,0.0
VND-008,Rapi Cargo SA,Logistics,West,INV-0290,2025-05-14,2025-07-13,60,30771.57,0.0,30771.57,,18,0,Pending,0.02,0.0
VND-008,Rapi Cargo SA,Logistics,West,INV-0291,2024-12-10,2025-02-08,60,10756.16,2015.08,8741.08,2025-04-05,173,113,Partial,0.01,0.0
VND-008,Rapi Cargo SA,Logistics,West,INV-0292,2025-04-03,2025-05-03,30,53942.65,53942.65,0.0,2025-04-11,59,29,Paid,0.025,1348.57
VND-008,Rapi Cargo SA,Logistics,West,INV-0293,2025-05-18,2025-06-02,15,4842.09,0.0,4842.09,,14,0,Pending,0.01,0.0
VND-008,Rapi Cargo SA,Logistics,West,INV-0294,2025-01-01,2025-01-16,15,26499.99,0.0,26499.99,,151,136,Overdue,0.01,0.0
VND-008,Rapi Cargo SA,Logistics,West,INV-0295,2024-12-09,2025-03-09,90,60063.9,35876.27,24187.63,2024-12-25,174,84,Partial,0.0,0.0
VND-008,Rapi Cargo SA,Logistics,West,INV-0296,2025-03-03,2025-04-02,30,29312.37,14985.24,14327.13,2025-05-12,90,60,Partial,0.0,0.0
VND-009,Consulting Masters,Services,West,INV-0297,2025-05-03,2025-05-18,15,5257.34,5257.34,0.0,2025-06-11,29,14,Paid,0.02,0.0
VND-009,Consulting Masters,Services,West,INV-0298,2025-05-08,2025-07-07,60,31946.41,0.0,31946.41,,24,0,Pending,0.02,0.0
VND-009,Consulting Masters,Services,West,INV-0299,2025-05-21,2025-06-20,30,24868.96,0.0,24868.96,,11,0,Pending,0.025,0.0
VND-009,Consulting Masters,Services,West,INV-0300,2025-05-13,2025-08-11,90,74429.78,0.0,74429.78,,19,0,Pending,0.0,0.0
VND-009,Consulting Masters,Services,West,INV-0301,2024-12-19,2025-02-02,45,51228.77,51228.77,0.0,2025-02-07,164,119,Paid,0.0,0.0
VND-009,Consulting Masters,Services,West,INV-0302,2025-02-21,2025-04-07,45,23594.24,23594.24,0.0,2025-03-01,100,55,Paid,0.02,471.88
VND-009,Consulting Masters,Services,West,INV-0303,2024-12-10,2025-02-08,60,56814.47,0.0,56814.47,,173,113,Overdue,0.01,0.0
VND-009,Consulting Masters,Services,West,INV-0304,2025-04-07,2025-05-22,45,39289.72,39289.72,0.0,2025-04-16,55,10,Paid,0.0,0.0
VND-009,Consulting Masters,Services,West,INV-0305,2025-02-10,2025-03-27,45,56792.76,56792.76,0.0,2025-03-25,111,66,Paid,0.0,0.0
VND-009,Consulting Masters,Services,West,INV-0306,2025-04-13,2025-07-12,90,30756.11,0.0,30756.11,,49,0,Pending,0.025,0.0
VND-009,Consulting Masters,Services,West,INV-0307,2025-04-23,2025-06-07,45,35327.97,0.0,35327.97,,39,0,Pending,0.025,0.0
VND-009,Consulting Masters,Services,West,INV-0308,2024-12-03,2024-12-18,15,20253.71,20253.71,0.0,2024-12-22,180,165,Paid,0.025,0.0
VND-009,Consulting Masters,Services,West,INV-0309,2025-03-14,2025-04-13,30,59868.2,0.0,59868.2,,79,49,Overdue,0.01,0.0
VND-009,Consulting Masters,Services,West,INV-0310,2024-12-24,2025-03-24,90,38858.16,38858.16,0.0,2025-03-01,159,69,Paid,0.025,971.45
VND-009,Consulting Masters,Services,West,INV-0311,2025-03-10,2025-04-09,30,56497.23,56497.23,0.0,2025-03-15,83,53,Paid,0.0,0.0
VND-009,Consulting Masters,Services,West,INV-0312,2025-05-19,2025-08-17,90,26131.84,0.0,26131.84,,13,0,Pending,0.02,0.0
VND-009,Consulting Masters,Services,West,INV-0313,2025-04-05,2025-05-20,45,33241.82,33241.82,0.0,2025-05-16,57,12,Paid,0.025,0.0
VND-009,Consulting Masters,Services,West,INV-0314,2025-04-11,2025-06-10,60,8444.86,0.0,8444.86,,51,0,Pending,0.01,0.0
VND-009,Consulting Masters,Services,West,INV-0315,2025-03-26,2025-05-25,60,29841.59,29841.59,0.0,2025-06-02,67,7,Paid,0.025,0.0
VND-009,Consulting Masters,Services,West,INV-0316,2025-04-19,2025-05-19,30,63490.96,41075.92,22415.04,2025-05-06,43,13,Partial,0.02,0.0
VND-009,Consulting Masters,Services,West,INV-0317,2025-05-03,2025-08-01,90,20056.62,0.0,20056.62,,29,0,Pending,0.02,0.0
VND-009,Consulting Masters,Services,West,INV-0318,2025-05-22,2025-08-20,90,65875.19,0.0,65875.19,,10,0,Pending,0.01,0.0
VND-009,Consulting Masters,Services,West,INV-0319,2025-05-06,2025-07-05,60,68017.72,0.0,68017.72,,26,0,Pending,0.025,0.0
VND-009,Consulting Masters,Services,West,INV-0320,2025-03-30,2025-06-28,90,65516.5,0.0,65516.5,,63,0,Pending,0.0,0.0
VND-009,Consulting Masters,Services,West,INV-0321,2025-04-05,2025-07-04,90,30387.6,0.0,30387.6,,57,0,Pending,0.025,0.0
VND-010,AquaServ,Utilities,East,INV-0322,2025-03-06,2025-03-21,15,59872.64,59872.64,0.0,2025-03-19,87,72,Paid,0.025,0.0
VND-010,AquaServ,Utilities,East,INV-0323,2025-03-25,2025-05-24,60,34116.39,34116.39,0.0,2025-04-28,68,8,Paid,0.0,0.0
VND-010,AquaServ,Utilities,East,INV-0324,2025-05-10,2025-06-09,30,6817.94,0.0,6817.94,,22,0,Pending,0.01,0.0
VND-010,AquaServ,Utilities,East,INV-0325,2025-03-07,2025-06-05,90,77335.54,0.0,77335.54,,86,0,Pending,0.02,0.0
VND-010,AquaServ,Utilities,East,INV-0326,2025-05-12,2025-06-26,45,7028.26,0.0,7028.26,,20,0,Pending,0.01,0.0
VND-010,AquaServ,Utilities,East,INV-0327,2025-05-17,2025-07-01,45,38955.64,0.0,38955.64,,15,0,Pending,0.025,0.0
VND-010,AquaServ,Utilities,East,INV-0328,2024-12-11,2025-02-09,60,69228.74,69228.74,0.0,2025-01-21,172,112,Paid,0.01,692.29
VND-010,AquaServ,Utilities,East,INV-0329,2024-12-09,2025-01-23,45,61434.61,61434.61,0.0,2025-01-30,174,129,Paid,0.0,0.0
VND-010,AquaServ,Utilities,East,INV-0330,2025-02-03,2025-04-04,60,69678.86,69678.86,0.0,2025-03-21,118,58,Paid,0.02,1393.58
VND-010,AquaServ,Utilities,East,INV-0331,2025-02-18,2025-04-19,60,2987.29,2987.29,0.0,2025-05-14,103,43,Paid,0.02,0.0
VND-010,AquaServ,Utilities,East,INV-0332,2025-02-07,2025-04-08,60,17575.03,17575.03,0.0,2025-02-18,114,54,Paid,0.025,439.38
VND-010,AquaServ,Utilities,East,INV-0333,2025-03-09,2025-04-23,45,49959.54,49959.54,0.0,2025-03-21,84,39,Paid,0.025,1248.99
VND-010,AquaServ,Utilities,East,INV-0334,2025-02-11,2025-04-12,60,6038.53,0.0,6038.53,,110,50,Overdue,0.025,0.0
VND-010,AquaServ,Utilities,East,INV-0335,2025-02-04,2025-03-06,30,43529.0,43529.0,0.0,2025-02-09,117,87,Paid,0.02,870.58
VND-010,AquaServ,Utilities,East,INV-0336,2025-05-18,2025-06-17,30,3652.05,0.0,3652.05,,14,0,Pending,0.02,0.0
VND-010,AquaServ,Utilities,East,INV-0337,2025-03-27,2025-05-26,60,9721.98,9721.98,0.0,2025-04-12,66,6,Paid,0.02,194.44
VND-010,AquaServ,Utilities,East,INV-0338,2025-05-10,2025-05-25,15,67298.14,67298.14,0.0,2025-06-03,22,7,Paid,0.01,0.0
VND-010,AquaServ,Utilities,East,INV-0339,2024-12-19,2025-02-02,45,36912.92,0.0,36912.92,,164,119,Overdue,0.025,0.0
VND-010,AquaServ,Utilities,East,INV-0340,2025-03-12,2025-04-11,30,32226.34,32226.34,0.0,2025-05-04,81,51,Paid,0.0,0.0
VND-010,AquaServ,Utilities,East,INV-0341,2024-12-09,2024-12-24,15,68512.37,68512.37,0.0,2024-12-16,174,159,Paid,0.025,1712.81
VND-010,AquaServ,Utilities,East,INV-0342,2025-05-14,2025-07-13,60,1685.41,0.0,1685.41,,18,0,Pending,0.01,0.0
VND-010,AquaServ,Utilities,East,INV-0343,2025-03-17,2025-06-15,90,8375.85,0.0,8375.85,,76,0,Pending,0.0,0.0
VND-010,AquaServ,Utilities,East,INV-0344,2025-03-08,2025-06-06,90,79380.18,0.0,79380.18,,85,0,Pending,0.01,0.0
VND-010,AquaServ,Utilities,East,INV-0345,2025-04-13,2025-07-12,90,8591.83,0.0,8591.83,,49,0,Pending,0.025,0.0
VND-010,AquaServ,Utilities,East,INV-0346,2025-05-20,2025-06-19,30,64602.38,0.0,64602.38,,12,0,Pending,0.0,0.0
VND-011,SteelBuild Co,Materials,South,INV-0347,2025-05-06,2025-06-20,45,66420.59,0.0,66420.59,,26,0,Pending,0.0,0.0
VND-011,SteelBuild Co,Materials,South,INV-0348,2025-05-04,2025-07-03,60,3291.62,0.0,3291.62,,28,0,Pending,0.0,0.0
VND-011,SteelBuild Co,Materials,South,INV-0349,2025-02-17,2025-03-04,15,38911.89,38911.89,0.0,2025-02-18,104,89,Paid,0.02,778.24
VND-011,SteelBuild Co,Materials,South,INV-0350,2025-01-29,2025-02-13,15,65630.31,65630.31,0.0,2025-03-12,123,108,Paid,0.025,0.0
VND-011,SteelBuild Co,Materials,South,INV-0351,2024-12-06,2025-01-05,30,67352.88,67352.88,0.0,2025-01-03,177,147,Paid,0.01,0.0
VND-011,SteelBuild Co,Materials,South,INV-0352,2025-05-25,2025-07-09,45,42114.2,0.0,42114.2,,7,0,Pending,0.01,0.0
VND-011,SteelBuild Co,Materials,South,INV-0353,2024-12-16,2025-02-14,60,77399.4,57581.87,19817.53,2025-05-31,167,107,Partial,0.025,0.0
VND-011,SteelBuild Co,Materials,South,INV-0354,2024-12-14,2024-12-29,15,45865.28,0.0,45865.28,,169,154,Overdue,0.02,0.0
VND-011,SteelBuild Co,Materials,South,INV-0355,2025-04-07,2025-05-22,45,33793.81,33793.81,0.0,2025-05-09,55,10,Paid,0.01,337.94
VND-011,SteelBuild Co,Materials,South,INV-0356,2025-02-22,2025-03-09,15,27425.95,27425.95,0.0,2025-03-21,99,84,Paid,0.01,0.0
VND-011,SteelBuild Co,Materials,South,INV-0357,2024-12-09,2025-03-09,90,29988.01,0.0,29988.01,,174,84,Overdue,0.02,0.0
VND-011,SteelBuild Co,Materials,South,INV-0358,2024-12-26,2025-01-10,15,13367.9,0.0,13367.9,,157,142,Overdue,0.0,0.0
VND-011,SteelBuild Co,Materials,South,INV-0359,2024-12-27,2025-02-10,45,19553.96,0.0,19553.96,,156,111,Overdue,0.0,0.0
VND-011,SteelBuild Co,Materials,South,INV-0360,2025-02-15,2025-04-16,60,23792.79,23792.79,0.0,2025-04-10,106,46,Paid,0.02,475.86
VND-011,SteelBuild Co,Materials,South,INV-0361,2025-03-22,2025-05-21,60,79167.02,0.0,79167.02,,71,11,Overdue,0.02,0.0
VND-011,SteelBuild Co,Materials,South,INV-0362,2025-03-23,2025-06-21,90,17875.62,0.0,17875.62,,70,0,Pending,0.01,0.0
VND-011,SteelBuild Co,Materials,South,INV-0363,2024-12-22,2025-02-20,60,4820.48,3745.11,1075.37,2024-12-25,161,101,Partial,0.02,0.0
VND-011,SteelBuild Co,Materials,South,INV-0364,2025-04-25,2025-06-24,60,19223.61,0.0,19223.61,,37,0,Pending,0.01,0.0
VND-011,SteelBuild Co,Materials,South,INV-0365,2025-01-17,2025-03-03,45,30005.66,30005.66,0.0,2025-04-02,135,90,Paid,0.025,0.0
VND-011,SteelBuild Co,Materials,South,INV-0366,2025-03-23,2025-05-07,45,75963.13,75963.13,0.0,2025-06-03,70,25,Paid,0.01,0.0
VND-011,SteelBuild Co,Materials,South,INV-0367,2025-01-10,2025-03-11,60,44271.25,8056.16,36215.09,2025-02-24,142,82,Partial,0.01,0.0
VND-011,SteelBuild Co,Materials,South,INV-0368,2025-01-05,2025-03-06,60,24453.03,18895.38,5557.65,2025-04-19,147,87,Partial,0.0,0.0
VND-011,SteelBuild Co,Materials,South,INV-0369,2024-12-13,2025-03-13,90,57002.9,57002.9,0.0,2025-02-23,170,80,Paid,0.025,1425.07
VND-011,SteelBuild Co,Materials,South,INV-0370,2025-04-13,2025-05-28,45,6520.16,6520.16,0.0,2025-04-29,49,4,Paid,0.01,65.2
VND-011,SteelBuild Co,Materials,South,INV-0371,2025-02-27,2025-03-29,30,2780.36,2780.36,0.0,2025-04-12,94,64,Paid,0.01,0.0
VND-011,SteelBuild Co,Materials,South,INV-0372,2025-03-25,2025-06-23,90,69699.9,0.0,69699.9,,68,0,Pending,0.02,0.0
VND-011,SteelBuild Co,Materials,South,INV-0373,2025-02-03,2025-05-04,90,71114.2,0.0,71114.2,,118,28,Overdue,0.01,0.0
VND-011,SteelBuild Co,Materials,South,INV-0374,2025-05-09,2025-07-08,60,62901.34,0.0,62901.34,,23,0,Pending,0.025,0.0
VND-011,SteelBuild Co,Materials,South,INV-0375,2025-04-23,2025-05-08,15,34575.79,34575.79,0.0,2025-05-03,39,24,Paid,0.01,345.76
VND-011,SteelBuild Co,Materials,South,INV-0376,2025-04-07,2025-04-22,15,24294.81,0.0,24294.81,,55,40,Overdue,0.025,0.0
VND-011,SteelBuild Co,Materials,South,INV-0377,2025-04-12,2025-04-27,15,40381.95,0.0,40381.95,,50,35,Overdue,0.01,0.0
VND-011,SteelBuild Co,Materials,South,INV-0378,2025-04-28,2025-06-27,60,32804.89,0.0,32804.89,,34,0,Pending,0.0,0.0
VND-011,SteelBuild Co,Materials,South,INV-0379,2025-05-05,2025-07-04,60,7077.2,0.0,7077.2,,27,0,Pending,0.025,0.0
VND-011,SteelBuild Co,Materials,South,INV-0380,2025-03-21,2025-06-19,90,76910.84,0.0,76910.84,,72,0,Pending,0.02,0.0
VND-011,SteelBuild Co,Materials,South,INV-0381,2025-01-15,2025-04-15,90,63294.65,47998.04,15296.61,2025-03-08,137,47,Partial,0.025,0.0
VND-011,SteelBuild Co,Materials,South,INV-0382,2025-05-01,2025-05-31,30,37435.5,37435.5,0.0,2025-05-20,31,1,Paid,0.0,0.0
VND-012,DataCenter Pro,IT,East,INV-0383,2025-03-12,2025-05-11,60,77769.41,77769.41,0.0,2025-05-07,81,21,Paid,0.01,0.0
VND-012,DataCenter Pro,IT,East,INV-0384,2025-01-12,2025-03-13,60,37919.52,37919.52,0.0,2025-01-29,140,80,Paid,0.02,758.39
VND-012,DataCenter Pro,IT,East,INV-0385,2025-03-25,2025-04-09,15,32782.72,32782.72,0.0,2025-04-30,68,53,Paid,0.0,0.0
VND-012,DataCenter Pro,IT,East,INV-0386,2024-12-06,2025-01-05,30,31558.56,31558.56,0.0,2025-01-20,177,147,Paid,0.0,0.0
VND-012,DataCenter Pro,IT,East,INV-0387,2025-02-12,2025-05-13,90,73683.71,73683.71,0.0,2025-05-15,109,19,Paid,0.02,0.0
VND-012,DataCenter Pro,IT,East,INV-0388,2025-01-04,2025-02-03,30,38208.52,38208.52,0.0,2025-01-20,148,118,Paid,0.01,382.09
VND-012,DataCenter Pro,IT,East,INV-0389,2024-12-26,2025-01-25,30,11159.9,11159.9,0.0,2025-02-05,157,127,Paid,0.02,0.0
VND-012,DataCenter Pro,IT,East,INV-0390,2025-05-14,2025-07-13,60,45068.56,0.0,45068.56,,18,0,Pending,0.02,0.0
VND-012,DataCenter Pro,IT,East,INV-0391,2025-04-18,2025-06-17,60,52538.98,0.0,52538.98,,44,0,Pending,0.01,0.0
VND-012,DataCenter Pro,IT,East,INV-0392,2025-03-19,2025-06-17,90,35256.98,0.0,35256.98,,74,0,Pending,0.0,0.0
VND-012,DataCenter Pro,IT,East,INV-0393,2025-01-23,2025-04-23,90,63253.79,63253.79,0.0,2025-03-01,129,39,Paid,0.01,632.54
VND-012,DataCenter Pro,IT,East,INV-0394,2025-01-13,2025-04-13,90,74339.27,0.0,74339.27,,139,49,Overdue,0.01,0.0
VND-012,DataCenter Pro,IT,East,INV-0395,2025-02-11,2025-02-26,15,40033.02,40033.02,0.0,2025-02-27,110,95,Paid,0.01,0.0
VND-012,DataCenter Pro,IT,East,INV-0396,2025-01-04,2025-02-03,30,4727.08,4727.08,0.0,2025-03-02,148,118,Paid,0.0,0.0
VND-012,DataCenter Pro,IT,East,INV-0397,2025-05-01,2025-06-30,60,67735.4,0.0,67735.4,,31,0,Pending,0.025,0.0
VND-012,DataCenter Pro,IT,East,INV-0398,2025-02-02,2025-02-17,15,5990.64,5990.64,0.0,2025-02-10,119,104,Paid,0.0,0.0
VND-012,DataCenter Pro,IT,East,INV-0399,2025-03-19,2025-05-18,60,62175.72,62175.72,0.0,2025-04-04,74,14,Paid,0.02,1243.51
VND-012,DataCenter Pro,IT,East,INV-0400,2024-12-06,2025-03-06,90,33959.1,33959.1,0.0,2025-03-08,177,87,Paid,0.02,0.0
VND-012,DataCenter Pro,IT,East,INV-0401,2025-05-14,2025-08-12,90,23462.54,0.0,23462.54,,18,0,Pending,0.025,0.0
VND-012,DataCenter Pro,IT,East,INV-0402,2025-05-05,2025-07-04,60,50451.25,0.0,50451.25,,27,0,Pending,0.01,0.0
VND-012,DataCenter Pro,IT,East,INV-0403,2025-05-25,2025-08-23,90,57476.87,0.0,57476.87,,7,0,Pending,0.0,0.0
VND-012,DataCenter Pro,IT,East,INV-0404,2025-03-31,2025-05-30,60,43002.47,43002.47,0.0,2025-06-11,62,2,Paid,0.02,0.0
VND-012,DataCenter Pro,IT,East,INV-0405,2025-01-26,2025-02-10,15,60408.21,60408.21,0.0,2025-02-15,126,111,Paid,0.01,0.0
VND-012,DataCenter Pro,IT,East,INV-0406,2025-05-04,2025-06-18,45,6936.45,0.0,6936.45,,28,0,Pending,0.025,0.0
VND-012,DataCenter Pro,IT,East,INV-0407,2025-01-11,2025-02-25,45,29242.62,18884.6,10358.02,2025-04-24,141,96,Partial,0.01,0.0
VND-012,DataCenter Pro,IT,East,INV-0408,2025-03-12,2025-04-11,30,79094.07,79094.07,0.0,2025-04-17,81,51,Paid,0.01,0.0
VND-012,DataCenter Pro,IT,East,INV-0409,2025-05-22,2025-07-21,60,5375.58,0.0,5375.58,,10,0,Pending,0.0,0.0
VND-013,FreightKing,Logistics,North,INV-0410,2024-12-08,2025-01-07,30,52646.82,0.0,52646.82,,175,145,Overdue,0.0,0.0
VND-013,FreightKing,Logistics,North,INV-0411,2025-01-12,2025-03-13,60,48758.02,48758.02,0.0,2025-03-06,140,80,Paid,0.02,975.16
VND-013,FreightKing,Logistics,North,INV-0412,2025-04-06,2025-04-21,15,41418.67,0.0,41418.67,,56,41,Overdue,0.02,0.0
VND-013,FreightKing,Logistics,North,INV-0413,2025-03-12,2025-04-11,30,63410.33,63410.33,0.0,2025-03-31,81,51,Paid,0.025,1585.26
VND-013,FreightKing,Logistics,North,INV-0414,2025-04-22,2025-06-21,60,44933.35,0.0,44933.35,,40,0,Pending,0.0,0.0
VND-013,FreightKing,Logistics,North,INV-0415,2024-12-14,2025-01-13,30,70246.97,70246.97,0.0,2024-12-24,169,139,Paid,0.0,0.0
VND-013,FreightKing,Logistics,North,INV-0416,2025-03-09,2025-04-08,30,66400.58,66400.58,0.0,2025-03-29,84,54,Paid,0.0,0.0
VND-013,FreightKing,Logistics,North,INV-0417,2025-01-30,2025-03-16,45,79060.76,79060.76,0.0,2025-02-05,122,77,Paid,0.025,1976.52
VND-013,FreightKing,Logistics,North,INV-0418,2025-04-10,2025-07-09,90,46746.65,0.0,46746.65,,52,0,Pending,0.0,0.0
VND-013,FreightKing,Logistics,North,INV-0419,2025-05-26,2025-06-10,15,6126.69,0.0,6126.69,,6,0,Pending,0.02,0.0
VND-013,FreightKing,Logistics,North,INV-0420,2025-01-01,2025-01-16,15,78727.74,0.0,78727.74,,151,136,Overdue,0.0,0.0
VND-013,FreightKing,Logistics,North,INV-0421,2025-02-13,2025-03-15,30,21653.54,21653.54,0.0,2025-02-13,108,78,Paid,0.0,0.0
VND-013,FreightKing,Logistics,North,INV-0422,2025-02-23,2025-05-24,90,11689.69,11689.69,0.0,2025-06-22,98,8,Paid,0.025,0.0
VND-013,FreightKing,Logistics,North,INV-0423,2025-02-10,2025-03-12,30,25941.35,25941.35,0.0,2025-04-03,111,81,Paid,0.01,0.0
VND-013,FreightKing,Logistics,North,INV-0424,2025-01-31,2025-03-02,30,5994.34,0.0,5994.34,,121,91,Overdue,0.0,0.0
VND-013,FreightKing,Logistics,North,INV-0425,2025-03-12,2025-04-11,30,50004.39,0.0,50004.39,,81,51,Overdue,0.02,0.0
VND-013,FreightKing,Logistics,North,INV-0426,2025-05-10,2025-06-24,45,42463.1,0.0,42463.1,,22,0,Pending,0.01,0.0
VND-013,FreightKing,Logistics,North,INV-0427,2025-01-04,2025-02-03,30,24020.54,24020.54,0.0,2025-01-26,148,118,Paid,0.0,0.0
VND-013,FreightKing,Logistics,North,INV-0428,2025-01-04,2025-03-05,60,63153.2,63153.2,0.0,2025-03-08,148,88,Paid,0.0,0.0
VND-013,FreightKing,Logistics,North,INV-0429,2024-12-24,2025-01-23,30,22657.69,22657.69,0.0,2025-02-11,159,129,Paid,0.025,0.0
VND-013,FreightKing,Logistics,North,INV-0430,2025-05-11,2025-06-25,45,50338.65,0.0,50338.65,,21,0,Pending,0.01,0.0
VND-013,FreightKing,Logistics,North,INV-0431,2024-12-16,2025-03-16,90,47719.33,47719.33,0.0,2025-03-21,167,77,Paid,0.025,0.0
VND-013,FreightKing,Logistics,North,INV-0432,2025-02-01,2025-03-03,30,35859.0,35859.0,0.0,2025-02-09,120,90,Paid,0.02,717.18
VND-013,FreightKing,Logistics,North,INV-0433,2025-04-11,2025-04-26,15,69201.96,0.0,69201.96,,51,36,Overdue,0.02,0.0
VND-013,FreightKing,Logistics,North,INV-0434,2025-02-10,2025-05-11,90,26706.47,26706.47,0.0,2025-06-09,111,21,Paid,0.01,0.0
VND-013,FreightKing,Logistics,North,INV-0435,2025-05-10,2025-07-09,60,11462.99,0.0,11462.99,,22,0,Pending,0.01,0.0
VND-013,FreightKing,Logistics,North,INV-0436,2025-03-05,2025-05-04,60,65111.3,65111.3,0.0,2025-04-16,88,28,Paid,0.025,1627.78
VND-013,FreightKing,Logistics,North,INV-0437,2025-01-28,2025-02-27,30,18765.45,4211.33,14554.12,2025-03-01,124,94,Partial,0.02,0.0
VND-013,FreightKing,Logistics,North,INV-0438,2025-02-05,2025-04-06,60,43514.54,43514.54,0.0,2025-04-26,116,56,Paid,0.0,0.0
VND-013,FreightKing,Logistics,North,INV-0439,2025-04-08,2025-05-23,45,62963.19,62963.19,0.0,2025-06-13,54,9,Paid,0.0,0.0
VND-013,FreightKing,Logistics,North,INV-0440,2025-05-11,2025-06-10,30,51386.1,0.0,51386.1,,21,0,Pending,0.025,0.0
VND-013,FreightKing,Logistics,North,INV-0441,2025-05-24,2025-08-22,90,9507.23,0.0,9507.23,,8,0,Pending,0.02,0.0
VND-013,FreightKing,Logistics,North,INV-0442,2025-05-06,2025-08-04,90,24551.34,0.0,24551.34,,26,0,Pending,0.025,0.0
VND-013,FreightKing,Logistics,North,INV-0443,2024-12-06,2025-01-20,45,40717.13,40717.13,0.0,2025-01-08,177,132,Paid,0.0,0.0
VND-013,FreightKing,Logistics,North,INV-0444,2024-12-14,2025-02-12,60,25862.72,25862.72,0.0,2025-02-06,169,109,Paid,0.02,517.25
VND-014,FacilityPro,Services,North,INV-0445,2024-12-03,2025-03-03,90,18173.24,18173.24,0.0,2024-12-06,180,90,Paid,0.02,363.46
VND-014,FacilityPro,Services,North,INV-0446,2025-01-09,2025-03-10,60,1598.87,1229.86,369.01,2025-02-19,143,83,Partial,0.0,0.0
VND-014,FacilityPro,Services,North,INV-0447,2025-05-25,2025-07-09,45,25618.99,0.0,25618.99,,7,0,Pending,0.025,0.0
VND-014,FacilityPro,Services,North,INV-0448,2025-02-09,2025-02-24,15,2399.44,2399.44,0.0,2025-02-15,112,97,Paid,0.025,59.99
VND-014,FacilityPro,Services,North,INV-0449,2025-03-28,2025-04-12,15,64005.7,64005.7,0.0,2025-04-17,65,50,Paid,0.02,0.0
VND-014,FacilityPro,Services,North,INV-0450,2025-04-27,2025-05-12,15,64291.57,64291.57,0.0,2025-05-03,35,20,Paid,0.02,1285.83
VND-014,FacilityPro,Services,North,INV-0451,2025-03-21,2025-06-19,90,34562.31,0.0,34562.31,,72,0,Pending,0.025,0.0
VND-014,FacilityPro,Services,North,INV-0452,2025-04-11,2025-05-11,30,55034.65,55034.65,0.0,2025-05-31,51,21,Paid,0.02,0.0
VND-014,FacilityPro,Services,North,INV-0453,2025-02-04,2025-04-05,60,72171.74,72171.74,0.0,2025-04-06,117,57,Paid,0.02,0.0
VND-014,FacilityPro,Services,North,INV-0454,2025-01-25,2025-02-24,30,37108.95,37108.95,0.0,2025-02-16,127,97,Paid,0.0,0.0
VND-014,FacilityPro,Services,North,INV-0455,2025-01-11,2025-01-26,15,4441.02,4441.02,0.0,2025-02-03,141,126,Paid,0.025,0.0
VND-014,FacilityPro,Services,North,INV-0456,2024-12-03,2025-02-01,60,24755.6,24755.6,0.0,2025-02-09,180,120,Paid,0.0,0.0
VND-014,FacilityPro,Services,North,INV-0457,2025-04-17,2025-05-17,30,28839.05,28839.05,0.0,2025-05-04,45,15,Paid,0.02,576.78
VND-014,FacilityPro,Services,North,INV-0458,2025-03-13,2025-04-27,45,29550.17,29550.17,0.0,2025-05-23,80,35,Paid,0.025,0.0
VND-014,FacilityPro,Services,North,INV-0459,2025-01-14,2025-02-28,45,71334.52,71334.52,0.0,2025-03-15,138,93,Paid,0.0,0.0
VND-014,FacilityPro,Services,North,INV-0460,2025-01-20,2025-03-21,60,30727.67,0.0,30727.67,,132,72,Overdue,0.02,0.0
VND-014,FacilityPro,Services,North,INV-0461,2025-05-11,2025-07-10,60,23019.39,0.0,23019.39,,21,0,Pending,0.02,0.0
VND-014,FacilityPro,Services,North,INV-0462,2025-02-17,2025-05-18,90,33625.64,10234.97,23390.67,2025-03-28,104,14,Partial,0.02,0.0
VND-014,FacilityPro,Services,North,INV-0463,2024-12-29,2025-02-27,60,22620.74,22620.74,0.0,2025-01-05,154,94,Paid,0.02,452.41
VND-014,FacilityPro,Services,North,INV-0464,2025-03-25,2025-04-24,30,62477.33,39509.17,22968.16,2025-05-20,68,38,Partial,0.025,0.0
VND-014,FacilityPro,Services,North,INV-0465,2025-02-20,2025-04-21,60,22990.66,10175.29,12815.37,2025-03-23,101,41,Partial,0.01,0.0
VND-014,FacilityPro,Services,North,INV-0466,2025-04-18,2025-05-03,15,49451.04,49451.04,0.0,2025-04-21,44,29,Paid,0.025,1236.28
VND-014,FacilityPro,Services,North,INV-0467,2024-12-23,2025-01-22,30,51868.83,0.0,51868.83,,160,130,Overdue,0.02,0.0
VND-014,FacilityPro,Services,North,INV-0468,2025-02-08,2025-05-09,90,5115.17,5115.17,0.0,2025-05-31,113,23,Paid,0.0,0.0
VND-014,FacilityPro,Services,North,INV-0469,2025-03-07,2025-06-05,90,58767.8,0.0,58767.8,,86,0,Pending,0.01,0.0
VND-014,FacilityPro,Services,North,INV-0470,2025-02-04,2025-04-05,60,17166.3,17166.3,0.0,2025-02-25,117,57,Paid,0.01,171.66
VND-014,FacilityPro,Services,North,INV-0471,2025-05-04,2025-08-02,90,6834.32,0.0,6834.32,,28,0,Pending,0.0,0.0
VND-014,FacilityPro,Services,North,INV-0472,2025-02-07,2025-03-09,30,48294.74,48294.74,0.0,2025-03-18,114,84,Paid,0.025,0.0
VND-014,FacilityPro,Services,North,INV-0473,2025-04-30,2025-05-15,15,27771.8,27771.8,0.0,2025-05-08,32,17,Paid,0.0,0.0
VND-014,FacilityPro,Services,North,INV-0474,2025-04-16,2025-06-15,60,55453.78,0.0,55453.78,,46,0,Pending,0.025,0.0
VND-014,FacilityPro,Services,North,INV-0475,2025-01-20,2025-04-20,90,13151.82,0.0,13151.82,,132,42,Overdue,0.025,0.0
VND-014,FacilityPro,Services,North,INV-0476,2025-04-28,2025-05-28,30,41799.28,41799.28,0.0,2025-05-07,34,4,Paid,0.025,1044.98
VND-015,PowerGrid SA,Utilities,North,INV-0477,2025-01-29,2025-03-30,60,68290.78,68290.78,0.0,2025-04-11,123,63,Paid,0.0,0.0
VND-015,PowerGrid SA,Utilities,North,INV-0478,2025-05-16,2025-07-15,60,45232.16,0.0,45232.16,,16,0,Pending,0.025,0.0
VND-015,PowerGrid SA,Utilities,North,INV-0479,2025-03-27,2025-06-25,90,27267.07,0.0,27267.07,,66,0,Pending,0.025,0.0
VND-015,PowerGrid SA,Utilities,North,INV-0480,2024-12-20,2025-03-20,90,23866.24,23866.24,0.0,2025-01-02,163,73,Paid,0.01,238.66
VND-015,PowerGrid SA,Utilities,North,INV-0481,2025-04-30,2025-05-30,30,76629.58,0.0,76629.58,,32,2,Overdue,0.02,0.0
VND-015,PowerGrid SA,Utilities,North,INV-0482,2024-12-31,2025-01-30,30,25811.93,25811.93,0.0,2025-01-16,152,122,Paid,0.0,0.0
VND-015,PowerGrid SA,Utilities,North,INV-0483,2025-04-23,2025-07-22,90,61550.42,0.0,61550.42,,39,0,Pending,0.02,0.0
VND-015,PowerGrid SA,Utilities,North,INV-0484,2025-04-23,2025-07-22,90,23614.12,0.0,23614.12,,39,0,Pending,0.02,0.0
VND-015,PowerGrid SA,Utilities,North,INV-0485,2025-02-18,2025-04-04,45,1724.93,1330.31,394.62,2025-03-29,103,58,Partial,0.01,0.0
VND-015,PowerGrid SA,Utilities,North,INV-0486,2025-05-23,2025-07-07,45,1690.26,0.0,1690.26,,9,0,Pending,0.025,0.0
VND-015,PowerGrid SA,Utilities,North,INV-0487,2025-04-30,2025-06-14,45,57643.73,0.0,57643.73,,32,0,Pending,0.02,0.0
VND-015,PowerGrid SA,Utilities,North,INV-0488,2025-03-01,2025-03-16,15,43194.28,43194.28,0.0,2025-03-06,92,77,Paid,0.0,0.0
VND-015,PowerGrid SA,Utilities,North,INV-0489,2025-05-18,2025-08-16,90,3689.99,0.0,3689.99,,14,0,Pending,0.01,0.0
VND-015,PowerGrid SA,Utilities,North,INV-0490,2025-03-14,2025-04-28,45,15961.54,15961.54,0.0,2025-05-02,79,34,Paid,0.02,0.0
VND-015,PowerGrid SA,Utilities,North,INV-0491,2025-03-18,2025-04-17,30,6858.65,6858.65,0.0,2025-05-15,75,45,Paid,0.02,0.0
VND-015,PowerGrid SA,Utilities,North,INV-0492,2025-04-14,2025-07-13,90,73166.26,0.0,73166.26,,48,0,Pending,0.025,0.0
VND-015,PowerGrid SA,Utilities,North,INV-0493,2025-04-30,2025-07-29,90,42474.16,0.0,42474.16,,32,0,Pending,0.02,0.0
VND-015,PowerGrid SA,Utilities,North,INV-0494,2025-04-14,2025-07-13,90,57588.18,0.0,57588.18,,48,0,Pending,0.025,0.0
VND-015,PowerGrid SA,Utilities,North,INV-0495,2025-03-04,2025-05-03,60,44196.99,44196.99,0.0,2025-05-06,89,29,Paid,0.01,0.0
VND-015,PowerGrid SA,Utilities,North,INV-0496,2024-12-14,2025-03-14,90,29956.56,29956.56,0.0,2025-02-05,169,79,Paid,0.0,0.0
VND-015,PowerGrid SA,Utilities,North,INV-0497,2025-01-16,2025-02-15,30,47490.39,47490.39,0.0,2025-01-24,136,106,Paid,0.02,949.81
VND-015,PowerGrid SA,Utilities,North,INV-0498,2025-05-19,2025-07-18,60,66279.36,0.0,66279.36,,13,0,Pending,0.025,0.0
VND-015,PowerGrid SA,Utilities,North,INV-0499,2025-01-17,2025-03-03,45,33610.93,12019.08,21591.85,2025-05-04,135,90,Partial,0.025,0.0
VND-015,PowerGrid SA,Utilities,North,INV-0500,2025-04-19,2025-06-18,60,9872.34,0.0,9872.34,,43,0,Pending,0.0,0.0
VND-015,PowerGrid SA,Utilities,North,INV-0501,2025-02-04,2025-04-05,60,12187.61,0.0,12187.61,,117,57,Overdue,0.02,0.0
VND-015,PowerGrid SA,Utilities,North,INV-0502,2025-05-09,2025-06-08,30,56637.05,0.0,56637.05,,23,0,Pending,0.01,0.0
VND-015,PowerGrid SA,Utilities,North,INV-0503,2025-01-19,2025-03-05,45,35746.59,35746.59,0.0,2025-03-15,133,88,Paid,0.025,0.0
VND-015,PowerGrid SA,Utilities,North,INV-0504,2024-12-31,2025-03-01,60,60118.22,39724.07,20394.15,2025-02-26,152,92,Partial,0.02,0.0
VND-015,PowerGrid SA,Utilities,North,INV-0505,2025-01-11,2025-03-12,60,18944.43,18944.43,0.0,2025-03-16,141,81,Paid,0.025,0.0
VND-015,PowerGrid SA,Utilities,North,INV-0506,2025-04-16,2025-06-15,60,35170.78,0.0,35170.78,,46,0,Pending,0.02,0.0
VND-015,PowerGrid SA,Utilities,North,INV-0507,2025-04-04,2025-05-19,45,58316.86,58316.86,0.0,2025-06-06,58,13,Paid,0.01,0.0
VND-015,PowerGrid SA,Utilities,North,INV-0508,2025-02-12,2025-02-27,15,18272.82,18272.82,0.0,2025-02-18,109,94,Paid,0.0,0.0
VND-015,PowerGrid SA,Utilities,North,INV-0509,2024-12-16,2025-01-15,30,35184.6,11827.4,23357.2,2025-02-20,167,137,Partial,0.025,0.0
VND-015,PowerGrid SA,Utilities,North,INV-0510,2025-01-23,2025-02-07,15,32296.9,23079.01,9217.89,2025-05-28,129,114,Partial,0.0,0.0
VND-015,PowerGrid SA,Utilities,North,INV-0511,2025-05-20,2025-06-19,30,42513.62,0.0,42513.62,,12,0,Pending,0.02,0.0
VND-015,PowerGrid SA,Utilities,North,INV-0512,2025-03-05,2025-06-03,90,71387.8,0.0,71387.8,,88,0,Pending,0.0,0.0
VND-015,PowerGrid SA,Utilities,North,INV-0513,2025-02-15,2025-03-17,30,17911.03,17911.03,0.0,2025-03-19,106,76,Paid,0.02,0.0
VND-015,PowerGrid SA,Utilities,North,INV-0514,2025-03-12,2025-04-11,30,79828.72,79828.72,0.0,2025-03-23,81,51,Paid,0.0,0.0
VND-016,MetalWorks Corp,Materials,East,INV-0515,2024-12-27,2025-03-27,90,10660.83,8219.95,2440.88,2025-01-27,156,66,Partial,0.0,0.0
VND-016,MetalWorks Corp,Materials,East,INV-0516,2025-04-28,2025-05-13,15,60297.89,0.0,60297.89,,34,19,Overdue,0.0,0.0
VND-016,MetalWorks Corp,Materials,East,INV-0517,2025-03-09,2025-05-08,60,41191.98,41191.98,0.0,2025-03-13,84,24,Paid,0.01,411.92
VND-016,MetalWorks Corp,Materials,East,INV-0518,2025-01-26,2025-04-26,90,37009.88,37009.88,0.0,2025-02-02,126,36,Paid,0.0,0.0
VND-016,MetalWorks Corp,Materials,East,INV-0519,2025-03-18,2025-04-17,30,21670.8,10949.92,10720.88,2025-05-29,75,45,Partial,0.0,0.0
VND-016,MetalWorks Corp,Materials,East,INV-0520,2024-12-25,2025-01-09,15,26883.39,26883.39,0.0,2024-12-26,158,143,Paid,0.025,672.08
VND-016,MetalWorks Corp,Materials,East,INV-0521,2025-01-26,2025-03-27,60,51284.06,51284.06,0.0,2025-03-04,126,66,Paid,0.02,1025.68
VND-016,MetalWorks Corp,Materials,East,INV-0522,2025-03-22,2025-04-06,15,13253.32,3925.8,9327.52,2025-05-25,71,56,Partial,0.02,0.0
VND-016,MetalWorks Corp,Materials,East,INV-0523,2025-05-11,2025-05-26,15,36172.68,36172.68,0.0,2025-06-10,21,6,Paid,0.01,0.0
VND-016,MetalWorks Corp,Materials,East,INV-0524,2024-12-08,2025-01-07,30,55070.52,55070.52,0.0,2025-01-11,175,145,Paid,0.02,0.0
VND-016,MetalWorks Corp,Materials,East,INV-0525,2025-04-19,2025-07-18,90,20019.28,0.0,20019.28,,43,0,Pending,0.0,0.0
VND-016,MetalWorks Corp,Materials,East,INV-0526,2025-02-10,2025-05-11,90,60544.74,60544.74,0.0,2025-02-17,111,21,Paid,0.025,1513.62
VND-016,MetalWorks Corp,Materials,East,INV-0527,2025-01-16,2025-03-17,60,57875.57,57875.57,0.0,2025-03-04,136,76,Paid,0.025,1446.89
VND-016,MetalWorks Corp,Materials,East,INV-0528,2025-04-06,2025-07-05,90,12044.05,0.0,12044.05,,56,0,Pending,0.025,0.0
VND-016,MetalWorks Corp,Materials,East,INV-0529,2025-03-21,2025-04-20,30,40284.65,40284.65,0.0,2025-04-19,72,42,Paid,0.0,0.0
VND-016,MetalWorks Corp,Materials,East,INV-0530,2024-12-16,2025-03-16,90,45393.11,0.0,45393.11,,167,77,Overdue,0.0,0.0
VND-016,MetalWorks Corp,Materials,East,INV-0531,2025-03-29,2025-05-13,45,32522.61,32522.61,0.0,2025-04-01,64,19,Paid,0.01,325.23
VND-016,MetalWorks Corp,Materials,East,INV-0532,2025-02-23,2025-03-25,30,25726.13,25726.13,0.0,2025-02-28,98,68,Paid,0.02,514.52
VND-016,MetalWorks Corp,Materials,East,INV-0533,2024-12-20,2025-02-18,60,79751.11,79751.11,0.0,2025-03-18,163,103,Paid,0.02,0.0
VND-016,MetalWorks Corp,Materials,East,INV-0534,2025-03-04,2025-06-02,90,17743.97,0.0,17743.97,,89,0,Pending,0.025,0.0
VND-016,MetalWorks Corp,Materials,East,INV-0535,2025-05-04,2025-08-02,90,78068.13,0.0,78068.13,,28,0,Pending,0.01,0.0
VND-016,MetalWorks Corp,Materials,East,INV-0536,2025-02-17,2025-03-04,15,26042.47,15952.05,10090.42,2025-03-29,104,89,Partial,0.02,0.0
VND-016,MetalWorks Corp,Materials,East,INV-0537,2025-03-24,2025-05-23,60,74434.77,74434.77,0.0,2025-03-30,69,9,Paid,0.02,1488.7
VND-016,MetalWorks Corp,Materials,East,INV-0538,2025-04-13,2025-05-28,45,21884.11,21884.11,0.0,2025-06-13,49,4,Paid,0.02,0.0
VND-016,MetalWorks Corp,Materials,East,INV-0539,2025-03-29,2025-05-13,45,62057.98,62057.98,0.0,2025-04-21,64,19,Paid,0.02,1241.16
VND-016,MetalWorks Corp,Materials,East,INV-0540,2025-01-23,2025-02-22,30,50405.91,50405.91,0.0,2025-02-18,129,99,Paid,0.025,0.0
VND-016,MetalWorks Corp,Materials,East,INV-0541,2025-03-14,2025-04-28,45,7504.65,7504.65,0.0,2025-03-16,79,34,Paid,0.025,187.62
VND-016,MetalWorks Corp,Materials,East,INV-0542,2025-01-26,2025-03-12,45,45493.06,14041.58,31451.48,2025-03-29,126,81,Partial,0.01,0.0
VND-016,MetalWorks Corp,Materials,East,INV-0543,2025-05-19,2025-08-17,90,16456.98,0.0,16456.98,,13,0,Pending,0.025,0.0
VND-016,MetalWorks Corp,Materials,East,INV-0544,2025-05-25,2025-08-23,90,35058.45,0.0,35058.45,,7,0,Pending,0.0,0.0
VND-016,MetalWorks Corp,Materials,East,INV-0545,2024-12-20,2025-01-19,30,30099.63,30099.63,0.0,2025-01-24,163,133,Paid,0.02,0.0
VND-016,MetalWorks Corp,Materials,East,INV-0546,2025-04-23,2025-06-22,60,14262.38,0.0,14262.38,,39,0,Pending,0.0,0.0
VND-016,MetalWorks Corp,Materials,East,INV-0547,2025-05-25,2025-07-24,60,73290.16,0.0,73290.16,,7,0,Pending,0.0,0.0
VND-016,MetalWorks Corp,Materials,East,INV-0548,2025-02-27,2025-04-28,60,42145.72,17158.62,24987.1,2025-03-27,94,34,Partial,0.025,0.0
VND-016,MetalWorks Corp,Materials,East,INV-0549,2024-12-16,2025-02-14,60,49179.26,5368.67,43810.59,2025-01-14,167,107,Partial,0.0,0.0
VND-016,MetalWorks Corp,Materials,East,INV-0550,2025-02-18,2025-04-04,45,59754.15,0.0,59754.15,,103,58,Overdue,0.025,0.0
VND-016,MetalWorks Corp,Materials,East,INV-0551,2025-04-10,2025-06-09,60,2104.3,0.0,2104.3,,52,0,Pending,0.025,0.0
VND-016,MetalWorks Corp,Materials,East,INV-0552,2025-04-03,2025-04-18,15,21019.43,21019.43,0.0,2025-04-16,59,44,Paid,0.01,0.0
VND-016,MetalWorks Corp,Materials,East,INV-0553,2025-03-30,2025-06-28,90,45468.34,0.0,45468.34,,63,0,Pending,0.0,0.0
VND-016,MetalWorks Corp,Materials,East,INV-0554,2024-12-13,2024-12-28,15,71987.87,71987.87,0.0,2024-12-22,170,155,Paid,0.01,719.88
VND-016,MetalWorks Corp,Materials,East,INV-0555,2024-12-10,2025-01-24,45,69254.25,69254.25,0.0,2025-01-30,173,128,Paid,0.01,0.0
VND-016,MetalWorks Corp,Materials,East,INV-0556,2025-03-01,2025-03-31,30,59409.77,59409.77,0.0,2025-03-17,92,62,Paid,0.0,0.0
VND-016,MetalWorks Corp,Materials,East,INV-0557,2025-01-08,2025-02-22,45,34149.25,34149.25,0.0,2025-02-24,144,99,Paid,0.02,0.0
VND-017,NetSystems Ltd,IT,North,INV-0558,2024-12-29,2025-01-28,30,31864.44,31864.44,0.0,2025-01-21,154,124,Paid,0.0,0.0
VND-017,NetSystems Ltd,IT,North,INV-0559,2024-12-09,2025-03-09,90,71864.03,40604.99,31259.04,2025-01-15,174,84,Partial,0.01,0.0
VND-017,NetSystems Ltd,IT,North,INV-0560,2025-03-31,2025-05-30,60,22723.78,8071.9,14651.88,2025-04-17,62,2,Partial,0.0,0.0
VND-017,NetSystems Ltd,IT,North,INV-0561,2025-04-14,2025-06-13,60,56932.2,0.0,56932.2,,48,0,Pending,0.01,0.0
VND-017,NetSystems Ltd,IT,North,INV-0562,2025-03-26,2025-04-25,30,5740.69,5740.69,0.0,2025-05-06,67,37,Paid,0.02,0.0
VND-017,NetSystems Ltd,IT,North,INV-0563,2025-05-12,2025-08-10,90,76792.93,0.0,76792.93,,20,0,Pending,0.01,0.0
VND-017,NetSystems Ltd,IT,North,INV-0564,2025-01-23,2025-03-24,60,29654.71,29654.71,0.0,2025-03-02,129,69,Paid,0.02,593.09
VND-017,NetSystems Ltd,IT,North,INV-0565,2025-02-21,2025-03-08,15,71549.7,71549.7,0.0,2025-03-23,100,85,Paid,0.01,0.0
VND-017,NetSystems Ltd,IT,North,INV-0566,2025-02-01,2025-04-02,60,38978.93,0.0,38978.93,,120,60,Overdue,0.01,0.0
VND-017,NetSystems Ltd,IT,North,INV-0567,2024-12-09,2025-03-09,90,77363.98,45757.81,31606.17,2025-01-21,174,84,Partial,0.01,0.0
VND-017,NetSystems Ltd,IT,North,INV-0568,2025-05-12,2025-08-10,90,2783.17,0.0,2783.17,,20,0,Pending,0.01,0.0
VND-017,NetSystems Ltd,IT,North,INV-0569,2025-01-11,2025-03-12,60,21971.75,0.0,21971.75,,141,81,Overdue,0.01,0.0
VND-017,NetSystems Ltd,IT,North,INV-0570,2025-01-28,2025-04-28,90,39229.08,0.0,39229.08,,124,34,Overdue,0.025,0.0
VND-017,NetSystems Ltd,IT,North,INV-0571,2025-04-13,2025-05-28,45,2578.86,535.83,2043.03,2025-05-26,49,4,Partial,0.025,0.0
VND-017,NetSystems Ltd,IT,North,INV-0572,2024-12-30,2025-01-29,30,27292.24,0.0,27292.24,,153,123,Overdue,0.02,0.0
VND-017,NetSystems Ltd,IT,North,INV-0573,2025-05-25,2025-08-23,90,62854.43,0.0,62854.43,,7,0,Pending,0.025,0.0
VND-017,NetSystems Ltd,IT,North,INV-0574,2025-02-27,2025-04-13,45,42115.06,42115.06,0.0,2025-05-12,94,49,Paid,0.01,0.0
VND-017,NetSystems Ltd,IT,North,INV-0575,2025-02-19,2025-03-06,15,3063.13,3063.13,0.0,2025-03-20,102,87,Paid,0.0,0.0
VND-017,NetSystems Ltd,IT,North,INV-0576,2025-03-06,2025-03-21,15,70337.66,70337.66,0.0,2025-03-31,87,72,Paid,0.01,0.0
VND-017,NetSystems Ltd,IT,North,INV-0577,2025-04-13,2025-05-13,30,51727.11,51727.11,0.0,2025-04-16,49,19,Paid,0.025,1293.18
VND-017,NetSystems Ltd,IT,North,INV-0578,2025-03-15,2025-05-14,60,72059.53,72059.53,0.0,2025-04-30,78,18,Paid,0.02,1441.19
VND-017,NetSystems Ltd,IT,North,INV-0579,2025-05-07,2025-06-06,30,6746.35,0.0,6746.35,,25,0,Pending,0.025,0.0
VND-017,NetSystems Ltd,IT,North,INV-0580,2025-05-24,2025-08-22,90,59263.28,0.0,59263.28,,8,0,Pending,0.0,0.0
VND-017,NetSystems Ltd,IT,North,INV-0581,2025-02-13,2025-02-28,15,20263.8,20263.8,0.0,2025-02-15,108,93,Paid,0.01,202.64
VND-017,NetSystems Ltd,IT,North,INV-0582,2025-01-26,2025-02-10,15,61149.99,61149.99,0.0,2025-01-28,126,111,Paid,0.0,0.0
VND-017,NetSystems Ltd,IT,North,INV-0583,2025-04-08,2025-06-07,60,65427.32,0.0,65427.32,,54,0,Pending,0.02,0.0
VND-017,NetSystems Ltd,IT,North,INV-0584,2025-02-27,2025-03-14,15,29603.84,29603.84,0.0,2025-03-06,94,79,Paid,0.02,592.08
VND-017,NetSystems Ltd,IT,North,INV-0585,2025-03-01,2025-04-30,60,62248.11,62248.11,0.0,2025-04-25,92,32,Paid,0.0,0.0
VND-017,NetSystems Ltd,IT,North,INV-0586,2025-04-06,2025-05-06,30,11004.07,0.0,11004.07,,56,26,Overdue,0.02,0.0
VND-017,NetSystems Ltd,IT,North,INV-0587,2025-01-13,2025-04-13,90,32632.71,32632.71,0.0,2025-04-29,139,49,Paid,0.01,0.0
VND-017,NetSystems Ltd,IT,North,INV-0588,2025-03-17,2025-04-16,30,38084.2,38084.2,0.0,2025-05-13,76,46,Paid,0.0,0.0
VND-017,NetSystems Ltd,IT,North,INV-0589,2024-12-05,2025-01-19,45,12892.97,12892.97,0.0,2025-02-04,178,133,Paid,0.0,0.0
VND-017,NetSystems Ltd,IT,North,INV-0590,2024-12-13,2024-12-28,15,50911.04,50911.04,0.0,2024-12-25,170,155,Paid,0.01,0.0
VND-017,NetSystems Ltd,IT,North,INV-0591,2024-12-11,2025-03-11,90,9400.63,9400.63,0.0,2025-03-30,172,82,Paid,0.0,0.0
VND-017,NetSystems Ltd,IT,North,INV-0592,2025-03-23,2025-05-07,45,39632.4,39632.4,0.0,2025-05-06,70,25,Paid,0.0,0.0
VND-017,NetSystems Ltd,IT,North,INV-0593,2025-01-20,2025-03-21,60,25584.2,25584.2,0.0,2025-04-03,132,72,Paid,0.01,0.0
VND-018,SwiftShip SA,Logistics,North,INV-0594,2025-04-16,2025-06-15,60,55495.16,0.0,55495.16,,46,0,Pending,0.02,0.0
VND-018,SwiftShip SA,Logistics,North,INV-0595,2025-05-13,2025-08-11,90,11814.65,0.0,11814.65,,19,0,Pending,0.01,0.0
VND-018,SwiftShip SA,Logistics,North,INV-0596,2025-02-16,2025-05-17,90,35735.77,35735.77,0.0,2025-04-03,105,15,Paid,0.01,357.36
VND-018,SwiftShip SA,Logistics,North,INV-0597,2025-03-21,2025-04-05,15,59592.26,59592.26,0.0,2025-04-15,72,57,Paid,0.01,0.0
VND-018,SwiftShip SA,Logistics,North,INV-0598,2025-02-18,2025-04-04,45,30012.23,14236.75,15775.48,2025-03-03,103,58,Partial,0.02,0.0
VND-018,SwiftShip SA,Logistics,North,INV-0599,2025-02-15,2025-04-01,45,15055.08,15055.08,0.0,2025-04-12,106,61,Paid,0.0,0.0
VND-018,SwiftShip SA,Logistics,North,INV-0600,2025-05-22,2025-07-21,60,44643.67,0.0,44643.67,,10,0,Pending,0.02,0.0
VND-018,SwiftShip SA,Logistics,North,INV-0601,2025-02-15,2025-03-17,30,22767.86,22767.86,0.0,2025-02-16,106,76,Paid,0.01,227.68
VND-018,SwiftShip SA,Logistics,North,INV-0602,2025-04-25,2025-05-25,30,37079.96,37079.96,0.0,2025-05-28,37,7,Paid,0.01,0.0
VND-018,SwiftShip SA,Logistics,North,INV-0603,2025-04-15,2025-05-15,30,71800.62,71800.62,0.0,2025-04-19,47,17,Paid,0.0,0.0
VND-018,SwiftShip SA,Logistics,North,INV-0604,2024-12-04,2025-01-18,45,12850.29,12850.29,0.0,2025-01-06,179,134,Paid,0.025,321.26
VND-018,SwiftShip SA,Logistics,North,INV-0605,2025-03-28,2025-05-27,60,71686.55,0.0,71686.55,,65,5,Overdue,0.02,0.0
VND-018,SwiftShip SA,Logistics,North,INV-0606,2025-02-24,2025-05-25,90,74827.87,74827.87,0.0,2025-03-18,97,7,Paid,0.01,748.28
VND-018,SwiftShip SA,Logistics,North,INV-0607,2024-12-07,2024-12-22,15,75963.22,75963.22,0.0,2024-12-16,176,161,Paid,0.02,1519.26
VND-018,SwiftShip SA,Logistics,North,INV-0608,2025-02-17,2025-04-18,60,13649.61,0.0,13649.61,,104,44,Overdue,0.02,0.0
VND-018,SwiftShip SA,Logistics,North,INV-0609,2025-02-14,2025-04-15,60,74755.66,0.0,74755.66,,107,47,Overdue,0.01,0.0
VND-018,SwiftShip SA,Logistics,North,INV-0610,2025-01-26,2025-02-25,30,56299.37,56299.37,0.0,2025-03-04,126,96,Paid,0.025,0.0
VND-018,SwiftShip SA,Logistics,North,INV-0611,2025-03-17,2025-04-16,30,33909.19,0.0,33909.19,,76,46,Overdue,0.0,0.0
VND-018,SwiftShip SA,Logistics,North,INV-0612,2025-04-29,2025-06-13,45,68301.85,0.0,68301.85,,33,0,Pending,0.0,0.0
VND-018,SwiftShip SA,Logistics,North,INV-0613,2024-12-18,2025-03-18,90,10985.0,2186.67,8798.33,2025-01-16,165,75,Partial,0.025,0.0
VND-018,SwiftShip SA,Logistics,North,INV-0614,2025-01-16,2025-02-15,30,24373.83,24373.83,0.0,2025-01-31,136,106,Paid,0.025,609.35
VND-018,SwiftShip SA,Logistics,North,INV-0615,2025-01-05,2025-03-06,60,43095.91,0.0,43095.91,,147,87,Overdue,0.02,0.0
VND-018,SwiftShip SA,Logistics,North,INV-0616,2025-02-24,2025-04-10,45,20845.59,20845.59,0.0,2025-03-29,97,52,Paid,0.01,208.46
VND-018,SwiftShip SA,Logistics,North,INV-0617,2025-02-11,2025-03-13,30,24534.37,24534.37,0.0,2025-03-13,110,80,Paid,0.0,0.0
VND-018,SwiftShip SA,Logistics,North,INV-0618,2025-02-10,2025-04-11,60,37875.47,4640.99,33234.48,2025-05-08,111,51,Partial,0.0,0.0
VND-018,SwiftShip SA,Logistics,North,INV-0619,2025-04-07,2025-04-22,15,38941.08,38941.08,0.0,2025-04-28,55,40,Paid,0.02,0.0
VND-018,SwiftShip SA,Logistics,North,INV-0620,2025-04-06,2025-05-06,30,75151.05,75151.05,0.0,2025-04-21,56,26,Paid,0.02,1503.02
VND-018,SwiftShip SA,Logistics,North,INV-0621,2025-03-07,2025-03-22,15,58622.53,58622.53,0.0,2025-03-28,86,71,Paid,0.0,0.0
VND-018,SwiftShip SA,Logistics,North,INV-0622,2025-03-11,2025-04-25,45,27681.88,27681.88,0.0,2025-03-30,82,37,Paid,0.025,692.05
VND-018,SwiftShip SA,Logistics,North,INV-0623,2025-05-08,2025-07-07,60,8634.43,0.0,8634.43,,24,0,Pending,0.02,0.0
VND-018,SwiftShip SA,Logistics,North,INV-0624,2025-03-05,2025-05-04,60,36415.17,36415.17,0.0,2025-05-02,88,28,Paid,0.025,0.0
VND-018,SwiftShip SA,Logistics,North,INV-0625,2025-02-02,2025-04-03,60,41445.09,41445.09,0.0,2025-04-18,119,59,Paid,0.02,0.0
VND-018,SwiftShip SA,Logistics,North,INV-0626,2025-03-20,2025-05-19,60,27795.99,27795.99,0.0,2025-05-30,73,13,Paid,0.02,0.0
VND-018,SwiftShip SA,Logistics,North,INV-0627,2024-12-10,2025-01-09,30,58624.03,58624.03,0.0,2025-01-09,173,143,Paid,0.025,0.0
VND-018,SwiftShip SA,Logistics,North,INV-0628,2025-01-29,2025-03-30,60,25312.16,25312.16,0.0,2025-04-19,123,63,Paid,0.01,0.0
VND-018,SwiftShip SA,Logistics,North,INV-0629,2024-12-30,2025-02-13,45,32966.17,32966.17,0.0,2025-01-22,153,108,Paid,0.01,329.66
VND-018,SwiftShip SA,Logistics,North,INV-0630,2024-12-04,2024-12-19,15,54461.45,54461.45,0.0,2024-12-18,179,164,Paid,0.0,0.0
VND-018,SwiftShip SA,Logistics,North,INV-0631,2025-05-04,2025-08-02,90,12024.72,0.0,12024.72,,28,0,Pending,0.0,0.0
VND-018,SwiftShip SA,Logistics,North,INV-0632,2025-04-20,2025-05-20,30,32436.47,32436.47,0.0,2025-05-13,42,12,Paid,0.0,0.0
VND-018,SwiftShip SA,Logistics,North,INV-0633,2025-05-11,2025-06-25,45,67596.12,0.0,67596.12,,21,0,Pending,0.025,0.0
VND-018,SwiftShip SA,Logistics,North,INV-0634,2025-05-05,2025-06-04,30,16571.74,0.0,16571.74,,27,0,Pending,0.02,0.0
VND-018,SwiftShip SA,Logistics,North,INV-0635,2025-05-16,2025-06-30,45,16066.94,0.0,16066.94,,16,0,Pending,0.025,0.0
VND-018,SwiftShip SA,Logistics,North,INV-0636,2025-01-04,2025-04-04,90,6283.66,0.0,6283.66,,148,58,Overdue,0.025,0.0
VND-018,SwiftShip SA,Logistics,North,INV-0637,2025-01-21,2025-03-22,60,77115.83,77115.83,0.0,2025-03-28,131,71,Paid,0.01,0.0
VND-018,SwiftShip SA,Logistics,North,INV-0638,2025-03-19,2025-06-17,90,70404.86,0.0,70404.86,,74,0,Pending,0.02,0.0
VND-019,CleanOffice Services,Services,Central,INV-0639,2025-02-19,2025-04-20,60,53409.47,53409.47,0.0,2025-05-09,102,42,Paid,0.0,0.0
VND-019,CleanOffice Services,Services,Central,INV-0640,2025-05-23,2025-07-07,45,22209.07,0.0,22209.07,,9,0,Pending,0.02,0.0
VND-019,CleanOffice Services,Services,Central,INV-0641,2024-12-19,2025-03-19,90,52705.39,52705.39,0.0,2025-01-04,164,74,Paid,0.01,527.05
VND-019,CleanOffice Services,Services,Central,INV-0642,2025-05-08,2025-07-07,60,78945.42,0.0,78945.42,,24,0,Pending,0.01,0.0
VND-019,CleanOffice Services,Services,Central,INV-0643,2025-04-15,2025-05-15,30,20530.92,0.0,20530.92,,47,17,Overdue,0.01,0.0
VND-019,CleanOffice Services,Services,Central,INV-0644,2024-12-22,2025-02-05,45,16688.42,16688.42,0.0,2025-01-25,161,116,Paid,0.02,333.77
VND-019,CleanOffice Services,Services,Central,INV-0645,2024-12-10,2025-03-10,90,19518.83,0.0,19518.83,,173,83,Overdue,0.02,0.0
VND-019,CleanOffice Services,Services,Central,INV-0646,2025-01-02,2025-02-01,30,28120.3,11313.37,16806.93,2025-03-14,150,120,Partial,0.025,0.0
VND-019,CleanOffice Services,Services,Central,INV-0647,2025-05-09,2025-07-08,60,30940.63,0.0,30940.63,,23,0,Pending,0.01,0.0
VND-019,CleanOffice Services,Services,Central,INV-0648,2025-03-08,2025-04-07,30,9411.12,0.0,9411.12,,85,55,Overdue,0.025,0.0
VND-019,CleanOffice Services,Services,Central,INV-0649,2024-12-06,2024-12-21,15,27824.5,0.0,27824.5,,177,162,Overdue,0.0,0.0
VND-019,CleanOffice Services,Services,Central,INV-0650,2025-03-22,2025-05-06,45,17670.35,17670.35,0.0,2025-04-23,71,26,Paid,0.01,176.7
VND-019,CleanOffice Services,Services,Central,INV-0651,2025-01-03,2025-02-02,30,79958.5,79958.5,0.0,2025-02-02,149,119,Paid,0.025,0.0
VND-019,CleanOffice Services,Services,Central,INV-0652,2025-03-18,2025-04-17,30,48241.53,0.0,48241.53,,75,45,Overdue,0.02,0.0
VND-019,CleanOffice Services,Services,Central,INV-0653,2025-04-25,2025-05-25,30,74470.04,74470.04,0.0,2025-04-29,37,7,Paid,0.0,0.0
VND-019,CleanOffice Services,Services,Central,INV-0654,2025-03-27,2025-05-11,45,64792.08,0.0,64792.08,,66,21,Overdue,0.0,0.0
VND-019,CleanOffice Services,Services,Central,INV-0655,2025-01-04,2025-03-05,60,22676.36,22676.36,0.0,2025-03-20,148,88,Paid,0.025,0.0
VND-019,CleanOffice Services,Services,Central,INV-0656,2025-01-31,2025-05-01,90,30827.38,0.0,30827.38,,121,31,Overdue,0.0,0.0
VND-019,CleanOffice Services,Services,Central,INV-0657,2025-03-21,2025-05-20,60,8645.65,8645.65,0.0,2025-03-27,72,12,Paid,0.01,86.46
VND-019,CleanOffice Services,Services,Central,INV-0658,2025-03-03,2025-06-01,90,40285.04,0.0,40285.04,,90,0,Pending,0.02,0.0
VND-019,CleanOffice Services,Services,Central,INV-0659,2025-01-13,2025-02-27,45,13422.94,13422.94,0.0,2025-02-27,139,94,Paid,0.01,0.0
VND-019,CleanOffice Services,Services,Central,INV-0660,2025-04-09,2025-04-24,15,72225.22,72225.22,0.0,2025-04-19,53,38,Paid,0.02,1444.5
VND-019,CleanOffice Services,Services,Central,INV-0661,2025-03-05,2025-04-04,30,67024.92,67024.92,0.0,2025-03-10,88,58,Paid,0.02,1340.5
VND-019,CleanOffice Services,Services,Central,INV-0662,2025-05-23,2025-06-07,15,10974.57,0.0,10974.57,,9,0,Pending,0.025,0.0
VND-019,CleanOffice Services,Services,Central,INV-0663,2025-05-01,2025-06-15,45,62877.91,0.0,62877.91,,31,0,Pending,0.02,0.0
VND-019,CleanOffice Services,Services,Central,INV-0664,2025-03-08,2025-04-22,45,4688.37,4688.37,0.0,2025-05-13,85,40,Paid,0.01,0.0
VND-019,CleanOffice Services,Services,Central,INV-0665,2025-02-13,2025-03-30,45,5017.05,5017.05,0.0,2025-03-01,108,63,Paid,0.01,50.17
VND-019,CleanOffice Services,Services,Central,INV-0666,2025-01-21,2025-02-05,15,19681.76,19681.76,0.0,2025-02-23,131,116,Paid,0.02,0.0
VND-019,CleanOffice Services,Services,Central,INV-0667,2025-03-02,2025-04-01,30,42298.77,42298.77,0.0,2025-03-07,91,61,Paid,0.02,845.98
VND-019,CleanOffice Services,Services,Central,INV-0668,2025-01-07,2025-04-07,90,45680.57,0.0,45680.57,,145,55,Overdue,0.02,0.0
VND-019,CleanOffice Services,Services,Central,INV-0669,2025-04-02,2025-06-01,60,13589.46,0.0,13589.46,,60,0,Pending,0.02,0.0
VND-019,CleanOffice Services,Services,Central,INV-0670,2025-03-05,2025-05-04,60,67276.44,43772.91,23503.53,2025-04-16,88,28,Partial,0.0,0.0
VND-019,CleanOffice Services,Services,Central,INV-0671,2025-02-16,2025-04-17,60,74629.2,0.0,74629.2,,105,45,Overdue,0.0,0.0
VND-019,CleanOffice Services,Services,Central,INV-0672,2025-03-16,2025-04-15,30,58147.64,58147.64,0.0,2025-04-19,77,47,Paid,0.02,0.0
VND-019,CleanOffice Services,Services,Central,INV-0673,2025-04-25,2025-06-09,45,3679.71,0.0,3679.71,,37,0,Pending,0.02,0.0
VND-019,CleanOffice Services,Services,Central,INV-0674,2025-03-31,2025-06-29,90,27596.62,0.0,27596.62,,62,0,Pending,0.01,0.0
VND-020,GasNetwork,Utilities,Central,INV-0675,2025-05-21,2025-06-20,30,58371.31,0.0,58371.31,,11,0,Pending,0.01,0.0
VND-020,GasNetwork,Utilities,Central,INV-0676,2025-02-14,2025-04-15,60,53089.55,53089.55,0.0,2025-04-21,107,47,Paid,0.025,0.0
VND-020,GasNetwork,Utilities,Central,INV-0677,2024-12-27,2025-03-27,90,14365.13,14365.13,0.0,2025-03-09,156,66,Paid,0.02,287.3
VND-020,GasNetwork,Utilities,Central,INV-0678,2025-04-09,2025-04-24,15,17185.85,11603.69,5582.16,2025-05-29,53,38,Partial,0.025,0.0
VND-020,GasNetwork,Utilities,Central,INV-0679,2024-12-09,2025-01-23,45,9934.06,9934.06,0.0,2025-01-15,174,129,Paid,0.025,248.35
VND-020,GasNetwork,Utilities,Central,INV-0680,2025-03-07,2025-06-05,90,56960.47,0.0,56960.47,,86,0,Pending,0.01,0.0
VND-020,GasNetwork,Utilities,Central,INV-0681,2025-02-03,2025-04-04,60,44633.77,33225.54,11408.23,2025-03-17,118,58,Partial,0.01,0.0
VND-020,GasNetwork,Utilities,Central,INV-0682,2025-02-18,2025-05-19,90,65002.8,65002.8,0.0,2025-06-18,103,13,Paid,0.025,0.0
VND-020,GasNetwork,Utilities,Central,INV-0683,2025-04-14,2025-04-29,15,15046.96,15046.96,0.0,2025-04-17,48,33,Paid,0.02,300.94
VND-020,GasNetwork,Utilities,Central,INV-0684,2025-03-18,2025-06-16,90,33611.42,0.0,33611.42,,75,0,Pending,0.01,0.0
VND-020,GasNetwork,Utilities,Central,INV-0685,2025-02-18,2025-03-05,15,33735.58,33735.58,0.0,2025-02-21,103,88,Paid,0.01,337.36
VND-020,GasNetwork,Utilities,Central,INV-0686,2024-12-15,2025-02-13,60,60433.84,60433.84,0.0,2025-02-02,168,108,Paid,0.01,604.34
VND-020,GasNetwork,Utilities,Central,INV-0687,2025-02-21,2025-05-22,90,58580.81,58580.81,0.0,2025-06-10,100,10,Paid,0.01,0.0
VND-020,GasNetwork,Utilities,Central,INV-0688,2025-02-06,2025-03-23,45,45655.68,45655.68,0.0,2025-03-23,115,70,Paid,0.025,0.0
VND-020,GasNetwork,Utilities,Central,INV-0689,2025-01-12,2025-03-13,60,79786.79,79786.79,0.0,2025-04-07,140,80,Paid,0.02,0.0
VND-020,GasNetwork,Utilities,Central,INV-0690,2025-03-15,2025-03-30,15,70623.62,0.0,70623.62,,78,63,Overdue,0.02,0.0
VND-020,GasNetwork,Utilities,Central,INV-0691,2025-01-08,2025-02-07,30,28057.51,28057.51,0.0,2025-01-19,144,114,Paid,0.01,280.58
VND-020,GasNetwork,Utilities,Central,INV-0692,2025-04-29,2025-06-28,60,72321.27,0.0,72321.27,,33,0,Pending,0.02,0.0
VND-020,GasNetwork,Utilities,Central,INV-0693,2025-03-05,2025-04-19,45,44586.35,34207.85,10378.5,2025-04-01,88,43,Partial,0.0,0.0
VND-020,GasNetwork,Utilities,Central,INV-0694,2025-05-20,2025-07-04,45,74713.51,0.0,74713.51,,12,0,Pending,0.02,0.0
VND-020,GasNetwork,Utilities,Central,INV-0695,2025-02-27,2025-03-29,30,57971.31,57971.31,0.0,2025-03-23,94,64,Paid,0.025,1449.28
VND-020,GasNetwork,Utilities,Central,INV-0696,2025-03-03,2025-05-02,60,42934.19,42934.19,0.0,2025-04-06,90,30,Paid,0.025,1073.35
VND-020,GasNetwork,Utilities,Central,INV-0697,2025-05-01,2025-06-15,45,2358.76,0.0,2358.76,,31,0,Pending,0.02,0.0
VND-020,GasNetwork,Utilities,Central,INV-0698,2024-12-22,2025-02-05,45,12020.54,12020.54,0.0,2025-01-15,161,116,Paid,0.01,120.21
VND-020,GasNetwork,Utilities,Central,INV-0699,2025-02-17,2025-03-19,30,61237.73,29383.47,31854.26,2025-05-22,104,74,Partial,0.0,0.0
VND-020,GasNetwork,Utilities,Central,INV-0700,2024-12-22,2025-01-06,15,10983.97,10983.97,0.0,2025-01-05,161,146,Paid,0.01,0.0
VND-020,GasNetwork,Utilities,Central,INV-0701,2025-01-07,2025-02-06,30,72530.73,72530.73,0.0,2025-02-18,145,115,Paid,0.025,0.0
VND-020,GasNetwork,Utilities,Central,INV-0702,2025-03-24,2025-04-08,15,48553.44,0.0,48553.44,,69,54,Overdue,0.01,0.0
