transaction_id,date,period,year,month,quarter,type,category,department,region,budget_amount,actual_amount,forecast_amount,variance,variance_pct,data_type,is_favorable
ER-0003,2025-01-02,Jan 2025,2025,1,Q1,Revenue,Subscription Revenue,Sales,North,58479.94,58584.3,58584.3,104.36,0.2,Actual,Yes
ER-0006,2025-01-02,Jan 2025,2025,1,Q1,Expense,Cost of Goods Sold,Operations,Central,143062.59,145437.34,145437.34,2374.75,1.7,Actual,No
ER-0004,2025-01-03,Jan 2025,2025,1,Q1,Revenue,Consulting Revenue,Sales,Central,56018.74,50235.66,50235.66,-5783.08,-10.3,Actual,No
ER-0005,2025-01-04,Jan 2025,2025,1,Q1,Revenue,Other Revenue,Finance,South,17339.42,18699.6,18699.6,1360.18,7.8,Actual,Yes
ER-0010,2025-01-07,Jan 2025,2025,1,Q1,Expense,Technology & IT,IT,East,13091.67,13278.11,13278.11,186.44,1.4,Actual,No
ER-0007,2025-01-08,Jan 2025,2025,1,Q1,Expense,Salaries & Benefits,HR,North,158554.14,144271.24,144271.24,-14282.9,-9.0,Actual,Yes
ER-0002,2025-01-12,Jan 2025,2025,1,Q1,Revenue,Service Revenue,Sales,Central,86519.27,87264.35,87264.35,745.08,0.9,Actual,Yes
ER-0008,2025-01-14,Jan 2025,2025,1,Q1,Expense,Marketing & Advertising,Marketing,South,37266.6,34532.53,34532.53,-2734.07,-7.3,Actual,Yes
ER-0009,2025-01-18,Jan 2025,2025,1,Q1,Expense,Operations & Facilities,Operations,South,41627.44,42217.83,42217.83,590.39,1.4,Actual,No
ER-0012,2025-01-18,Jan 2025,2025,1,Q1,Expense,General & Administrative,Finance,West,25475.24,25456.97,25456.97,-18.27,-0.1,Actual,Yes
ER-0011,2025-01-19,Jan 2025,2025,1,Q1,Expense,Research & Development,R&D,North,18410.07,19191.06,19191.06,780.99,4.2,Actual,No
ER-0001,2025-01-21,Jan 2025,2025,1,Q1,Revenue,Product Sales,Sales,North,221528.23,202965.01,202965.01,-18563.22,-8.4,Actual,No
ER-0013,2025-01-30,Jan 2025,2025,1,Q1,Expense,Depreciation,Finance,West,15772.29,15663.78,15663.78,-108.51,-0.7,Actual,Yes
ER-0022,2025-02-02,Feb 2025,2025,2,Q1,Expense,Operations & Facilities,Operations,East,38963.93,40243.13,40243.13,1279.2,3.3,Actual,No
ER-0016,2025-02-03,Feb 2025,2025,2,Q1,Revenue,Subscription Revenue,Sales,North,98766.72,93739.99,93739.99,-5026.73,-5.1,Actual,No
ER-0021,2025-02-03,Feb 2025,2025,2,Q1,Expense,Marketing & Advertising,Marketing,East,46875.68,42832.77,42832.77,-4042.91,-8.6,Actual,Yes
ER-0014,2025-02-06,Feb 2025,2025,2,Q1,Revenue,Product Sales,Sales,South,228700.65,214892.25,214892.25,-13808.4,-6.0,Actual,No
ER-0025,2025-02-06,Feb 2025,2025,2,Q1,Expense,General & Administrative,Finance,Central,10564.07,10483.14,10483.14,-80.93,-0.8,Actual,Yes
ER-0017,2025-02-11,Feb 2025,2025,2,Q1,Revenue,Consulting Revenue,Sales,South,60715.97,55833.85,55833.85,-4882.12,-8.0,Actual,No
ER-0015,2025-02-16,Feb 2025,2025,2,Q1,Revenue,Service Revenue,Sales,East,87366.95,83178.56,83178.56,-4188.39,-4.8,Actual,No
ER-0020,2025-02-16,Feb 2025,2025,2,Q1,Expense,Salaries & Benefits,HR,Central,134012.24,129996.65,129996.65,-4015.59,-3.0,Actual,Yes
ER-0018,2025-02-22,Feb 2025,2025,2,Q1,Revenue,Other Revenue,Finance,North,28531.94,27995.76,27995.76,-536.18,-1.9,Actual,No
ER-0024,2025-02-22,Feb 2025,2025,2,Q1,Expense,Research & Development,R&D,East,24960.84,24390.69,24390.69,-570.15,-2.3,Actual,Yes
ER-0026,2025-02-25,Feb 2025,2025,2,Q1,Expense,Depreciation,Finance,East,9170.96,8362.0,8362.0,-808.96,-8.8,Actual,Yes
ER-0019,2025-02-27,Feb 2025,2025,2,Q1,Expense,Cost of Goods Sold,Operations,East,156457.09,158742.18,158742.18,2285.09,1.5,Actual,No
ER-0023,2025-02-27,Feb 2025,2025,2,Q1,Expense,Technology & IT,IT,West,29413.87,32314.64,32314.64,2900.77,9.9,Actual,No
ER-0038,2025-03-03,Mar 2025,2025,3,Q1,Expense,General & Administrative,Finance,South,25857.24,23593.43,23593.43,-2263.81,-8.8,Actual,Yes
ER-0037,2025-03-04,Mar 2025,2025,3,Q1,Expense,Research & Development,R&D,West,28733.26,28152.73,28152.73,-580.53,-2.0,Actual,Yes
ER-0033,2025-03-05,Mar 2025,2025,3,Q1,Expense,Salaries & Benefits,HR,West,118234.29,113077.64,113077.64,-5156.65,-4.4,Actual,Yes
ER-0031,2025-03-06,Mar 2025,2025,3,Q1,Revenue,Other Revenue,Finance,South,29070.09,26634.63,26634.63,-2435.46,-8.4,Actual,No
ER-0034,2025-03-11,Mar 2025,2025,3,Q1,Expense,Marketing & Advertising,Marketing,South,36383.64,37182.72,37182.72,799.08,2.2,Actual,No
ER-0030,2025-03-12,Mar 2025,2025,3,Q1,Revenue,Consulting Revenue,Sales,West,46705.26,45755.8,45755.8,-949.46,-2.0,Actual,No
ER-0027,2025-03-13,Mar 2025,2025,3,Q1,Revenue,Product Sales,Sales,West,184574.64,173394.5,173394.5,-11180.14,-6.1,Actual,No
ER-0032,2025-03-16,Mar 2025,2025,3,Q1,Expense,Cost of Goods Sold,Operations,Central,103195.69,97691.98,97691.98,-5503.71,-5.3,Actual,Yes
ER-0028,2025-03-18,Mar 2025,2025,3,Q1,Revenue,Service Revenue,Sales,East,87252.32,86188.28,86188.28,-1064.04,-1.2,Actual,No
ER-0035,2025-03-20,Mar 2025,2025,3,Q1,Expense,Operations & Facilities,Operations,North,47619.75,47767.29,47767.29,147.54,0.3,Actual,No
ER-0039,2025-03-20,Mar 2025,2025,3,Q1,Expense,Depreciation,Finance,North,12406.27,11438.4,11438.4,-967.87,-7.8,Actual,Yes
ER-0029,2025-03-28,Mar 2025,2025,3,Q1,Revenue,Subscription Revenue,Sales,Central,108003.03,116279.0,116279.0,8275.97,7.7,Actual,Yes
ER-0036,2025-03-31,Mar 2025,2025,3,Q1,Expense,Technology & IT,IT,Central,23699.31,25457.7,25457.7,1758.39,7.4,Actual,No
ER-0041,2025-04-03,Apr 2025,2025,4,Q2,Revenue,Service Revenue,Sales,South,165405.39,169920.45,169920.45,4515.06,2.7,Actual,Yes
ER-0049,2025-04-03,Apr 2025,2025,4,Q2,Expense,Technology & IT,IT,East,18942.69,19484.14,19484.14,541.45,2.9,Actual,No
ER-0043,2025-04-04,Apr 2025,2025,4,Q2,Revenue,Consulting Revenue,Sales,West,66136.75,65726.46,65726.46,-410.29,-0.6,Actual,No
ER-0042,2025-04-09,Apr 2025,2025,4,Q2,Revenue,Subscription Revenue,Sales,East,91844.14,84097.28,84097.28,-7746.86,-8.4,Actual,No
ER-0045,2025-04-11,Apr 2025,2025,4,Q2,Expense,Cost of Goods Sold,Operations,East,88588.47,81540.15,81540.15,-7048.32,-8.0,Actual,Yes
ER-0051,2025-04-11,Apr 2025,2025,4,Q2,Expense,General & Administrative,Finance,South,23314.81,24616.03,24616.03,1301.22,5.6,Actual,No
ER-0047,2025-04-12,Apr 2025,2025,4,Q2,Expense,Marketing & Advertising,Marketing,South,23208.6,25306.75,25306.75,2098.15,9.0,Actual,No
ER-0050,2025-04-12,Apr 2025,2025,4,Q2,Expense,Research & Development,R&D,South,33143.89,35850.15,35850.15,2706.26,8.2,Actual,No
ER-0044,2025-04-16,Apr 2025,2025,4,Q2,Revenue,Other Revenue,Finance,East,29848.26,29604.62,29604.62,-243.64,-0.8,Actual,No
ER-0046,2025-04-17,Apr 2025,2025,4,Q2,Expense,Salaries & Benefits,HR,North,147862.19,153541.78,153541.78,5679.59,3.8,Actual,No
ER-0040,2025-04-18,Apr 2025,2025,4,Q2,Revenue,Product Sales,Sales,North,179452.12,182328.39,182328.39,2876.27,1.6,Actual,Yes
ER-0048,2025-04-25,Apr 2025,2025,4,Q2,Expense,Operations & Facilities,Operations,Central,47602.7,51545.59,51545.59,3942.89,8.3,Actual,No
ER-0052,2025-04-25,Apr 2025,2025,4,Q2,Expense,Depreciation,Finance,South,14132.28,14947.43,14947.43,815.15,5.8,Actual,No
ER-0065,2025-05-03,May 2025,2025,5,Q2,Expense,Depreciation,Finance,South,12631.61,13246.4,13246.4,614.79,4.9,Actual,No
ER-0056,2025-05-12,May 2025,2025,5,Q2,Revenue,Consulting Revenue,Sales,West,41618.7,42668.88,42668.88,1050.18,2.5,Actual,Yes
ER-0057,2025-05-12,May 2025,2025,5,Q2,Revenue,Other Revenue,Finance,East,25788.45,27169.44,27169.44,1380.99,5.4,Actual,Yes
ER-0055,2025-05-16,May 2025,2025,5,Q2,Revenue,Subscription Revenue,Sales,East,114376.22,122339.94,122339.94,7963.72,7.0,Actual,Yes
ER-0058,2025-05-16,May 2025,2025,5,Q2,Expense,Cost of Goods Sold,Operations,South,88053.81,81047.49,81047.49,-7006.32,-8.0,Actual,Yes
ER-0060,2025-05-21,May 2025,2025,5,Q2,Expense,Marketing & Advertising,Marketing,East,48617.42,48417.83,48417.83,-199.59,-0.4,Actual,Yes
ER-0061,2025-05-22,May 2025,2025,5,Q2,Expense,Operations & Facilities,Operations,North,51985.75,47668.63,47668.63,-4317.12,-8.3,Actual,Yes
ER-0053,2025-05-24,May 2025,2025,5,Q2,Revenue,Product Sales,Sales,South,313154.93,337079.94,337079.94,23925.01,7.6,Actual,Yes
ER-0054,2025-05-24,May 2025,2025,5,Q2,Revenue,Service Revenue,Sales,North,97992.62,97822.86,97822.86,-169.76,-0.2,Actual,No
ER-0064,2025-05-24,May 2025,2025,5,Q2,Expense,General & Administrative,Finance,West,12168.75,13254.6,13254.6,1085.85,8.9,Actual,No
ER-0062,2025-05-25,May 2025,2025,5,Q2,Expense,Technology & IT,IT,South,37293.31,39398.91,39398.91,2105.6,5.6,Actual,No
ER-0063,2025-05-26,May 2025,2025,5,Q2,Expense,Research & Development,R&D,East,31731.15,29690.97,29690.97,-2040.18,-6.4,Actual,Yes
ER-0059,2025-05-29,May 2025,2025,5,Q2,Expense,Salaries & Benefits,HR,Central,133773.75,133309.64,133309.64,-464.11,-0.3,Actual,Yes
ER-0069,2025-06-01,Jun 2025,2025,6,Q2,Revenue,Consulting Revenue,Sales,North,39354.75,39810.81,39810.81,456.06,1.2,Actual,Yes
ER-0070,2025-06-04,Jun 2025,2025,6,Q2,Revenue,Other Revenue,Finance,Central,25585.85,26975.9,26975.9,1390.05,5.4,Actual,Yes
ER-0066,2025-06-05,Jun 2025,2025,6,Q2,Revenue,Product Sales,Sales,Central,192300.7,175087.71,175087.71,-17212.99,-9.0,Actual,No
ER-0067,2025-06-05,Jun 2025,2025,6,Q2,Revenue,Service Revenue,Sales,Central,161436.69,173312.05,173312.05,11875.36,7.4,Actual,Yes
ER-0074,2025-06-05,Jun 2025,2025,6,Q2,Expense,Operations & Facilities,Operations,North,30374.59,29882.6,29882.6,-491.99,-1.6,Actual,Yes
ER-0072,2025-06-09,Jun 2025,2025,6,Q2,Expense,Salaries & Benefits,HR,South,182615.53,172061.9,172061.9,-10553.63,-5.8,Actual,Yes
ER-0075,2025-06-15,Jun 2025,2025,6,Q2,Expense,Technology & IT,IT,Central,37300.51,36209.72,36209.72,-1090.79,-2.9,Actual,Yes
ER-0077,2025-06-17,Jun 2025,2025,6,Q2,Expense,General & Administrative,Finance,North,13269.08,12345.12,12345.12,-923.96,-7.0,Actual,Yes
ER-0073,2025-06-19,Jun 2025,2025,6,Q2,Expense,Marketing & Advertising,Marketing,East,26718.67,25332.18,25332.18,-1386.49,-5.2,Actual,Yes
ER-0078,2025-06-20,Jun 2025,2025,6,Q2,Expense,Depreciation,Finance,North,16728.06,17653.14,17653.14,925.08,5.5,Actual,No
ER-0068,2025-06-22,Jun 2025,2025,6,Q2,Revenue,Subscription Revenue,Sales,East,104590.63,116647.15,116647.15,12056.52,11.5,Actual,Yes
ER-0076,2025-06-27,Jun 2025,2025,6,Q2,Expense,Research & Development,R&D,Central,43526.65,43672.56,43672.56,145.91,0.3,Actual,No
ER-0071,2025-06-28,Jun 2025,2025,6,Q2,Expense,Cost of Goods Sold,Operations,South,154949.62,143770.03,143770.03,-11179.59,-7.2,Actual,Yes
ER-0080,2025-07-02,Jul 2025,2025,7,Q3,Revenue,Service Revenue,Sales,East,135719.11,123352.49,123352.49,-12366.62,-9.1,Actual,No
ER-0084,2025-07-03,Jul 2025,2025,7,Q3,Expense,Cost of Goods Sold,Operations,West,82786.58,89310.36,89310.36,6523.78,7.9,Actual,No
ER-0079,2025-07-05,Jul 2025,2025,7,Q3,Revenue,Product Sales,Sales,West,307447.4,281607.24,281607.24,-25840.16,-8.4,Actual,No
ER-0082,2025-07-07,Jul 2025,2025,7,Q3,Revenue,Consulting Revenue,Sales,East,82993.67,74166.25,74166.25,-8827.42,-10.6,Actual,No
ER-0091,2025-07-07,Jul 2025,2025,7,Q3,Expense,Depreciation,Finance,East,14711.55,14500.7,14500.7,-210.85,-1.4,Actual,Yes
ER-0087,2025-07-08,Jul 2025,2025,7,Q3,Expense,Operations & Facilities,Operations,Central,52294.49,52375.57,52375.57,81.08,0.2,Actual,No
ER-0088,2025-07-09,Jul 2025,2025,7,Q3,Expense,Technology & IT,IT,Central,36296.06,39505.94,39505.94,3209.88,8.8,Actual,No
ER-0090,2025-07-11,Jul 2025,2025,7,Q3,Expense,General & Administrative,Finance,North,20415.93,19976.43,19976.43,-439.5,-2.2,Actual,Yes
ER-0083,2025-07-15,Jul 2025,2025,7,Q3,Revenue,Other Revenue,Finance,Central,8928.38,8066.42,8066.42,-861.96,-9.7,Actual,No
ER-0089,2025-07-15,Jul 2025,2025,7,Q3,Expense,Research & Development,R&D,South,46246.42,43495.58,43495.58,-2750.84,-5.9,Actual,Yes
ER-0081,2025-07-16,Jul 2025,2025,7,Q3,Revenue,Subscription Revenue,Sales,North,95939.88,96647.37,96647.37,707.49,0.7,Actual,Yes
ER-0086,2025-07-17,Jul 2025,2025,7,Q3,Expense,Marketing & Advertising,Marketing,Central,22976.13,21952.25,21952.25,-1023.88,-4.5,Actual,Yes
ER-0085,2025-07-20,Jul 2025,2025,7,Q3,Expense,Salaries & Benefits,HR,Central,132561.36,145111.22,145111.22,12549.86,9.5,Actual,No
ER-0097,2025-08-03,Aug 2025,2025,8,Q3,Expense,Cost of Goods Sold,Operations,East,122127.65,118625.39,118625.39,-3502.26,-2.9,Actual,Yes
ER-0092,2025-08-05,Aug 2025,2025,8,Q3,Revenue,Product Sales,Sales,East,308947.84,338386.35,338386.35,29438.51,9.5,Actual,Yes
ER-0095,2025-08-08,Aug 2025,2025,8,Q3,Revenue,Consulting Revenue,Sales,South,39767.71,41369.55,41369.55,1601.84,4.0,Actual,Yes
ER-0101,2025-08-09,Aug 2025,2025,8,Q3,Expense,Technology & IT,IT,East,39150.88,36056.23,36056.23,-3094.65,-7.9,Actual,Yes
ER-0102,2025-08-09,Aug 2025,2025,8,Q3,Expense,Research & Development,R&D,South,16385.59,17299.9,17299.9,914.31,5.6,Actual,No
ER-0099,2025-08-10,Aug 2025,2025,8,Q3,Expense,Marketing & Advertising,Marketing,Central,30373.78,30479.69,30479.69,105.91,0.3,Actual,No
ER-0094,2025-08-13,Aug 2025,2025,8,Q3,Revenue,Subscription Revenue,Sales,West,68175.27,75579.17,75579.17,7403.9,10.9,Actual,Yes
ER-0096,2025-08-13,Aug 2025,2025,8,Q3,Revenue,Other Revenue,Finance,East,23539.12,26330.33,26330.33,2791.21,11.9,Actual,Yes
ER-0098,2025-08-15,Aug 2025,2025,8,Q3,Expense,Salaries & Benefits,HR,North,101948.29,103050.36,103050.36,1102.07,1.1,Actual,No
ER-0104,2025-08-17,Aug 2025,2025,8,Q3,Expense,Depreciation,Finance,Central,12059.48,12147.75,12147.75,88.27,0.7,Actual,No
ER-0103,2025-08-22,Aug 2025,2025,8,Q3,Expense,General & Administrative,Finance,East,30494.43,32626.53,32626.53,2132.1,7.0,Actual,No
ER-0100,2025-08-30,Aug 2025,2025,8,Q3,Expense,Operations & Facilities,Operations,South,58430.99,53906.68,53906.68,-4524.31,-7.7,Actual,Yes
ER-0093,2025-08-31,Aug 2025,2025,8,Q3,Revenue,Service Revenue,Sales,West,92868.11,101400.82,101400.82,8532.71,9.2,Actual,Yes
ER-0115,2025-09-02,Sep 2025,2025,9,Q3,Expense,Research & Development,R&D,North,43128.76,47394.19,47394.19,4265.43,9.9,Actual,No
ER-0107,2025-09-03,Sep 2025,2025,9,Q3,Revenue,Subscription Revenue,Sales,East,71135.41,62886.52,62886.52,-8248.89,-11.6,Actual,No
ER-0108,2025-09-03,Sep 2025,2025,9,Q3,Revenue,Consulting Revenue,Sales,East,35024.55,38018.97,38018.97,2994.42,8.5,Actual,Yes
ER-0111,2025-09-04,Sep 2025,2025,9,Q3,Expense,Salaries & Benefits,HR,South,104320.57,108692.37,108692.37,4371.8,4.2,Actual,No
ER-0117,2025-09-04,Sep 2025,2025,9,Q3,Expense,Depreciation,Finance,West,12747.61,13855.74,13855.74,1108.13,8.7,Actual,No
ER-0113,2025-09-07,Sep 2025,2025,9,Q3,Expense,Operations & Facilities,Operations,East,45146.84,45427.53,45427.53,280.69,0.6,Actual,No
ER-0116,2025-09-07,Sep 2025,2025,9,Q3,Expense,General & Administrative,Finance,Central,10460.85,10472.68,10472.68,11.83,0.1,Actual,No
ER-0105,2025-09-09,Sep 2025,2025,9,Q3,Revenue,Product Sales,Sales,North,253976.29,243434.15,243434.15,-10542.14,-4.2,Actual,No
ER-0114,2025-09-09,Sep 2025,2025,9,Q3,Expense,Technology & IT,IT,East,23370.61,24175.29,24175.29,804.68,3.4,Actual,No
ER-0109,2025-09-11,Sep 2025,2025,9,Q3,Revenue,Other Revenue,Finance,Central,26981.05,26681.71,26681.71,-299.34,-1.1,Actual,No
ER-0110,2025-09-20,Sep 2025,2025,9,Q3,Expense,Cost of Goods Sold,Operations,South,121776.03,131893.83,131893.83,10117.8,8.3,Actual,No
ER-0106,2025-09-29,Sep 2025,2025,9,Q3,Revenue,Service Revenue,Sales,North,151962.88,140414.09,140414.09,-11548.79,-7.6,Actual,No
ER-0112,2025-09-30,Sep 2025,2025,9,Q3,Expense,Marketing & Advertising,Marketing,East,25475.81,23851.2,23851.2,-1624.61,-6.4,Actual,Yes
ER-0121,2025-10-02,Oct 2025,2025,10,Q4,Revenue,Consulting Revenue,Sales,South,54281.86,52295.82,52295.82,-1986.04,-3.7,Actual,No
ER-0119,2025-10-07,Oct 2025,2025,10,Q4,Revenue,Service Revenue,Sales,South,167328.12,159608.93,159608.93,-7719.19,-4.6,Actual,No
ER-0130,2025-10-07,Oct 2025,2025,10,Q4,Expense,Depreciation,Finance,South,12746.44,12753.49,12753.49,7.05,0.1,Actual,No
ER-0126,2025-10-09,Oct 2025,2025,10,Q4,Expense,Operations & Facilities,Operations,East,26301.32,26016.34,26016.34,-284.98,-1.1,Actual,Yes
ER-0124,2025-10-10,Oct 2025,2025,10,Q4,Expense,Salaries & Benefits,HR,Central,187053.78,193433.93,193433.93,6380.15,3.4,Actual,No
ER-0128,2025-10-10,Oct 2025,2025,10,Q4,Expense,Research & Development,R&D,South,23555.63,25749.44,25749.44,2193.81,9.3,Actual,No
ER-0129,2025-10-13,Oct 2025,2025,10,Q4,Expense,General & Administrative,Finance,North,18914.6,17027.18,17027.18,-1887.42,-10.0,Actual,Yes
ER-0125,2025-10-15,Oct 2025,2025,10,Q4,Expense,Marketing & Advertising,Marketing,South,24688.52,23666.7,23666.7,-1021.82,-4.1,Actual,Yes
ER-0127,2025-10-18,Oct 2025,2025,10,Q4,Expense,Technology & IT,IT,East,38853.6,42526.22,42526.22,3672.62,9.5,Actual,No
ER-0123,2025-10-22,Oct 2025,2025,10,Q4,Expense,Cost of Goods Sold,Operations,West,123074.07,112130.35,112130.35,-10943.72,-8.9,Actual,Yes
ER-0120,2025-10-23,Oct 2025,2025,10,Q4,Revenue,Subscription Revenue,Sales,South,75562.28,81588.28,81588.28,6026.0,8.0,Actual,Yes
ER-0118,2025-10-29,Oct 2025,2025,10,Q4,Revenue,Product Sales,Sales,West,327447.31,331054.96,331054.96,3607.65,1.1,Actual,Yes
ER-0122,2025-10-29,Oct 2025,2025,10,Q4,Revenue,Other Revenue,Finance,East,8313.61,8563.91,8563.91,250.3,3.0,Actual,Yes
ER-0133,2025-11-03,Nov 2025,2025,11,Q4,Revenue,Subscription Revenue,Sales,Central,72978.76,75249.92,75249.92,2271.16,3.1,Actual,Yes
ER-0134,2025-11-05,Nov 2025,2025,11,Q4,Revenue,Consulting Revenue,Sales,Central,87458.23,94872.89,94872.89,7414.66,8.5,Actual,Yes
ER-0136,2025-11-05,Nov 2025,2025,11,Q4,Expense,Cost of Goods Sold,Operations,North,108417.66,110991.65,110991.65,2573.99,2.4,Actual,No
ER-0138,2025-11-05,Nov 2025,2025,11,Q4,Expense,Marketing & Advertising,Marketing,Central,44354.08,47123.72,47123.72,2769.64,6.2,Actual,No
ER-0131,2025-11-09,Nov 2025,2025,11,Q4,Revenue,Product Sales,Sales,North,294284.74,259320.22,259320.22,-34964.52,-11.9,Actual,No
ER-0132,2025-11-13,Nov 2025,2025,11,Q4,Revenue,Service Revenue,Sales,North,92947.86,94884.17,94884.17,1936.31,2.1,Actual,Yes
ER-0142,2025-11-15,Nov 2025,2025,11,Q4,Expense,General & Administrative,Finance,Central,33987.9,33149.2,33149.2,-838.7,-2.5,Actual,Yes
ER-0135,2025-11-16,Nov 2025,2025,11,Q4,Revenue,Other Revenue,Finance,South,16569.36,15877.96,15877.96,-691.4,-4.2,Actual,No
ER-0137,2025-11-17,Nov 2025,2025,11,Q4,Expense,Salaries & Benefits,HR,West,182485.71,190333.0,190333.0,7847.29,4.3,Actual,No
ER-0143,2025-11-18,Nov 2025,2025,11,Q4,Expense,Depreciation,Finance,South,8507.8,7689.08,7689.08,-818.72,-9.6,Actual,Yes
ER-0141,2025-11-21,Nov 2025,2025,11,Q4,Expense,Research & Development,R&D,East,17978.21,16330.91,16330.91,-1647.3,-9.2,Actual,Yes
ER-0139,2025-11-27,Nov 2025,2025,11,Q4,Expense,Operations & Facilities,Operations,North,50114.69,50801.06,50801.06,686.37,1.4,Actual,No
ER-0140,2025-11-29,Nov 2025,2025,11,Q4,Expense,Technology & IT,IT,South,34792.27,35377.21,35377.21,584.94,1.7,Actual,No
ER-0153,2025-12-04,Dec 2025,2025,12,Q4,Expense,Technology & IT,IT,South,24573.94,26896.22,26896.22,2322.28,9.5,Actual,No
ER-0155,2025-12-04,Dec 2025,2025,12,Q4,Expense,General & Administrative,Finance,Central,21616.57,21471.04,21471.04,-145.53,-0.7,Actual,Yes
ER-0147,2025-12-09,Dec 2025,2025,12,Q4,Revenue,Consulting Revenue,Sales,South,45131.61,40522.23,40522.23,-4609.38,-10.2,Actual,No
ER-0151,2025-12-09,Dec 2025,2025,12,Q4,Expense,Marketing & Advertising,Marketing,East,18098.87,16822.63,16822.63,-1276.24,-7.1,Actual,Yes
ER-0149,2025-12-16,Dec 2025,2025,12,Q4,Expense,Cost of Goods Sold,Operations,East,129394.88,126355.67,126355.67,-3039.21,-2.3,Actual,Yes
ER-0152,2025-12-16,Dec 2025,2025,12,Q4,Expense,Operations & Facilities,Operations,North,44846.03,41558.29,41558.29,-3287.74,-7.3,Actual,Yes
ER-0154,2025-12-17,Dec 2025,2025,12,Q4,Expense,Research & Development,R&D,East,38649.77,37033.1,37033.1,-1616.67,-4.2,Actual,Yes
ER-0145,2025-12-18,Dec 2025,2025,12,Q4,Revenue,Service Revenue,Sales,North,147343.88,147448.94,147448.94,105.06,0.1,Actual,Yes
ER-0150,2025-12-21,Dec 2025,2025,12,Q4,Expense,Salaries & Benefits,HR,South,176697.01,180830.8,180830.8,4133.79,2.3,Actual,No
ER-0146,2025-12-24,Dec 2025,2025,12,Q4,Revenue,Subscription Revenue,Sales,West,94557.97,84709.95,84709.95,-9848.02,-10.4,Actual,No
ER-0148,2025-12-24,Dec 2025,2025,12,Q4,Revenue,Other Revenue,Finance,West,24045.37,22344.21,22344.21,-1701.16,-7.1,Actual,No
ER-0144,2025-12-26,Dec 2025,2025,12,Q4,Revenue,Product Sales,Sales,North,290910.81,256232.91,256232.91,-34677.9,-11.9,Actual,No
ER-0156,2025-12-30,Dec 2025,2025,12,Q4,Expense,Depreciation,Finance,West,9992.5,10948.03,10948.03,955.53,9.6,Actual,No
ER-0168,2026-01-01,Jan 2026,2026,1,Q1,Expense,General & Administrative,Finance,East,33497.03,31458.68,31458.68,-2038.35,-6.1,Actual,Yes
ER-0159,2026-01-07,Jan 2026,2026,1,Q1,Revenue,Subscription Revenue,Sales,North,67590.23,74818.39,74818.39,7228.16,10.7,Actual,Yes
ER-0158,2026-01-09,Jan 2026,2026,1,Q1,Revenue,Service Revenue,Sales,West,167129.74,165102.16,165102.16,-2027.58,-1.2,Actual,No
ER-0166,2026-01-11,Jan 2026,2026,1,Q1,Expense,Technology & IT,IT,North,21283.18,19669.53,19669.53,-1613.65,-7.6,Actual,Yes
ER-0162,2026-01-12,Jan 2026,2026,1,Q1,Expense,Cost of Goods Sold,Operations,South,107956.79,99593.97,99593.97,-8362.82,-7.7,Actual,Yes
ER-0163,2026-01-13,Jan 2026,2026,1,Q1,Expense,Salaries & Benefits,HR,North,149788.8,161057.27,161057.27,11268.47,7.5,Actual,No
ER-0167,2026-01-13,Jan 2026,2026,1,Q1,Expense,Research & Development,R&D,North,26359.17,25506.57,25506.57,-852.6,-3.2,Actual,Yes
ER-0169,2026-01-13,Jan 2026,2026,1,Q1,Expense,Depreciation,Finance,Central,10532.12,9615.78,9615.78,-916.34,-8.7,Actual,Yes
ER-0165,2026-01-14,Jan 2026,2026,1,Q1,Expense,Operations & Facilities,Operations,East,36216.77,37862.34,37862.34,1645.57,4.5,Actual,No
ER-0160,2026-01-17,Jan 2026,2026,1,Q1,Revenue,Consulting Revenue,Sales,East,64888.34,59309.1,59309.1,-5579.24,-8.6,Actual,No
ER-0164,2026-01-22,Jan 2026,2026,1,Q1,Expense,Marketing & Advertising,Marketing,West,21362.61,23285.07,23285.07,1922.46,9.0,Actual,No
ER-0157,2026-01-27,Jan 2026,2026,1,Q1,Revenue,Product Sales,Sales,Central,163325.85,161717.58,161717.58,-1608.27,-1.0,Actual,No
ER-0161,2026-01-27,Jan 2026,2026,1,Q1,Revenue,Other Revenue,Finance,Central,28960.29,26406.72,26406.72,-2553.57,-8.8,Actual,No
ER-0171,2026-02-02,Feb 2026,2026,2,Q1,Revenue,Service Revenue,Sales,East,156882.97,148623.56,148623.56,-8259.41,-5.3,Actual,No
ER-0172,2026-02-09,Feb 2026,2026,2,Q1,Revenue,Subscription Revenue,Sales,West,93097.81,85253.34,85253.34,-7844.47,-8.4,Actual,No
ER-0179,2026-02-10,Feb 2026,2026,2,Q1,Expense,Technology & IT,IT,East,15122.88,14865.39,14865.39,-257.49,-1.7,Actual,Yes
ER-0173,2026-02-12,Feb 2026,2026,2,Q1,Revenue,Consulting Revenue,Sales,West,60657.78,56142.64,56142.64,-4515.14,-7.4,Actual,No
ER-0181,2026-02-16,Feb 2026,2026,2,Q1,Expense,General & Administrative,Finance,Central,20155.23,19101.78,19101.78,-1053.45,-5.2,Actual,Yes
ER-0175,2026-02-18,Feb 2026,2026,2,Q1,Expense,Cost of Goods Sold,Operations,South,171342.39,186444.48,186444.48,15102.09,8.8,Actual,No
ER-0178,2026-02-18,Feb 2026,2026,2,Q1,Expense,Operations & Facilities,Operations,South,39423.0,42670.71,42670.71,3247.71,8.2,Actual,No
ER-0174,2026-02-21,Feb 2026,2026,2,Q1,Revenue,Other Revenue,Finance,West,27453.86,29509.36,29509.36,2055.5,7.5,Actual,Yes
ER-0177,2026-02-21,Feb 2026,2026,2,Q1,Expense,Marketing & Advertising,Marketing,East,33034.42,34703.77,34703.77,1669.35,5.1,Actual,No
ER-0180,2026-02-21,Feb 2026,2026,2,Q1,Expense,Research & Development,R&D,East,23951.0,25094.64,25094.64,1143.64,4.8,Actual,No
ER-0182,2026-02-21,Feb 2026,2026,2,Q1,Expense,Depreciation,Finance,South,14688.76,13571.66,13571.66,-1117.1,-7.6,Actual,Yes
ER-0176,2026-02-24,Feb 2026,2026,2,Q1,Expense,Salaries & Benefits,HR,West,171957.26,156463.09,156463.09,-15494.17,-9.0,Actual,Yes
ER-0170,2026-02-25,Feb 2026,2026,2,Q1,Revenue,Product Sales,Sales,East,174516.13,192334.18,192334.18,17818.05,10.2,Actual,Yes
ER-0195,2026-03-03,Mar 2026,2026,3,Q1,Expense,Depreciation,Finance,West,17682.81,17646.82,17646.82,-35.99,-0.2,Actual,Yes
ER-0187,2026-03-07,Mar 2026,2026,3,Q1,Revenue,Other Revenue,Finance,North,16102.72,17298.28,17298.28,1195.56,7.4,Actual,Yes
ER-0185,2026-03-08,Mar 2026,2026,3,Q1,Revenue,Subscription Revenue,Sales,North,80645.38,81570.26,81570.26,924.88,1.1,Actual,Yes
ER-0193,2026-03-10,Mar 2026,2026,3,Q1,Expense,Research & Development,R&D,North,37602.71,37090.08,37090.08,-512.63,-1.4,Actual,Yes
ER-0184,2026-03-11,Mar 2026,2026,3,Q1,Revenue,Service Revenue,Sales,West,129534.79,128073.2,128073.2,-1461.59,-1.1,Actual,No
ER-0186,2026-03-11,Mar 2026,2026,3,Q1,Revenue,Consulting Revenue,Sales,South,40481.71,41024.56,41024.56,542.85,1.3,Actual,Yes
ER-0190,2026-03-12,Mar 2026,2026,3,Q1,Expense,Marketing & Advertising,Marketing,South,34925.84,35444.7,35444.7,518.86,1.5,Actual,No
ER-0192,2026-03-13,Mar 2026,2026,3,Q1,Expense,Technology & IT,IT,West,12777.94,13791.97,13791.97,1014.03,7.9,Actual,No
ER-0188,2026-03-14,Mar 2026,2026,3,Q1,Expense,Cost of Goods Sold,Operations,Central,154965.76,152262.59,152262.59,-2703.17,-1.7,Actual,Yes
ER-0189,2026-03-25,Mar 2026,2026,3,Q1,Expense,Salaries & Benefits,HR,North,121000.49,115440.27,115440.27,-5560.22,-4.6,Actual,Yes
ER-0194,2026-03-25,Mar 2026,2026,3,Q1,Expense,General & Administrative,Finance,West,13181.18,12983.99,12983.99,-197.19,-1.5,Actual,Yes
ER-0183,2026-03-26,Mar 2026,2026,3,Q1,Revenue,Product Sales,Sales,West,174282.41,174307.71,174307.71,25.3,0.0,Actual,Yes
ER-0191,2026-03-26,Mar 2026,2026,3,Q1,Expense,Operations & Facilities,Operations,South,47470.13,47747.6,47747.6,277.47,0.6,Actual,No
ER-0200,2026-04-01,Apr 2026,2026,4,Q2,Revenue,Other Revenue,Finance,South,9870.07,10525.9,10525.9,655.83,6.6,Actual,Yes
ER-0205,2026-04-01,Apr 2026,2026,4,Q2,Expense,Technology & IT,IT,Central,16707.49,17045.18,17045.18,337.69,2.0,Actual,No
ER-0203,2026-04-03,Apr 2026,2026,4,Q2,Expense,Marketing & Advertising,Marketing,East,42943.28,39612.02,39612.02,-3331.26,-7.8,Actual,Yes
ER-0197,2026-04-04,Apr 2026,2026,4,Q2,Revenue,Service Revenue,Sales,South,167501.7,157389.9,157389.9,-10111.8,-6.0,Actual,No
ER-0207,2026-04-08,Apr 2026,2026,4,Q2,Expense,General & Administrative,Finance,North,21882.61,20721.82,20721.82,-1160.79,-5.3,Actual,Yes
ER-0208,2026-04-10,Apr 2026,2026,4,Q2,Expense,Depreciation,Finance,North,17606.14,18326.77,18326.77,720.63,4.1,Actual,No
ER-0206,2026-04-11,Apr 2026,2026,4,Q2,Expense,Research & Development,R&D,South,25553.25,25352.35,25352.35,-200.9,-0.8,Actual,Yes
ER-0204,2026-04-13,Apr 2026,2026,4,Q2,Expense,Operations & Facilities,Operations,East,40977.47,41656.8,41656.8,679.33,1.7,Actual,No
ER-0196,2026-04-17,Apr 2026,2026,4,Q2,Revenue,Product Sales,Sales,West,336745.32,371348.79,371348.79,34603.47,10.3,Actual,Yes
ER-0202,2026-04-17,Apr 2026,2026,4,Q2,Expense,Salaries & Benefits,HR,West,196243.49,201207.38,201207.38,4963.89,2.5,Actual,No
ER-0199,2026-04-21,Apr 2026,2026,4,Q2,Revenue,Consulting Revenue,Sales,West,86489.43,91092.09,91092.09,4602.66,5.3,Actual,Yes
ER-0201,2026-04-21,Apr 2026,2026,4,Q2,Expense,Cost of Goods Sold,Operations,East,103257.68,111929.68,111929.68,8672.0,8.4,Actual,No
ER-0198,2026-04-22,Apr 2026,2026,4,Q2,Revenue,Subscription Revenue,Sales,North,64262.7,64607.65,64607.65,344.95,0.5,Actual,Yes
ER-0212,2026-05-01,May 2026,2026,5,Q2,Revenue,Consulting Revenue,Sales,East,51739.19,50452.23,50452.23,-1286.96,-2.5,Actual,No
ER-0219,2026-05-05,May 2026,2026,5,Q2,Expense,Research & Development,R&D,West,22453.22,24582.32,24582.32,2129.1,9.5,Actual,No
ER-0213,2026-05-07,May 2026,2026,5,Q2,Revenue,Other Revenue,Finance,West,24260.84,24289.24,24289.24,28.4,0.1,Actual,Yes
ER-0211,2026-05-11,May 2026,2026,5,Q2,Revenue,Subscription Revenue,Sales,West,68607.16,60935.74,60935.74,-7671.42,-11.2,Actual,No
ER-0218,2026-05-13,May 2026,2026,5,Q2,Expense,Technology & IT,IT,North,38462.84,35742.62,35742.62,-2720.22,-7.1,Actual,Yes
ER-0220,2026-05-13,May 2026,2026,5,Q2,Expense,General & Administrative,Finance,West,11296.01,10302.27,10302.27,-993.74,-8.8,Actual,Yes
ER-0210,2026-05-14,May 2026,2026,5,Q2,Revenue,Service Revenue,Sales,East,87298.29,81596.12,81596.12,-5702.17,-6.5,Actual,No
ER-0216,2026-05-20,May 2026,2026,5,Q2,Expense,Marketing & Advertising,Marketing,South,19360.32,19838.9,19838.9,478.58,2.5,Actual,No
ER-0209,2026-05-22,May 2026,2026,5,Q2,Revenue,Product Sales,Sales,West,164139.6,164073.03,164073.03,-66.57,-0.0,Actual,No
ER-0221,2026-05-24,May 2026,2026,5,Q2,Expense,Depreciation,Finance,North,16981.67,18284.45,18284.45,1302.78,7.7,Actual,No
ER-0215,2026-05-25,May 2026,2026,5,Q2,Expense,Salaries & Benefits,HR,East,123080.88,116223.87,116223.87,-6857.01,-5.6,Actual,Yes
ER-0214,2026-05-27,May 2026,2026,5,Q2,Expense,Cost of Goods Sold,Operations,South,176985.87,170321.14,170321.14,-6664.73,-3.8,Actual,Yes
ER-0217,2026-05-30,May 2026,2026,5,Q2,Expense,Operations & Facilities,Operations,North,55859.05,55692.06,55692.06,-166.99,-0.3,Actual,Yes
ER-0225,2026-06-04,Jun 2026,2026,6,Q2,Revenue,Consulting Revenue,Sales,North,89098.97,0.0,88380.91,0.0,0.0,Forecast,
ER-0229,2026-06-07,Jun 2026,2026,6,Q2,Expense,Marketing & Advertising,Marketing,East,18510.41,0.0,18966.34,0.0,0.0,Forecast,
ER-0222,2026-06-11,Jun 2026,2026,6,Q2,Revenue,Product Sales,Sales,South,349530.66,0.0,370650.48,0.0,0.0,Forecast,
ER-0230,2026-06-11,Jun 2026,2026,6,Q2,Expense,Operations & Facilities,Operations,East,41661.16,0.0,41392.93,0.0,0.0,Forecast,
ER-0224,2026-06-13,Jun 2026,2026,6,Q2,Revenue,Subscription Revenue,Sales,East,56913.62,0.0,58223.78,0.0,0.0,Forecast,
ER-0227,2026-06-13,Jun 2026,2026,6,Q2,Expense,Cost of Goods Sold,Operations,East,136112.89,0.0,140340.09,0.0,0.0,Forecast,
ER-0232,2026-06-13,Jun 2026,2026,6,Q2,Expense,Research & Development,R&D,North,23680.46,0.0,24036.83,0.0,0.0,Forecast,
ER-0226,2026-06-14,Jun 2026,2026,6,Q2,Revenue,Other Revenue,Finance,North,9721.32,0.0,9150.74,0.0,0.0,Forecast,
ER-0231,2026-06-21,Jun 2026,2026,6,Q2,Expense,Technology & IT,IT,West,32119.59,0.0,32021.44,0.0,0.0,Forecast,
ER-0223,2026-06-24,Jun 2026,2026,6,Q2,Revenue,Service Revenue,Sales,West,96696.1,0.0,102596.83,0.0,0.0,Forecast,
ER-0228,2026-06-26,Jun 2026,2026,6,Q2,Expense,Salaries & Benefits,HR,West,176873.21,0.0,172812.89,0.0,0.0,Forecast,
ER-0233,2026-06-26,Jun 2026,2026,6,Q2,Expense,General & Administrative,Finance,North,19389.19,0.0,19305.55,0.0,0.0,Forecast,
ER-0234,2026-06-29,Jun 2026,2026,6,Q2,Expense,Depreciation,Finance,Central,10570.16,0.0,10883.82,0.0,0.0,Forecast,
ER-0244,2026-07-03,Jul 2026,2026,7,Q3,Expense,Technology & IT,IT,Central,20855.75,0.0,21562.13,0.0,0.0,Forecast,
ER-0245,2026-07-08,Jul 2026,2026,7,Q3,Expense,Research & Development,R&D,West,21905.91,0.0,22570.67,0.0,0.0,Forecast,
ER-0240,2026-07-09,Jul 2026,2026,7,Q3,Expense,Cost of Goods Sold,Operations,West,175391.06,0.0,173002.55,0.0,0.0,Forecast,
ER-0242,2026-07-10,Jul 2026,2026,7,Q3,Expense,Marketing & Advertising,Marketing,South,15348.21,0.0,16142.12,0.0,0.0,Forecast,
ER-0243,2026-07-11,Jul 2026,2026,7,Q3,Expense,Operations & Facilities,Operations,West,44290.17,0.0,43374.96,0.0,0.0,Forecast,
ER-0239,2026-07-16,Jul 2026,2026,7,Q3,Revenue,Other Revenue,Finance,West,8533.65,0.0,8215.7,0.0,0.0,Forecast,
ER-0241,2026-07-16,Jul 2026,2026,7,Q3,Expense,Salaries & Benefits,HR,South,181480.03,0.0,173481.27,0.0,0.0,Forecast,
ER-0246,2026-07-18,Jul 2026,2026,7,Q3,Expense,General & Administrative,Finance,Central,11618.33,0.0,10968.44,0.0,0.0,Forecast,
ER-0236,2026-07-23,Jul 2026,2026,7,Q3,Revenue,Service Revenue,Sales,East,83922.7,0.0,86818.14,0.0,0.0,Forecast,
ER-0237,2026-07-24,Jul 2026,2026,7,Q3,Revenue,Subscription Revenue,Sales,Central,110453.68,0.0,107320.86,0.0,0.0,Forecast,
ER-0247,2026-07-29,Jul 2026,2026,7,Q3,Expense,Depreciation,Finance,North,11257.58,0.0,11906.36,0.0,0.0,Forecast,
ER-0235,2026-07-31,Jul 2026,2026,7,Q3,Revenue,Product Sales,Sales,Central,224423.21,0.0,217269.51,0.0,0.0,Forecast,
ER-0238,2026-07-31,Jul 2026,2026,7,Q3,Revenue,Consulting Revenue,Sales,North,84987.58,0.0,86581.71,0.0,0.0,Forecast,
ER-0259,2026-08-02,Aug 2026,2026,8,Q3,Expense,General & Administrative,Finance,East,31013.91,0.0,32556.08,0.0,0.0,Forecast,
ER-0248,2026-08-03,Aug 2026,2026,8,Q3,Revenue,Product Sales,Sales,South,347686.53,0.0,336242.35,0.0,0.0,Forecast,
ER-0257,2026-08-04,Aug 2026,2026,8,Q3,Expense,Technology & IT,IT,West,25789.26,0.0,26252.35,0.0,0.0,Forecast,
ER-0255,2026-08-07,Aug 2026,2026,8,Q3,Expense,Marketing & Advertising,Marketing,East,26254.16,0.0,27538.2,0.0,0.0,Forecast,
ER-0254,2026-08-08,Aug 2026,2026,8,Q3,Expense,Salaries & Benefits,HR,South,143939.78,0.0,138511.58,0.0,0.0,Forecast,
ER-0256,2026-08-08,Aug 2026,2026,8,Q3,Expense,Operations & Facilities,Operations,Central,22592.16,0.0,21918.88,0.0,0.0,Forecast,
ER-0252,2026-08-09,Aug 2026,2026,8,Q3,Revenue,Other Revenue,Finance,Central,25154.51,0.0,24428.78,0.0,0.0,Forecast,
ER-0253,2026-08-09,Aug 2026,2026,8,Q3,Expense,Cost of Goods Sold,Operations,South,106766.59,0.0,103615.56,0.0,0.0,Forecast,
ER-0250,2026-08-15,Aug 2026,2026,8,Q3,Revenue,Subscription Revenue,Sales,Central,65391.51,0.0,62031.06,0.0,0.0,Forecast,
ER-0258,2026-08-16,Aug 2026,2026,8,Q3,Expense,Research & Development,R&D,South,49683.45,0.0,47312.55,0.0,0.0,Forecast,
ER-0251,2026-08-18,Aug 2026,2026,8,Q3,Revenue,Consulting Revenue,Sales,North,83475.75,0.0,80378.02,0.0,0.0,Forecast,
ER-0260,2026-08-20,Aug 2026,2026,8,Q3,Expense,Depreciation,Finance,Central,10328.93,0.0,9771.65,0.0,0.0,Forecast,
ER-0249,2026-08-23,Aug 2026,2026,8,Q3,Revenue,Service Revenue,Sales,West,88678.03,0.0,88659.1,0.0,0.0,Forecast,
ER-0273,2026-09-01,Sep 2026,2026,9,Q3,Expense,Depreciation,Finance,East,16836.95,0.0,16663.35,0.0,0.0,Forecast,
ER-0268,2026-09-03,Sep 2026,2026,9,Q3,Expense,Marketing & Advertising,Marketing,West,46811.25,0.0,47081.13,0.0,0.0,Forecast,
ER-0264,2026-09-05,Sep 2026,2026,9,Q3,Revenue,Consulting Revenue,Sales,North,43058.73,0.0,42267.28,0.0,0.0,Forecast,
ER-0270,2026-09-06,Sep 2026,2026,9,Q3,Expense,Technology & IT,IT,West,29175.46,0.0,27744.06,0.0,0.0,Forecast,
ER-0267,2026-09-07,Sep 2026,2026,9,Q3,Expense,Salaries & Benefits,HR,North,118514.51,0.0,115843.61,0.0,0.0,Forecast,
ER-0271,2026-09-10,Sep 2026,2026,9,Q3,Expense,Research & Development,R&D,East,39339.21,0.0,38913.35,0.0,0.0,Forecast,
ER-0266,2026-09-14,Sep 2026,2026,9,Q3,Expense,Cost of Goods Sold,Operations,East,161474.37,0.0,167652.38,0.0,0.0,Forecast,
ER-0261,2026-09-17,Sep 2026,2026,9,Q3,Revenue,Product Sales,Sales,South,196890.71,0.0,185178.93,0.0,0.0,Forecast,
ER-0269,2026-09-18,Sep 2026,2026,9,Q3,Expense,Operations & Facilities,Operations,South,24055.51,0.0,23753.27,0.0,0.0,Forecast,
ER-0263,2026-09-20,Sep 2026,2026,9,Q3,Revenue,Subscription Revenue,Sales,East,61346.8,0.0,62172.56,0.0,0.0,Forecast,
ER-0265,2026-09-20,Sep 2026,2026,9,Q3,Revenue,Other Revenue,Finance,South,12487.48,0.0,12059.01,0.0,0.0,Forecast,
ER-0272,2026-09-24,Sep 2026,2026,9,Q3,Expense,General & Administrative,Finance,Central,20446.13,0.0,19345.38,0.0,0.0,Forecast,
ER-0262,2026-09-25,Sep 2026,2026,9,Q3,Revenue,Service Revenue,Sales,North,120420.25,0.0,116373.26,0.0,0.0,Forecast,
ER-0277,2026-10-01,Oct 2026,2026,10,Q4,Revenue,Consulting Revenue,Sales,North,57654.37,0.0,54930.56,0.0,0.0,Forecast,
ER-0283,2026-10-02,Oct 2026,2026,10,Q4,Expense,Technology & IT,IT,West,19048.46,0.0,19819.45,0.0,0.0,Forecast,
ER-0275,2026-10-06,Oct 2026,2026,10,Q4,Revenue,Service Revenue,Sales,West,164778.87,0.0,163260.1,0.0,0.0,Forecast,
ER-0280,2026-10-06,Oct 2026,2026,10,Q4,Expense,Salaries & Benefits,HR,Central,117168.57,0.0,115030.64,0.0,0.0,Forecast,
ER-0279,2026-10-12,Oct 2026,2026,10,Q4,Expense,Cost of Goods Sold,Operations,Central,88903.11,0.0,90206.73,0.0,0.0,Forecast,
ER-0274,2026-10-13,Oct 2026,2026,10,Q4,Revenue,Product Sales,Sales,South,324818.49,0.0,319849.53,0.0,0.0,Forecast,
ER-0281,2026-10-13,Oct 2026,2026,10,Q4,Expense,Marketing & Advertising,Marketing,West,21871.41,0.0,20735.23,0.0,0.0,Forecast,
ER-0276,2026-10-19,Oct 2026,2026,10,Q4,Revenue,Subscription Revenue,Sales,East,61812.36,0.0,58268.55,0.0,0.0,Forecast,
ER-0286,2026-10-20,Oct 2026,2026,10,Q4,Expense,Depreciation,Finance,West,14403.24,0.0,15019.56,0.0,0.0,Forecast,
ER-0284,2026-10-21,Oct 2026,2026,10,Q4,Expense,Research & Development,R&D,West,26008.41,0.0,26344.37,0.0,0.0,Forecast,
ER-0285,2026-10-23,Oct 2026,2026,10,Q4,Expense,General & Administrative,Finance,South,12157.36,0.0,12467.1,0.0,0.0,Forecast,
ER-0282,2026-10-26,Oct 2026,2026,10,Q4,Expense,Operations & Facilities,Operations,South,50142.23,0.0,51900.08,0.0,0.0,Forecast,
ER-0278,2026-10-30,Oct 2026,2026,10,Q4,Revenue,Other Revenue,Finance,West,20134.05,0.0,20530.56,0.0,0.0,Forecast,
ER-0289,2026-11-08,Nov 2026,2026,11,Q4,Revenue,Subscription Revenue,Sales,South,78014.58,0.0,73897.59,0.0,0.0,Forecast,
ER-0293,2026-11-08,Nov 2026,2026,11,Q4,Expense,Salaries & Benefits,HR,West,164902.79,0.0,161107.62,0.0,0.0,Forecast,
ER-0298,2026-11-12,Nov 2026,2026,11,Q4,Expense,General & Administrative,Finance,North,11678.02,0.0,11479.83,0.0,0.0,Forecast,
ER-0291,2026-11-13,Nov 2026,2026,11,Q4,Revenue,Other Revenue,Finance,Central,22693.72,0.0,22135.19,0.0,0.0,Forecast,
ER-0297,2026-11-13,Nov 2026,2026,11,Q4,Expense,Research & Development,R&D,North,44279.08,0.0,45929.07,0.0,0.0,Forecast,
ER-0287,2026-11-16,Nov 2026,2026,11,Q4,Revenue,Product Sales,Sales,South,318318.31,0.0,304775.72,0.0,0.0,Forecast,
ER-0295,2026-11-16,Nov 2026,2026,11,Q4,Expense,Operations & Facilities,Operations,West,27150.56,0.0,25532.96,0.0,0.0,Forecast,
ER-0288,2026-11-17,Nov 2026,2026,11,Q4,Revenue,Service Revenue,Sales,South,130888.45,0.0,122490.62,0.0,0.0,Forecast,
ER-0294,2026-11-17,Nov 2026,2026,11,Q4,Expense,Marketing & Advertising,Marketing,West,30568.48,0.0,30082.26,0.0,0.0,Forecast,
ER-0299,2026-11-22,Nov 2026,2026,11,Q4,Expense,Depreciation,Finance,North,16022.82,0.0,16031.17,0.0,0.0,Forecast,
ER-0290,2026-11-25,Nov 2026,2026,11,Q4,Revenue,Consulting Revenue,Sales,North,32465.94,0.0,32749.3,0.0,0.0,Forecast,
ER-0292,2026-11-25,Nov 2026,2026,11,Q4,Expense,Cost of Goods Sold,Operations,East,125573.35,0.0,130832.51,0.0,0.0,Forecast,
ER-0296,2026-11-25,Nov 2026,2026,11,Q4,Expense,Technology & IT,IT,West,17057.53,0.0,17597.02,0.0,0.0,Forecast,
ER-0301,2026-12-02,Dec 2026,2026,12,Q4,Revenue,Service Revenue,Sales,Central,149987.25,0.0,150228.35,0.0,0.0,Forecast,
ER-0305,2026-12-06,Dec 2026,2026,12,Q4,Expense,Cost of Goods Sold,Operations,South,175663.93,0.0,184433.94,0.0,0.0,Forecast,
ER-0310,2026-12-06,Dec 2026,2026,12,Q4,Expense,Research & Development,R&D,West,26167.71,0.0,24713.31,0.0,0.0,Forecast,
ER-0307,2026-12-09,Dec 2026,2026,12,Q4,Expense,Marketing & Advertising,Marketing,West,21350.7,0.0,22366.66,0.0,0.0,Forecast,
ER-0304,2026-12-16,Dec 2026,2026,12,Q4,Revenue,Other Revenue,Finance,East,12261.56,0.0,13088.5,0.0,0.0,Forecast,
ER-0309,2026-12-17,Dec 2026,2026,12,Q4,Expense,Technology & IT,IT,South,16249.7,0.0,15787.3,0.0,0.0,Forecast,
ER-0303,2026-12-20,Dec 2026,2026,12,Q4,Revenue,Consulting Revenue,Sales,North,31551.39,0.0,29636.01,0.0,0.0,Forecast,
ER-0311,2026-12-22,Dec 2026,2026,12,Q4,Expense,General & Administrative,Finance,East,14030.73,0.0,14765.5,0.0,0.0,Forecast,
ER-0306,2026-12-25,Dec 2026,2026,12,Q4,Expense,Salaries & Benefits,HR,East,106551.62,0.0,104645.17,0.0,0.0,Forecast,
ER-0302,2026-12-26,Dec 2026,2026,12,Q4,Revenue,Subscription Revenue,Sales,South,108692.05,0.0,111016.36,0.0,0.0,Forecast,
ER-0312,2026-12-26,Dec 2026,2026,12,Q4,Expense,Depreciation,Finance,East,16954.13,0.0,16280.19,0.0,0.0,Forecast,
ER-0300,2026-12-30,Dec 2026,2026,12,Q4,Revenue,Product Sales,Sales,East,192882.38,0.0,182898.39,0.0,0.0,Forecast,
ER-0308,2026-12-30,Dec 2026,2026,12,Q4,Expense,Operations & Facilities,Operations,West,25742.89,0.0,25749.74,0.0,0.0,Forecast,
