invoice_id,customer_name,customer_segment,invoice_date,due_date,invoice_amount,paid_amount,outstanding_balance,days_overdue,aging_bucket,status,region,sales_rep
INV-0001,UniMart Ltd,Retail,2025-03-22,2025-04-21,11548.93,0.0,11548.93,41,31-60,Overdue,North,Maria Lopez
INV-0002,Vertex Supply,SMB,2024-12-31,2025-03-01,2073.24,2073.24,0.0,0,Current,Paid,Central,Carlos Perez
INV-0003,Harbor Goods,SMB,2025-01-08,2025-02-07,35942.97,0.0,35942.97,114,90+,Overdue,Central,Maria Lopez
INV-0004,NovaTech Ltd,Corporate,2025-01-01,2025-02-15,40566.81,40566.81,0.0,0,Current,Paid,South,Andres Gomez
INV-0005,Zenith Corp,Corporate,2025-03-05,2025-04-19,8196.24,0.0,8196.24,43,31-60,Overdue,South,Valentina Cruz
INV-0006,KeyStone LLC,SMB,2025-02-23,2025-03-10,18269.48,5451.44,12818.04,83,61-90,Partial,North,Carlos Perez
INV-0007,BlueStar Ltd,Corporate,2025-02-24,2025-03-11,27826.01,0.0,27826.01,82,61-90,Overdue,West,Carlos Perez
INV-0008,TechWorld Inc,Corporate,2025-05-14,2025-05-29,33232.53,0.0,33232.53,3,1-30,Overdue,East,Luis Mendez
INV-0009,CityRetail SA,Retail,2025-02-23,2025-04-09,22943.81,0.0,22943.81,53,31-60,Overdue,South,Carlos Perez
INV-0010,FastMart Inc,Retail,2025-04-08,2025-05-23,35240.11,0.0,35240.11,9,1-30,Overdue,East,Diego Herrera
INV-0011,CityRetail SA,Retail,2025-01-15,2025-02-14,8588.42,7232.67,1355.75,107,90+,Partial,Central,Ana Torres
INV-0012,UniMart Ltd,Retail,2024-12-07,2025-01-21,42221.17,0.0,42221.17,131,90+,Overdue,Central,Luis Mendez
INV-0013,Harbor Goods,SMB,2025-02-18,2025-04-04,3776.34,0.0,3776.34,58,31-60,Overdue,North,Diego Herrera
INV-0014,SkyLink SA,SMB,2024-12-15,2025-02-13,20083.78,0.0,20083.78,108,90+,Overdue,East,Luis Mendez
INV-0015,Omega Retail,Retail,2025-04-26,2025-05-26,37376.95,24678.52,12698.43,6,1-30,Partial,South,Sofia Ruiz
INV-0016,NovaTech Ltd,Corporate,2025-02-28,2025-03-30,49867.63,49867.63,0.0,0,Current,Paid,Central,Valentina Cruz
INV-0017,PrimeParts Co,SMB,2025-05-03,2025-06-02,31558.58,0.0,31558.58,0,Current,Current,North,Maria Lopez
INV-0018,Zenith Corp,Corporate,2025-02-22,2025-04-23,29996.48,8655.8,21340.68,39,31-60,Partial,West,Carlos Perez
INV-0019,RedLine Corp,Corporate,2024-12-08,2025-01-22,38545.64,12339.43,26206.21,130,90+,Partial,North,Carlos Perez
INV-0020,FastMart Inc,Retail,2025-03-25,2025-04-24,25630.24,25630.24,0.0,0,Current,Paid,West,Maria Lopez
INV-0021,UniMart Ltd,Retail,2025-04-22,2025-06-06,38244.28,0.0,38244.28,0,Current,Current,East,Luis Mendez
INV-0022,RedLine Corp,Corporate,2024-12-29,2025-02-12,24685.98,24685.98,0.0,0,Current,Paid,Central,Maria Lopez
INV-0023,Luminary Corp,Corporate,2025-05-17,2025-06-16,43961.48,0.0,43961.48,0,Current,Current,East,Luis Mendez
INV-0024,CityRetail SA,Retail,2025-05-14,2025-06-13,6855.38,0.0,6855.38,0,Current,Current,North,Andres Gomez
INV-0025,PrimeParts Co,SMB,2025-03-25,2025-05-24,48235.96,0.0,48235.96,8,1-30,Overdue,Central,Ana Torres
INV-0026,YieldTech,SMB,2025-02-18,2025-04-04,22185.95,4232.04,17953.91,58,31-60,Partial,South,Sofia Ruiz
INV-0027,Harbor Goods,SMB,2025-05-26,2025-06-25,29627.79,0.0,29627.79,0,Current,Current,North,Diego Herrera
INV-0028,Acme Corp,Corporate,2025-04-03,2025-04-18,45318.29,0.0,45318.29,44,31-60,Overdue,North,Maria Lopez
INV-0029,CityRetail SA,Retail,2025-03-21,2025-05-20,11104.72,11104.72,0.0,0,Current,Paid,Central,Luis Mendez
INV-0030,DynaBuy Inc,Retail,2025-03-30,2025-05-29,40471.1,40471.1,0.0,0,Current,Paid,Central,Andres Gomez
INV-0031,Delta Supplies,SMB,2025-02-12,2025-04-13,23617.72,0.0,23617.72,49,31-60,Overdue,West,Diego Herrera
INV-0032,Vertex Supply,SMB,2025-02-17,2025-04-03,40129.33,40129.33,0.0,0,Current,Paid,North,Maria Lopez
INV-0033,Global Parts Co,Corporate,2025-04-26,2025-06-25,9582.66,0.0,9582.66,0,Current,Current,South,Andres Gomez
INV-0034,Omega Retail,Retail,2025-02-07,2025-02-22,3004.12,0.0,3004.12,99,90+,Overdue,South,Carlos Perez
INV-0035,Apex Retail,Retail,2025-04-01,2025-05-01,20617.5,15431.95,5185.55,31,31-60,Partial,North,Carlos Perez
INV-0036,Crest Corp,Corporate,2025-02-23,2025-03-10,49272.79,49272.79,0.0,0,Current,Paid,North,Ana Torres
INV-0037,Zenith Corp,Corporate,2025-02-12,2025-04-13,8162.44,8162.44,0.0,0,Current,Paid,West,Sofia Ruiz
INV-0038,BlueStar Ltd,Corporate,2025-03-12,2025-03-27,2982.05,2354.45,627.6,66,61-90,Partial,Central,Maria Lopez
INV-0039,QualityGoods,Retail,2025-01-21,2025-02-05,42641.46,42641.46,0.0,0,Current,Paid,South,Maria Lopez
INV-0040,CityRetail SA,Retail,2025-05-01,2025-05-31,29156.49,29156.49,0.0,0,Current,Paid,South,Valentina Cruz
INV-0041,CityRetail SA,Retail,2025-03-26,2025-04-25,33651.44,10068.88,23582.56,37,31-60,Partial,West,Diego Herrera
INV-0042,Eagle Trading,SMB,2025-03-12,2025-03-27,961.12,0.0,961.12,66,61-90,Overdue,East,Andres Gomez
INV-0043,SkyLink SA,SMB,2025-01-14,2025-02-13,25541.29,25541.29,0.0,0,Current,Paid,North,Carlos Perez
INV-0044,Luminary Corp,Corporate,2025-02-26,2025-04-12,8308.47,0.0,8308.47,50,31-60,Overdue,North,Luis Mendez
INV-0045,WaveCo Corp,Corporate,2024-12-12,2025-01-26,46621.92,46621.92,0.0,0,Current,Paid,East,Maria Lopez
INV-0046,Crest Corp,Corporate,2025-05-02,2025-05-17,37249.63,37249.63,0.0,0,Current,Paid,South,Sofia Ruiz
INV-0047,JetLine Inc,Retail,2025-03-05,2025-04-04,34531.11,0.0,34531.11,58,31-60,Overdue,Central,Luis Mendez
INV-0048,QualityGoods,Retail,2025-05-18,2025-06-02,31897.08,0.0,31897.08,0,Current,Current,West,Sofia Ruiz
INV-0049,Apex Retail,Retail,2025-05-31,2025-07-15,38670.4,0.0,38670.4,0,Current,Current,East,Maria Lopez
INV-0050,UniMart Ltd,Retail,2025-02-07,2025-04-08,28264.89,28264.89,0.0,0,Current,Paid,East,Ana Torres
INV-0051,Crest Corp,Corporate,2025-02-26,2025-03-28,21774.44,21774.44,0.0,0,Current,Paid,South,Maria Lopez
INV-0052,Luminary Corp,Corporate,2025-04-08,2025-05-08,33513.2,17423.94,16089.26,24,1-30,Partial,North,Diego Herrera
INV-0053,Bravo Trading,SMB,2025-04-01,2025-05-01,48822.2,0.0,48822.2,31,31-60,Overdue,West,Ana Torres
INV-0054,Crest Corp,Corporate,2025-04-16,2025-05-31,39228.13,23632.22,15595.91,1,1-30,Partial,West,Maria Lopez
INV-0055,XcelBuy SA,Retail,2025-04-21,2025-05-06,19435.82,19435.82,0.0,0,Current,Paid,South,Sofia Ruiz
INV-0056,PrimeParts Co,SMB,2025-02-03,2025-03-20,15606.95,0.0,15606.95,73,61-90,Overdue,South,Luis Mendez
INV-0057,Harbor Goods,SMB,2024-12-14,2025-01-13,20224.07,20224.07,0.0,0,Current,Paid,South,Maria Lopez
INV-0058,CityRetail SA,Retail,2024-12-18,2025-02-16,34136.15,0.0,34136.15,105,90+,Overdue,East,Diego Herrera
INV-0059,KeyStone LLC,SMB,2025-03-26,2025-04-25,29239.19,0.0,29239.19,37,31-60,Overdue,North,Carlos Perez
INV-0060,BlueStar Ltd,Corporate,2025-03-04,2025-04-18,22101.5,0.0,22101.5,44,31-60,Overdue,North,Valentina Cruz
INV-0061,Delta Supplies,SMB,2025-03-27,2025-04-11,35584.87,35584.87,0.0,0,Current,Paid,West,Luis Mendez
INV-0062,DynaBuy Inc,Retail,2025-02-27,2025-04-28,3963.7,0.0,3963.7,34,31-60,Overdue,Central,Luis Mendez
INV-0063,KeyStone LLC,SMB,2024-12-13,2024-12-28,36127.84,11993.12,24134.72,155,90+,Partial,Central,Diego Herrera
INV-0064,NovaTech Ltd,Corporate,2024-12-04,2025-01-18,27943.42,27943.42,0.0,0,Current,Paid,East,Valentina Cruz
INV-0065,Vertex Supply,SMB,2024-12-25,2025-02-08,20600.72,0.0,20600.72,113,90+,Overdue,West,Ana Torres
INV-0066,JetLine Inc,Retail,2025-02-10,2025-03-27,23516.92,6120.89,17396.03,66,61-90,Partial,East,Luis Mendez
INV-0067,PrimeParts Co,SMB,2025-03-20,2025-05-04,5122.67,0.0,5122.67,28,1-30,Overdue,South,Carlos Perez
INV-0068,Harbor Goods,SMB,2025-04-11,2025-05-11,1709.06,1709.06,0.0,0,Current,Paid,East,Luis Mendez
INV-0069,PrimeParts Co,SMB,2025-02-04,2025-04-05,44363.78,0.0,44363.78,57,31-60,Overdue,Central,Carlos Perez
INV-0070,WaveCo Corp,Corporate,2025-02-18,2025-03-20,7804.78,0.0,7804.78,73,61-90,Overdue,West,Andres Gomez
INV-0071,Crest Corp,Corporate,2025-04-05,2025-05-05,40303.44,0.0,40303.44,27,1-30,Overdue,North,Valentina Cruz
INV-0072,Omega Retail,Retail,2025-04-30,2025-06-29,7100.29,0.0,7100.29,0,Current,Current,North,Luis Mendez
INV-0073,Omega Retail,Retail,2025-02-07,2025-04-08,41613.17,32163.07,9450.1,54,31-60,Partial,Central,Diego Herrera
INV-0074,XcelBuy SA,Retail,2025-03-26,2025-04-25,42073.21,42073.21,0.0,0,Current,Paid,West,Andres Gomez
INV-0075,YieldTech,SMB,2024-12-22,2025-01-21,14092.57,14092.57,0.0,0,Current,Paid,Central,Andres Gomez
INV-0076,JetLine Inc,Retail,2025-03-07,2025-04-21,44704.83,44704.83,0.0,0,Current,Paid,South,Sofia Ruiz
INV-0077,Eagle Trading,SMB,2024-12-05,2025-01-04,35467.75,35467.75,0.0,0,Current,Paid,South,Valentina Cruz
INV-0078,NovaTech Ltd,Corporate,2025-02-14,2025-03-01,10738.3,8361.15,2377.15,92,90+,Partial,East,Andres Gomez
INV-0079,SkyLink SA,SMB,2025-01-29,2025-02-13,47165.71,47165.71,0.0,0,Current,Paid,North,Valentina Cruz
INV-0080,MegaBuy SA,Retail,2025-01-27,2025-02-26,14010.3,5487.03,8523.27,95,90+,Partial,West,Luis Mendez
INV-0081,Vertex Supply,SMB,2025-02-01,2025-03-03,49045.74,38265.32,10780.42,90,61-90,Partial,West,Ana Torres
INV-0082,SkyLink SA,SMB,2025-05-10,2025-07-09,7217.12,0.0,7217.12,0,Current,Current,Central,Maria Lopez
INV-0083,Omega Retail,Retail,2025-03-26,2025-05-25,16703.96,5898.59,10805.37,7,1-30,Partial,South,Maria Lopez
INV-0084,Crest Corp,Corporate,2025-02-13,2025-03-30,41828.09,27680.5,14147.59,63,61-90,Partial,West,Sofia Ruiz
INV-0085,BlueStar Ltd,Corporate,2024-12-16,2024-12-31,39171.04,0.0,39171.04,152,90+,Overdue,East,Luis Mendez
INV-0086,YieldTech,SMB,2025-04-10,2025-04-25,31256.12,31256.12,0.0,0,Current,Paid,North,Luis Mendez
INV-0087,PrimeParts Co,SMB,2025-02-01,2025-03-18,38461.46,38461.46,0.0,0,Current,Paid,North,Luis Mendez
INV-0088,TechWorld Inc,Corporate,2025-03-13,2025-03-28,29144.89,0.0,29144.89,65,61-90,Overdue,North,Ana Torres
INV-0089,SkyLink SA,SMB,2025-04-11,2025-04-26,29808.84,0.0,29808.84,36,31-60,Overdue,West,Valentina Cruz
INV-0090,Harbor Goods,SMB,2024-12-07,2024-12-22,39913.25,0.0,39913.25,161,90+,Overdue,North,Sofia Ruiz
INV-0091,BlueStar Ltd,Corporate,2024-12-13,2025-01-27,3913.36,0.0,3913.36,125,90+,Overdue,East,Valentina Cruz
INV-0092,Acme Corp,Corporate,2025-05-04,2025-07-03,48058.98,0.0,48058.98,0,Current,Current,West,Andres Gomez
INV-0093,UniMart Ltd,Retail,2025-02-09,2025-03-11,36822.87,0.0,36822.87,82,61-90,Overdue,West,Ana Torres
INV-0094,Intex Solutions,Corporate,2025-02-01,2025-04-02,41373.86,0.0,41373.86,60,31-60,Overdue,Central,Andres Gomez
INV-0095,KeyStone LLC,SMB,2025-03-21,2025-05-20,12571.24,7011.59,5559.65,12,1-30,Partial,South,Carlos Perez
INV-0096,MegaBuy SA,Retail,2025-01-25,2025-03-11,9501.07,9501.07,0.0,0,Current,Paid,East,Maria Lopez
INV-0097,Zenith Corp,Corporate,2025-03-21,2025-05-05,28011.66,6815.02,21196.64,27,1-30,Partial,East,Diego Herrera
INV-0098,Harbor Goods,SMB,2025-01-09,2025-02-08,34685.16,0.0,34685.16,113,90+,Overdue,West,Andres Gomez
INV-0099,PrimeParts Co,SMB,2025-05-08,2025-06-22,11469.02,0.0,11469.02,0,Current,Current,West,Maria Lopez
INV-0100,WaveCo Corp,Corporate,2024-12-13,2025-01-27,23926.39,10028.22,13898.17,125,90+,Partial,South,Sofia Ruiz
INV-0101,XcelBuy SA,Retail,2025-03-02,2025-05-01,13910.36,13910.36,0.0,0,Current,Paid,Central,Diego Herrera
INV-0102,Delta Supplies,SMB,2025-05-01,2025-05-31,9981.28,0.0,9981.28,1,1-30,Overdue,South,Diego Herrera
INV-0103,Intex Solutions,Corporate,2025-05-06,2025-06-05,15164.2,0.0,15164.2,0,Current,Current,Central,Sofia Ruiz
INV-0104,Luminary Corp,Corporate,2025-05-28,2025-06-27,14078.41,0.0,14078.41,0,Current,Current,South,Sofia Ruiz
INV-0105,BlueStar Ltd,Corporate,2024-12-04,2025-01-03,32074.55,0.0,32074.55,149,90+,Overdue,Central,Sofia Ruiz
INV-0106,Delta Supplies,SMB,2025-01-31,2025-04-01,22303.21,22303.21,0.0,0,Current,Paid,North,Sofia Ruiz
INV-0107,BlueStar Ltd,Corporate,2025-05-02,2025-05-17,20335.02,20335.02,0.0,0,Current,Paid,East,Andres Gomez
INV-0108,UniMart Ltd,Retail,2025-04-23,2025-06-07,4716.45,0.0,4716.45,0,Current,Current,North,Ana Torres
INV-0109,Harbor Goods,SMB,2024-12-27,2025-01-26,38896.83,30393.14,8503.69,126,90+,Partial,North,Valentina Cruz
INV-0110,JetLine Inc,Retail,2025-03-14,2025-03-29,30676.73,0.0,30676.73,64,61-90,Overdue,Central,Valentina Cruz
INV-0111,YieldTech,SMB,2025-03-25,2025-04-09,8274.33,8274.33,0.0,0,Current,Paid,South,Luis Mendez
INV-0112,CityRetail SA,Retail,2025-02-16,2025-04-17,34623.87,4309.98,30313.89,45,31-60,Partial,South,Maria Lopez
INV-0113,JetLine Inc,Retail,2025-05-13,2025-06-12,46233.6,0.0,46233.6,0,Current,Current,East,Andres Gomez
INV-0114,Zenith Corp,Corporate,2025-02-12,2025-02-27,27455.84,0.0,27455.84,94,90+,Overdue,Central,Luis Mendez
INV-0115,DynaBuy Inc,Retail,2025-05-13,2025-05-28,8713.18,5765.67,2947.51,4,1-30,Partial,East,Ana Torres
INV-0116,SkyLink SA,SMB,2025-04-30,2025-06-29,34589.56,0.0,34589.56,0,Current,Current,East,Andres Gomez
INV-0117,WaveCo Corp,Corporate,2025-01-23,2025-03-24,22169.06,0.0,22169.06,69,61-90,Overdue,West,Sofia Ruiz
INV-0118,Crest Corp,Corporate,2024-12-28,2025-02-11,1780.31,1780.31,0.0,0,Current,Paid,West,Diego Herrera
INV-0119,Vertex Supply,SMB,2024-12-10,2025-01-24,29024.23,0.0,29024.23,128,90+,Overdue,Central,Maria Lopez
INV-0120,FastMart Inc,Retail,2025-03-21,2025-04-20,49848.8,35426.73,14422.07,42,31-60,Partial,West,Andres Gomez
INV-0121,CityRetail SA,Retail,2025-02-16,2025-04-02,16392.38,16392.38,0.0,0,Current,Paid,West,Diego Herrera
INV-0122,FastMart Inc,Retail,2024-12-05,2025-02-03,14766.78,0.0,14766.78,118,90+,Overdue,East,Valentina Cruz
INV-0123,Apex Retail,Retail,2025-02-04,2025-02-19,16068.6,13298.99,2769.61,102,90+,Partial,Central,Maria Lopez
INV-0124,MegaBuy SA,Retail,2024-12-14,2025-02-12,20955.75,20955.75,0.0,0,Current,Paid,Central,Maria Lopez
INV-0125,Luminary Corp,Corporate,2024-12-22,2025-02-20,38119.53,38119.53,0.0,0,Current,Paid,Central,Andres Gomez
INV-0126,RedLine Corp,Corporate,2025-02-08,2025-04-09,6510.59,0.0,6510.59,53,31-60,Overdue,South,Sofia Ruiz
INV-0127,TechWorld Inc,Corporate,2025-03-13,2025-03-28,27836.44,27836.44,0.0,0,Current,Paid,South,Ana Torres
INV-0128,Apex Retail,Retail,2025-05-01,2025-05-31,25169.59,0.0,25169.59,1,1-30,Overdue,North,Andres Gomez
INV-0129,QualityGoods,Retail,2025-01-28,2025-03-29,12564.68,0.0,12564.68,64,61-90,Overdue,East,Valentina Cruz
INV-0130,MegaBuy SA,Retail,2025-05-14,2025-06-28,38747.42,0.0,38747.42,0,Current,Current,South,Ana Torres
INV-0131,Bravo Trading,SMB,2025-01-22,2025-03-08,41117.2,41117.2,0.0,0,Current,Paid,West,Diego Herrera
INV-0132,JetLine Inc,Retail,2025-04-23,2025-06-22,27159.74,0.0,27159.74,0,Current,Current,Central,Andres Gomez
INV-0133,Luminary Corp,Corporate,2025-02-04,2025-03-21,43545.28,0.0,43545.28,72,61-90,Overdue,East,Valentina Cruz
INV-0134,Harbor Goods,SMB,2025-04-02,2025-06-01,2660.54,0.0,2660.54,0,Current,Current,Central,Valentina Cruz
INV-0135,XcelBuy SA,Retail,2025-02-22,2025-03-24,25018.77,25018.77,0.0,0,Current,Paid,West,Valentina Cruz
INV-0136,QualityGoods,Retail,2025-05-06,2025-07-05,5435.73,0.0,5435.73,0,Current,Current,Central,Diego Herrera
INV-0137,DynaBuy Inc,Retail,2025-04-25,2025-06-24,43611.18,0.0,43611.18,0,Current,Current,West,Maria Lopez
INV-0138,Eagle Trading,SMB,2025-03-25,2025-05-09,31351.34,5023.63,26327.71,23,1-30,Partial,North,Andres Gomez
INV-0139,KeyStone LLC,SMB,2025-03-11,2025-05-10,43682.96,43682.96,0.0,0,Current,Paid,Central,Valentina Cruz
INV-0140,CityRetail SA,Retail,2025-04-03,2025-04-18,21981.59,21981.59,0.0,0,Current,Paid,South,Sofia Ruiz
INV-0141,UniMart Ltd,Retail,2025-04-19,2025-06-03,45219.49,0.0,45219.49,0,Current,Current,North,Andres Gomez
INV-0142,BlueStar Ltd,Corporate,2025-03-17,2025-05-01,19054.63,19054.63,0.0,0,Current,Paid,East,Maria Lopez
INV-0143,QualityGoods,Retail,2025-04-18,2025-05-18,4408.93,0.0,4408.93,14,1-30,Overdue,West,Ana Torres
INV-0144,TechWorld Inc,Corporate,2025-01-02,2025-02-01,11993.33,0.0,11993.33,120,90+,Overdue,South,Andres Gomez
INV-0145,Omega Retail,Retail,2025-02-01,2025-03-18,34041.74,34041.74,0.0,0,Current,Paid,East,Maria Lopez
INV-0146,Omega Retail,Retail,2024-12-19,2025-02-17,34670.52,11323.09,23347.43,104,90+,Partial,East,Sofia Ruiz
INV-0147,MegaBuy SA,Retail,2025-04-01,2025-05-31,28810.17,0.0,28810.17,1,1-30,Overdue,West,Carlos Perez
INV-0148,WaveCo Corp,Corporate,2024-12-14,2025-02-12,14086.78,0.0,14086.78,109,90+,Overdue,East,Maria Lopez
INV-0149,Vertex Supply,SMB,2025-03-19,2025-04-18,30549.72,17641.35,12908.37,44,31-60,Partial,North,Andres Gomez
INV-0150,TechWorld Inc,Corporate,2024-12-22,2025-01-06,45218.48,0.0,45218.48,146,90+,Overdue,East,Ana Torres
INV-0151,JetLine Inc,Retail,2025-01-03,2025-02-17,36751.81,36751.81,0.0,0,Current,Paid,West,Maria Lopez
INV-0152,JetLine Inc,Retail,2025-04-17,2025-05-17,7041.91,5835.05,1206.86,15,1-30,Partial,East,Valentina Cruz
INV-0153,QualityGoods,Retail,2025-04-19,2025-06-03,45745.42,0.0,45745.42,0,Current,Current,Central,Sofia Ruiz
INV-0154,PrimeParts Co,SMB,2025-05-02,2025-07-01,48163.22,0.0,48163.22,0,Current,Current,East,Diego Herrera
INV-0155,Eagle Trading,SMB,2025-01-09,2025-02-23,4969.99,1482.77,3487.22,98,90+,Partial,South,Valentina Cruz
INV-0156,Delta Supplies,SMB,2024-12-10,2025-01-24,29435.72,0.0,29435.72,128,90+,Overdue,West,Diego Herrera
INV-0157,Luminary Corp,Corporate,2025-01-31,2025-02-15,31167.57,0.0,31167.57,106,90+,Overdue,North,Luis Mendez
INV-0158,KeyStone LLC,SMB,2024-12-17,2025-01-01,31952.49,19996.12,11956.37,151,90+,Partial,Central,Luis Mendez
INV-0159,UniMart Ltd,Retail,2025-04-26,2025-05-11,47339.95,22224.61,25115.34,21,1-30,Partial,West,Carlos Perez
INV-0160,Delta Supplies,SMB,2025-02-21,2025-04-22,18865.07,0.0,18865.07,40,31-60,Overdue,South,Ana Torres
INV-0161,WaveCo Corp,Corporate,2025-01-01,2025-01-31,44327.98,0.0,44327.98,121,90+,Overdue,Central,Valentina Cruz
INV-0162,Apex Retail,Retail,2025-03-21,2025-04-05,34668.89,34668.89,0.0,0,Current,Paid,West,Valentina Cruz
INV-0163,Omega Retail,Retail,2025-05-06,2025-06-20,27451.06,0.0,27451.06,0,Current,Current,South,Diego Herrera
INV-0164,UniMart Ltd,Retail,2025-02-19,2025-04-05,9895.52,9895.52,0.0,0,Current,Paid,East,Maria Lopez
INV-0165,Bravo Trading,SMB,2024-12-13,2025-01-12,32264.37,0.0,32264.37,140,90+,Overdue,West,Carlos Perez
INV-0166,Acme Corp,Corporate,2025-03-30,2025-04-29,39455.42,39455.42,0.0,0,Current,Paid,North,Diego Herrera
INV-0167,Apex Retail,Retail,2025-01-01,2025-01-31,40746.12,40746.12,0.0,0,Current,Paid,Central,Luis Mendez
INV-0168,YieldTech,SMB,2025-03-22,2025-04-21,49382.6,34512.78,14869.82,41,31-60,Partial,South,Maria Lopez
INV-0169,Delta Supplies,SMB,2025-05-28,2025-07-12,39604.24,0.0,39604.24,0,Current,Current,North,Ana Torres
INV-0170,Harbor Goods,SMB,2025-05-27,2025-06-26,13635.69,0.0,13635.69,0,Current,Current,Central,Diego Herrera
INV-0171,Eagle Trading,SMB,2025-05-15,2025-07-14,22689.62,0.0,22689.62,0,Current,Current,West,Carlos Perez
INV-0172,Luminary Corp,Corporate,2025-02-05,2025-03-07,47298.07,47298.07,0.0,0,Current,Paid,Central,Carlos Perez
INV-0173,Zenith Corp,Corporate,2025-02-03,2025-02-18,3510.86,1408.6,2102.26,103,90+,Partial,Central,Sofia Ruiz
INV-0174,Vertex Supply,SMB,2025-02-07,2025-02-22,45013.7,9509.16,35504.54,99,90+,Partial,North,Andres Gomez
INV-0175,Eagle Trading,SMB,2025-02-23,2025-04-09,22958.91,0.0,22958.91,53,31-60,Overdue,East,Diego Herrera
INV-0176,Delta Supplies,SMB,2025-02-10,2025-04-11,44460.51,32036.66,12423.85,51,31-60,Partial,North,Luis Mendez
INV-0177,MegaBuy SA,Retail,2025-03-12,2025-05-11,15969.92,15969.92,0.0,0,Current,Paid,West,Carlos Perez
INV-0178,Eagle Trading,SMB,2025-05-08,2025-05-23,5114.89,5114.89,0.0,0,Current,Paid,West,Carlos Perez
INV-0179,XcelBuy SA,Retail,2025-01-09,2025-01-24,29530.02,0.0,29530.02,128,90+,Overdue,East,Ana Torres
INV-0180,KeyStone LLC,SMB,2025-03-02,2025-05-01,43470.56,0.0,43470.56,31,31-60,Overdue,North,Valentina Cruz
INV-0181,JetLine Inc,Retail,2025-03-02,2025-03-17,29106.97,29106.97,0.0,0,Current,Paid,Central,Sofia Ruiz
INV-0182,Vertex Supply,SMB,2025-05-04,2025-06-18,42345.98,0.0,42345.98,0,Current,Current,West,Luis Mendez
INV-0183,Luminary Corp,Corporate,2025-01-05,2025-02-04,40457.46,0.0,40457.46,117,90+,Overdue,North,Sofia Ruiz
INV-0184,YieldTech,SMB,2024-12-27,2025-02-10,1933.18,1933.18,0.0,0,Current,Paid,Central,Maria Lopez
INV-0185,YieldTech,SMB,2025-03-03,2025-03-18,9479.58,9479.58,0.0,0,Current,Paid,East,Diego Herrera
INV-0186,Vertex Supply,SMB,2025-04-25,2025-05-10,5042.01,1926.78,3115.23,22,1-30,Partial,West,Carlos Perez
INV-0187,Omega Retail,Retail,2025-02-26,2025-04-12,36219.0,0.0,36219.0,50,31-60,Overdue,East,Ana Torres
INV-0188,SkyLink SA,SMB,2025-05-18,2025-06-17,8291.79,0.0,8291.79,0,Current,Current,Central,Carlos Perez
INV-0189,TechWorld Inc,Corporate,2025-03-23,2025-05-22,33265.97,14355.37,18910.6,10,1-30,Partial,North,Carlos Perez
INV-0190,Intex Solutions,Corporate,2025-03-04,2025-05-03,5989.04,0.0,5989.04,29,1-30,Overdue,South,Carlos Perez
INV-0191,SkyLink SA,SMB,2025-05-20,2025-06-19,20065.54,0.0,20065.54,0,Current,Current,West,Sofia Ruiz
INV-0192,TechWorld Inc,Corporate,2025-04-09,2025-05-24,47293.54,0.0,47293.54,8,1-30,Overdue,North,Maria Lopez
INV-0193,YieldTech,SMB,2025-03-09,2025-03-24,882.63,0.0,882.63,69,61-90,Overdue,East,Sofia Ruiz
INV-0194,FastMart Inc,Retail,2025-01-15,2025-02-14,25262.99,0.0,25262.99,107,90+,Overdue,South,Valentina Cruz
INV-0195,Zenith Corp,Corporate,2025-02-19,2025-03-06,22092.87,3499.44,18593.43,87,61-90,Partial,East,Carlos Perez
INV-0196,KeyStone LLC,SMB,2025-01-05,2025-03-06,35620.2,6638.89,28981.31,87,61-90,Partial,Central,Valentina Cruz
INV-0197,Acme Corp,Corporate,2024-12-24,2025-02-22,41685.28,0.0,41685.28,99,90+,Overdue,East,Ana Torres
INV-0198,CityRetail SA,Retail,2025-03-30,2025-05-29,29649.13,11765.52,17883.61,3,1-30,Partial,West,Carlos Perez
INV-0199,JetLine Inc,Retail,2025-03-07,2025-04-06,4280.78,0.0,4280.78,56,31-60,Overdue,East,Luis Mendez
INV-0200,QualityGoods,Retail,2025-03-03,2025-04-17,36505.27,0.0,36505.27,45,31-60,Overdue,Central,Luis Mendez
INV-0201,Apex Retail,Retail,2025-05-05,2025-06-04,13170.43,0.0,13170.43,0,Current,Current,South,Luis Mendez
INV-0202,FastMart Inc,Retail,2024-12-15,2024-12-30,9268.73,0.0,9268.73,153,90+,Overdue,Central,Ana Torres
INV-0203,PrimeParts Co,SMB,2024-12-08,2025-01-22,43280.22,0.0,43280.22,130,90+,Overdue,West,Andres Gomez
INV-0204,Eagle Trading,SMB,2025-01-31,2025-04-01,31753.56,0.0,31753.56,61,61-90,Overdue,West,Carlos Perez
INV-0205,SkyLink SA,SMB,2025-01-22,2025-02-06,15865.19,2263.45,13601.74,115,90+,Partial,North,Diego Herrera
INV-0206,Apex Retail,Retail,2024-12-17,2025-01-01,30942.92,13832.53,17110.39,151,90+,Partial,East,Carlos Perez
INV-0207,RedLine Corp,Corporate,2025-01-05,2025-02-04,16415.57,3498.91,12916.66,117,90+,Partial,North,Andres Gomez
INV-0208,BlueStar Ltd,Corporate,2025-03-05,2025-03-20,25475.18,25475.18,0.0,0,Current,Paid,West,Carlos Perez
INV-0209,Harbor Goods,SMB,2025-01-17,2025-02-16,18512.95,0.0,18512.95,105,90+,Overdue,West,Andres Gomez
INV-0210,MegaBuy SA,Retail,2024-12-09,2024-12-24,39566.73,0.0,39566.73,159,90+,Overdue,West,Diego Herrera
INV-0211,CityRetail SA,Retail,2025-01-09,2025-03-10,14565.28,0.0,14565.28,83,61-90,Overdue,East,Carlos Perez
INV-0212,Vertex Supply,SMB,2025-03-07,2025-03-22,29345.61,29345.61,0.0,0,Current,Paid,Central,Ana Torres
INV-0213,Luminary Corp,Corporate,2025-04-28,2025-05-13,15824.3,10978.05,4846.25,19,1-30,Partial,East,Valentina Cruz
INV-0214,Apex Retail,Retail,2024-12-17,2025-02-15,25670.18,25670.18,0.0,0,Current,Paid,South,Carlos Perez
INV-0215,JetLine Inc,Retail,2025-03-05,2025-05-04,10004.26,0.0,10004.26,28,1-30,Overdue,South,Luis Mendez
INV-0216,Eagle Trading,SMB,2025-05-06,2025-05-21,33265.5,0.0,33265.5,11,1-30,Overdue,North,Sofia Ruiz
INV-0217,TechWorld Inc,Corporate,2025-04-22,2025-05-22,9451.88,0.0,9451.88,10,1-30,Overdue,South,Valentina Cruz
INV-0218,TechWorld Inc,Corporate,2025-05-20,2025-07-19,18532.82,0.0,18532.82,0,Current,Current,South,Andres Gomez
INV-0219,XcelBuy SA,Retail,2024-12-26,2025-02-09,37743.36,0.0,37743.36,112,90+,Overdue,South,Andres Gomez
INV-0220,Harbor Goods,SMB,2025-03-13,2025-05-12,45246.73,45246.73,0.0,0,Current,Paid,Central,Luis Mendez
INV-0221,Vertex Supply,SMB,2025-02-02,2025-03-19,39017.14,16152.93,22864.21,74,61-90,Partial,Central,Andres Gomez
INV-0222,FastMart Inc,Retail,2025-03-28,2025-04-12,32238.36,0.0,32238.36,50,31-60,Overdue,South,Ana Torres
INV-0223,RedLine Corp,Corporate,2025-03-20,2025-04-04,38274.28,38274.28,0.0,0,Current,Paid,North,Carlos Perez
INV-0224,Crest Corp,Corporate,2025-02-09,2025-02-24,47347.46,47347.46,0.0,0,Current,Paid,Central,Ana Torres
INV-0225,Omega Retail,Retail,2025-02-14,2025-03-01,20124.47,7840.99,12283.48,92,90+,Partial,East,Maria Lopez
INV-0226,CityRetail SA,Retail,2025-05-24,2025-07-08,46575.88,0.0,46575.88,0,Current,Current,East,Luis Mendez
INV-0227,Apex Retail,Retail,2025-04-26,2025-05-11,14700.53,0.0,14700.53,21,1-30,Overdue,East,Ana Torres
INV-0228,WaveCo Corp,Corporate,2025-02-06,2025-02-21,45339.95,45339.95,0.0,0,Current,Paid,South,Andres Gomez
INV-0229,Global Parts Co,Corporate,2025-05-03,2025-06-17,12263.19,0.0,12263.19,0,Current,Current,South,Valentina Cruz
INV-0230,Delta Supplies,SMB,2025-02-13,2025-04-14,3608.95,0.0,3608.95,48,31-60,Overdue,North,Luis Mendez
INV-0231,PrimeParts Co,SMB,2024-12-21,2025-01-20,36067.94,36067.94,0.0,0,Current,Paid,Central,Maria Lopez
INV-0232,Acme Corp,Corporate,2025-03-31,2025-05-30,9772.04,0.0,9772.04,2,1-30,Overdue,Central,Diego Herrera
INV-0233,QualityGoods,Retail,2025-01-17,2025-02-01,19827.46,11435.55,8391.91,120,90+,Partial,East,Carlos Perez
INV-0234,Luminary Corp,Corporate,2025-03-01,2025-03-16,17567.72,0.0,17567.72,77,61-90,Overdue,East,Maria Lopez
INV-0235,UniMart Ltd,Retail,2025-04-27,2025-05-12,17938.8,10442.12,7496.68,20,1-30,Partial,North,Diego Herrera
INV-0236,Apex Retail,Retail,2024-12-21,2025-01-20,40669.14,40669.14,0.0,0,Current,Paid,West,Andres Gomez
INV-0237,YieldTech,SMB,2025-03-17,2025-04-16,2668.41,2668.41,0.0,0,Current,Paid,West,Maria Lopez
INV-0238,BlueStar Ltd,Corporate,2025-01-20,2025-03-21,49461.57,14343.13,35118.44,72,61-90,Partial,East,Sofia Ruiz
INV-0239,YieldTech,SMB,2025-03-01,2025-03-16,43357.01,8383.35,34973.66,77,61-90,Partial,South,Sofia Ruiz
INV-0240,Luminary Corp,Corporate,2025-02-08,2025-04-09,17282.31,17282.31,0.0,0,Current,Paid,West,Valentina Cruz
INV-0241,WaveCo Corp,Corporate,2025-01-19,2025-03-05,40156.83,0.0,40156.83,88,61-90,Overdue,West,Diego Herrera
INV-0242,CityRetail SA,Retail,2025-01-12,2025-02-26,16399.97,16399.97,0.0,0,Current,Paid,West,Ana Torres
INV-0243,Vertex Supply,SMB,2025-02-06,2025-04-07,8748.92,3808.82,4940.1,55,31-60,Partial,East,Sofia Ruiz
INV-0244,XcelBuy SA,Retail,2025-03-22,2025-04-06,4214.54,0.0,4214.54,56,31-60,Overdue,East,Valentina Cruz
INV-0245,Luminary Corp,Corporate,2025-05-24,2025-06-23,42509.13,0.0,42509.13,0,Current,Current,Central,Ana Torres
INV-0246,Vertex Supply,SMB,2025-04-29,2025-05-14,12181.77,0.0,12181.77,18,1-30,Overdue,West,Maria Lopez
INV-0247,Luminary Corp,Corporate,2024-12-28,2025-01-27,34113.57,0.0,34113.57,125,90+,Overdue,West,Maria Lopez
INV-0248,Luminary Corp,Corporate,2025-01-05,2025-02-04,26708.26,15682.3,11025.96,117,90+,Partial,West,Carlos Perez
INV-0249,Harbor Goods,SMB,2025-04-14,2025-06-13,26128.39,0.0,26128.39,0,Current,Current,North,Maria Lopez
INV-0250,DynaBuy Inc,Retail,2025-03-25,2025-05-09,35349.87,35349.87,0.0,0,Current,Paid,Central,Carlos Perez
INV-0251,TechWorld Inc,Corporate,2025-04-10,2025-04-25,7218.56,7218.56,0.0,0,Current,Paid,East,Andres Gomez
INV-0252,FastMart Inc,Retail,2024-12-08,2025-01-22,33558.07,0.0,33558.07,130,90+,Overdue,West,Carlos Perez
INV-0253,RedLine Corp,Corporate,2025-03-16,2025-04-15,35734.55,0.0,35734.55,47,31-60,Overdue,Central,Sofia Ruiz
INV-0254,UniMart Ltd,Retail,2025-01-21,2025-02-20,6507.44,6507.44,0.0,0,Current,Paid,South,Diego Herrera
INV-0255,Eagle Trading,SMB,2025-05-25,2025-07-09,27924.06,0.0,27924.06,0,Current,Current,South,Andres Gomez
INV-0256,Luminary Corp,Corporate,2024-12-26,2025-01-10,3754.53,2394.26,1360.27,142,90+,Partial,West,Ana Torres
INV-0257,PrimeParts Co,SMB,2025-02-16,2025-03-03,6703.68,1043.25,5660.43,90,61-90,Partial,Central,Valentina Cruz
INV-0258,Omega Retail,Retail,2025-04-29,2025-05-29,38505.19,38505.19,0.0,0,Current,Paid,Central,Diego Herrera
INV-0259,QualityGoods,Retail,2025-01-19,2025-02-18,15554.16,15554.16,0.0,0,Current,Paid,North,Carlos Perez
INV-0260,DynaBuy Inc,Retail,2025-01-19,2025-03-05,42373.72,42373.72,0.0,0,Current,Paid,South,Diego Herrera
INV-0261,UniMart Ltd,Retail,2025-04-29,2025-06-13,30914.2,0.0,30914.2,0,Current,Current,Central,Sofia Ruiz
INV-0262,CityRetail SA,Retail,2024-12-31,2025-01-30,8974.43,0.0,8974.43,122,90+,Overdue,Central,Ana Torres
INV-0263,Crest Corp,Corporate,2025-01-07,2025-01-22,41349.2,41349.2,0.0,0,Current,Paid,Central,Diego Herrera
INV-0264,BlueStar Ltd,Corporate,2024-12-16,2025-01-15,38464.47,22280.29,16184.18,137,90+,Partial,Central,Sofia Ruiz
INV-0265,PrimeParts Co,SMB,2024-12-18,2025-02-01,24405.77,0.0,24405.77,120,90+,Overdue,Central,Sofia Ruiz
INV-0266,Vertex Supply,SMB,2025-02-04,2025-02-19,34586.37,34586.37,0.0,0,Current,Paid,West,Sofia Ruiz
INV-0267,NovaTech Ltd,Corporate,2025-04-09,2025-05-24,30529.68,19501.51,11028.17,8,1-30,Partial,West,Andres Gomez
INV-0268,XcelBuy SA,Retail,2025-04-28,2025-06-12,25991.52,0.0,25991.52,0,Current,Current,East,Valentina Cruz
INV-0269,Delta Supplies,SMB,2025-02-01,2025-02-16,13739.85,13739.85,0.0,0,Current,Paid,East,Luis Mendez
INV-0270,Delta Supplies,SMB,2025-02-22,2025-04-23,12789.38,0.0,12789.38,39,31-60,Overdue,North,Sofia Ruiz
INV-0271,FastMart Inc,Retail,2025-04-13,2025-05-13,25164.14,11929.56,13234.58,19,1-30,Partial,East,Diego Herrera
INV-0272,JetLine Inc,Retail,2025-05-08,2025-07-07,25519.5,0.0,25519.5,0,Current,Current,West,Maria Lopez
INV-0273,Harbor Goods,SMB,2025-05-19,2025-06-03,14427.14,0.0,14427.14,0,Current,Current,South,Diego Herrera
INV-0274,TechWorld Inc,Corporate,2025-01-14,2025-01-29,42435.03,32328.78,10106.25,123,90+,Partial,West,Sofia Ruiz
INV-0275,XcelBuy SA,Retail,2025-02-27,2025-03-14,20328.79,0.0,20328.79,79,61-90,Overdue,East,Valentina Cruz
INV-0276,Global Parts Co,Corporate,2025-05-13,2025-07-12,25460.65,0.0,25460.65,0,Current,Current,East,Sofia Ruiz
INV-0277,YieldTech,SMB,2024-12-23,2025-01-07,6868.84,6868.84,0.0,0,Current,Paid,Central,Sofia Ruiz
INV-0278,Luminary Corp,Corporate,2025-04-25,2025-05-25,30321.92,3947.65,26374.27,7,1-30,Partial,East,Diego Herrera
INV-0279,BlueStar Ltd,Corporate,2025-01-30,2025-03-31,7872.56,0.0,7872.56,62,61-90,Overdue,South,Diego Herrera
INV-0280,Eagle Trading,SMB,2025-04-20,2025-06-19,49535.48,0.0,49535.48,0,Current,Current,East,Diego Herrera
INV-0281,XcelBuy SA,Retail,2025-01-22,2025-03-23,35582.62,35582.62,0.0,0,Current,Paid,East,Diego Herrera
INV-0282,Apex Retail,Retail,2025-03-08,2025-03-23,49004.95,0.0,49004.95,70,61-90,Overdue,North,Diego Herrera
INV-0283,Zenith Corp,Corporate,2025-03-25,2025-04-24,36209.31,0.0,36209.31,38,31-60,Overdue,North,Andres Gomez
INV-0284,FastMart Inc,Retail,2025-04-24,2025-05-24,2062.74,0.0,2062.74,8,1-30,Overdue,Central,Valentina Cruz
INV-0285,Delta Supplies,SMB,2025-02-08,2025-03-25,21229.62,5369.37,15860.25,68,61-90,Partial,South,Maria Lopez
INV-0286,QualityGoods,Retail,2025-05-16,2025-06-15,26174.82,0.0,26174.82,0,Current,Current,Central,Andres Gomez
INV-0287,RedLine Corp,Corporate,2025-01-17,2025-03-18,16030.75,16030.75,0.0,0,Current,Paid,East,Andres Gomez
INV-0288,DynaBuy Inc,Retail,2025-01-12,2025-02-26,33955.49,0.0,33955.49,95,90+,Overdue,Central,Diego Herrera
INV-0289,Vertex Supply,SMB,2025-04-12,2025-05-12,14310.82,14310.82,0.0,0,Current,Paid,East,Andres Gomez
INV-0290,JetLine Inc,Retail,2024-12-06,2025-02-04,16193.52,12959.27,3234.25,117,90+,Partial,East,Luis Mendez
INV-0291,Zenith Corp,Corporate,2025-04-30,2025-06-29,44840.14,0.0,44840.14,0,Current,Current,East,Sofia Ruiz
INV-0292,MegaBuy SA,Retail,2025-03-18,2025-04-02,14737.7,0.0,14737.7,60,31-60,Overdue,East,Ana Torres
INV-0293,Luminary Corp,Corporate,2025-01-29,2025-02-28,10502.37,8399.46,2102.91,93,90+,Partial,West,Sofia Ruiz
INV-0294,WaveCo Corp,Corporate,2025-05-04,2025-06-03,12501.67,0.0,12501.67,0,Current,Current,East,Ana Torres
INV-0295,Vertex Supply,SMB,2024-12-19,2025-01-18,3098.31,1976.78,1121.53,134,90+,Partial,Central,Luis Mendez
INV-0296,Delta Supplies,SMB,2025-01-11,2025-02-10,20641.92,0.0,20641.92,111,90+,Overdue,South,Maria Lopez
INV-0297,Crest Corp,Corporate,2024-12-16,2025-01-15,37917.6,37917.6,0.0,0,Current,Paid,West,Andres Gomez
INV-0298,JetLine Inc,Retail,2024-12-16,2025-01-15,26990.04,0.0,26990.04,137,90+,Overdue,North,Carlos Perez
INV-0299,DynaBuy Inc,Retail,2025-02-14,2025-03-16,46729.17,46729.17,0.0,0,Current,Paid,North,Ana Torres
INV-0300,Apex Retail,Retail,2025-04-14,2025-05-29,43898.79,43898.79,0.0,0,Current,Paid,West,Andres Gomez
INV-0301,SkyLink SA,SMB,2025-03-07,2025-04-21,22990.28,0.0,22990.28,41,31-60,Overdue,Central,Carlos Perez
INV-0302,QualityGoods,Retail,2025-01-22,2025-03-23,14005.44,0.0,14005.44,70,61-90,Overdue,West,Ana Torres
INV-0303,KeyStone LLC,SMB,2024-12-17,2025-01-31,36070.61,36070.61,0.0,0,Current,Paid,South,Andres Gomez
INV-0304,KeyStone LLC,SMB,2025-04-17,2025-06-16,41436.0,0.0,41436.0,0,Current,Current,East,Luis Mendez
INV-0305,QualityGoods,Retail,2025-02-18,2025-03-05,9646.67,9646.67,0.0,0,Current,Paid,East,Carlos Perez
INV-0306,KeyStone LLC,SMB,2025-03-26,2025-05-25,12158.3,0.0,12158.3,7,1-30,Overdue,South,Maria Lopez
INV-0307,KeyStone LLC,SMB,2025-03-26,2025-05-10,34792.05,34792.05,0.0,0,Current,Paid,East,Maria Lopez
INV-0308,Delta Supplies,SMB,2025-04-21,2025-06-20,34460.64,0.0,34460.64,0,Current,Current,West,Sofia Ruiz
INV-0309,DynaBuy Inc,Retail,2024-12-19,2025-02-02,18693.42,18693.42,0.0,0,Current,Paid,East,Carlos Perez
INV-0310,Eagle Trading,SMB,2025-02-04,2025-03-21,21084.36,9553.77,11530.59,72,61-90,Partial,West,Ana Torres
INV-0311,RedLine Corp,Corporate,2024-12-08,2024-12-23,26512.58,9845.15,16667.43,160,90+,Partial,South,Luis Mendez
INV-0312,DynaBuy Inc,Retail,2025-05-16,2025-06-15,28848.73,0.0,28848.73,0,Current,Current,Central,Carlos Perez
INV-0313,Eagle Trading,SMB,2025-01-18,2025-03-19,6253.88,6253.88,0.0,0,Current,Paid,South,Diego Herrera
INV-0314,SkyLink SA,SMB,2025-01-21,2025-03-22,40530.26,19654.58,20875.68,71,61-90,Partial,West,Carlos Perez
INV-0315,Omega Retail,Retail,2025-01-08,2025-03-09,33802.0,3932.11,29869.89,84,61-90,Partial,Central,Maria Lopez
INV-0316,Intex Solutions,Corporate,2025-01-03,2025-01-18,2741.85,405.3,2336.55,134,90+,Partial,North,Luis Mendez
INV-0317,BlueStar Ltd,Corporate,2025-05-23,2025-07-07,20738.91,0.0,20738.91,0,Current,Current,North,Andres Gomez
INV-0318,YieldTech,SMB,2025-02-25,2025-04-26,22702.59,0.0,22702.59,36,31-60,Overdue,South,Valentina Cruz
INV-0319,MegaBuy SA,Retail,2024-12-08,2025-01-07,32849.94,7682.13,25167.81,145,90+,Partial,West,Carlos Perez
INV-0320,RedLine Corp,Corporate,2025-04-04,2025-04-19,37930.88,0.0,37930.88,43,31-60,Overdue,West,Ana Torres
INV-0321,Omega Retail,Retail,2025-01-15,2025-03-16,41256.34,41256.34,0.0,0,Current,Paid,Central,Valentina Cruz
INV-0322,Luminary Corp,Corporate,2025-04-13,2025-04-28,2094.76,0.0,2094.76,34,31-60,Overdue,South,Sofia Ruiz
INV-0323,TechWorld Inc,Corporate,2025-04-09,2025-04-24,5494.39,5494.39,0.0,0,Current,Paid,North,Luis Mendez
INV-0324,TechWorld Inc,Corporate,2025-05-20,2025-07-19,22228.66,0.0,22228.66,0,Current,Current,North,Luis Mendez
INV-0325,RedLine Corp,Corporate,2025-04-26,2025-06-10,12091.0,0.0,12091.0,0,Current,Current,South,Maria Lopez
INV-0326,DynaBuy Inc,Retail,2025-01-04,2025-02-18,12226.75,0.0,12226.75,103,90+,Overdue,Central,Diego Herrera
INV-0327,Vertex Supply,SMB,2025-02-15,2025-04-01,14120.12,0.0,14120.12,61,61-90,Overdue,Central,Luis Mendez
INV-0328,SkyLink SA,SMB,2025-01-09,2025-03-10,2820.76,1643.06,1177.7,83,61-90,Partial,South,Valentina Cruz
INV-0329,MegaBuy SA,Retail,2024-12-04,2025-02-02,20708.83,20708.83,0.0,0,Current,Paid,Central,Diego Herrera
INV-0330,FastMart Inc,Retail,2025-03-31,2025-04-30,15386.45,0.0,15386.45,32,31-60,Overdue,Central,Andres Gomez
INV-0331,Zenith Corp,Corporate,2025-01-08,2025-03-09,48405.42,0.0,48405.42,84,61-90,Overdue,West,Maria Lopez
INV-0332,Eagle Trading,SMB,2025-03-27,2025-04-26,16848.02,16848.02,0.0,0,Current,Paid,West,Luis Mendez
INV-0333,Omega Retail,Retail,2025-01-14,2025-02-13,3051.06,1689.45,1361.61,108,90+,Partial,East,Carlos Perez
INV-0334,BlueStar Ltd,Corporate,2025-01-01,2025-01-31,24230.01,0.0,24230.01,121,90+,Overdue,North,Luis Mendez
INV-0335,KeyStone LLC,SMB,2025-04-07,2025-05-07,48122.84,48122.84,0.0,0,Current,Paid,East,Maria Lopez
INV-0336,YieldTech,SMB,2024-12-04,2025-01-03,20133.29,20133.29,0.0,0,Current,Paid,West,Luis Mendez
INV-0337,KeyStone LLC,SMB,2025-02-01,2025-03-18,15766.9,12016.1,3750.8,75,61-90,Partial,East,Valentina Cruz
INV-0338,Omega Retail,Retail,2025-03-11,2025-04-10,18849.89,9837.64,9012.25,52,31-60,Partial,North,Andres Gomez
INV-0339,Harbor Goods,SMB,2025-03-26,2025-05-25,15112.02,15112.02,0.0,0,Current,Paid,South,Maria Lopez
INV-0340,Harbor Goods,SMB,2025-01-24,2025-03-10,13237.67,0.0,13237.67,83,61-90,Overdue,West,Luis Mendez
INV-0341,XcelBuy SA,Retail,2025-04-18,2025-06-02,8878.65,0.0,8878.65,0,Current,Current,West,Andres Gomez
INV-0342,XcelBuy SA,Retail,2025-04-14,2025-04-29,26435.25,0.0,26435.25,33,31-60,Overdue,Central,Andres Gomez
INV-0343,CityRetail SA,Retail,2025-02-15,2025-03-17,42205.96,42205.96,0.0,0,Current,Paid,North,Maria Lopez
INV-0344,WaveCo Corp,Corporate,2025-04-06,2025-06-05,18973.43,0.0,18973.43,0,Current,Current,South,Maria Lopez
INV-0345,TechWorld Inc,Corporate,2024-12-14,2025-02-12,1278.72,522.36,756.36,109,90+,Partial,Central,Andres Gomez
INV-0346,Acme Corp,Corporate,2025-01-14,2025-02-28,1348.56,0.0,1348.56,93,90+,Overdue,Central,Sofia Ruiz
INV-0347,Vertex Supply,SMB,2025-05-04,2025-05-19,26457.08,26457.08,0.0,0,Current,Paid,West,Ana Torres
INV-0348,TechWorld Inc,Corporate,2025-03-02,2025-04-16,39849.35,39849.35,0.0,0,Current,Paid,Central,Sofia Ruiz
INV-0349,MegaBuy SA,Retail,2024-12-04,2025-01-03,15348.74,0.0,15348.74,149,90+,Overdue,West,Luis Mendez
INV-0350,CityRetail SA,Retail,2025-02-17,2025-04-18,19169.89,11071.78,8098.11,44,31-60,Partial,North,Carlos Perez
INV-0351,WaveCo Corp,Corporate,2025-01-24,2025-03-25,32422.91,27008.18,5414.73,68,61-90,Partial,South,Carlos Perez
INV-0352,Delta Supplies,SMB,2025-04-03,2025-05-03,45113.01,0.0,45113.01,29,1-30,Overdue,Central,Maria Lopez
INV-0353,SkyLink SA,SMB,2025-05-20,2025-06-04,34379.22,0.0,34379.22,0,Current,Current,West,Sofia Ruiz
INV-0354,Intex Solutions,Corporate,2025-04-16,2025-05-31,1275.08,1275.08,0.0,0,Current,Paid,Central,Maria Lopez
INV-0355,Eagle Trading,SMB,2025-03-16,2025-04-15,28415.93,0.0,28415.93,47,31-60,Overdue,West,Carlos Perez
INV-0356,Bravo Trading,SMB,2025-02-22,2025-03-24,39629.66,0.0,39629.66,69,61-90,Overdue,West,Diego Herrera
INV-0357,CityRetail SA,Retail,2025-05-18,2025-06-02,22135.87,0.0,22135.87,0,Current,Current,Central,Diego Herrera
INV-0358,Apex Retail,Retail,2024-12-28,2025-02-26,48461.57,27894.1,20567.47,95,90+,Partial,North,Diego Herrera
INV-0359,Zenith Corp,Corporate,2025-04-03,2025-05-18,27875.37,6670.67,21204.7,14,1-30,Partial,West,Andres Gomez
INV-0360,SkyLink SA,SMB,2024-12-24,2025-02-07,40003.73,0.0,40003.73,114,90+,Overdue,West,Carlos Perez
INV-0361,CityRetail SA,Retail,2025-02-23,2025-03-25,37112.94,6677.11,30435.83,68,61-90,Partial,East,Ana Torres
INV-0362,Acme Corp,Corporate,2025-02-28,2025-04-14,5560.45,5560.45,0.0,0,Current,Paid,East,Andres Gomez
INV-0363,NovaTech Ltd,Corporate,2025-05-05,2025-05-20,4936.13,0.0,4936.13,12,1-30,Overdue,West,Valentina Cruz
INV-0364,TechWorld Inc,Corporate,2025-02-22,2025-03-09,14946.44,2444.11,12502.33,84,61-90,Partial,Central,Diego Herrera
INV-0365,Crest Corp,Corporate,2025-01-05,2025-02-04,34423.14,34423.14,0.0,0,Current,Paid,Central,Luis Mendez
INV-0366,Intex Solutions,Corporate,2025-01-25,2025-02-24,3631.72,1510.17,2121.55,97,90+,Partial,East,Sofia Ruiz
INV-0367,PrimeParts Co,SMB,2025-03-28,2025-04-27,36184.52,20353.85,15830.67,35,31-60,Partial,North,Diego Herrera
INV-0368,Omega Retail,Retail,2025-03-15,2025-03-30,47466.76,26825.56,20641.2,63,61-90,Partial,North,Ana Torres
INV-0369,Zenith Corp,Corporate,2025-03-07,2025-05-06,40866.04,0.0,40866.04,26,1-30,Overdue,East,Andres Gomez
INV-0370,TechWorld Inc,Corporate,2025-03-10,2025-04-09,24210.98,24210.98,0.0,0,Current,Paid,South,Sofia Ruiz
INV-0371,MegaBuy SA,Retail,2024-12-05,2025-02-03,48404.27,0.0,48404.27,118,90+,Overdue,East,Sofia Ruiz
INV-0372,KeyStone LLC,SMB,2025-02-20,2025-04-06,6137.45,0.0,6137.45,56,31-60,Overdue,West,Sofia Ruiz
INV-0373,SkyLink SA,SMB,2024-12-08,2024-12-23,47673.73,30095.25,17578.48,160,90+,Partial,Central,Ana Torres
INV-0374,Omega Retail,Retail,2025-02-16,2025-04-17,7389.37,2139.31,5250.06,45,31-60,Partial,East,Carlos Perez
INV-0375,Eagle Trading,SMB,2025-05-13,2025-07-12,49539.68,0.0,49539.68,0,Current,Current,West,Valentina Cruz
INV-0376,PrimeParts Co,SMB,2025-01-15,2025-03-16,27410.44,0.0,27410.44,77,61-90,Overdue,Central,Valentina Cruz
INV-0377,Luminary Corp,Corporate,2025-05-04,2025-06-03,33051.28,0.0,33051.28,0,Current,Current,Central,Carlos Perez
INV-0378,Luminary Corp,Corporate,2025-01-07,2025-03-08,48357.15,33713.31,14643.84,85,61-90,Partial,South,Maria Lopez
INV-0379,Delta Supplies,SMB,2025-03-26,2025-04-25,25778.47,13801.5,11976.97,37,31-60,Partial,North,Carlos Perez
INV-0380,SkyLink SA,SMB,2025-02-25,2025-04-26,23421.63,0.0,23421.63,36,31-60,Overdue,South,Andres Gomez
INV-0381,WaveCo Corp,Corporate,2025-03-04,2025-03-19,24397.17,24397.17,0.0,0,Current,Paid,Central,Ana Torres
INV-0382,DynaBuy Inc,Retail,2025-04-25,2025-06-09,15938.57,0.0,15938.57,0,Current,Current,North,Carlos Perez
INV-0383,Omega Retail,Retail,2025-03-03,2025-05-02,5332.34,0.0,5332.34,30,1-30,Overdue,South,Andres Gomez
INV-0384,Omega Retail,Retail,2025-03-16,2025-03-31,40604.2,40604.2,0.0,0,Current,Paid,East,Carlos Perez
INV-0385,Bravo Trading,SMB,2024-12-09,2025-01-08,46531.16,0.0,46531.16,144,90+,Overdue,East,Carlos Perez
INV-0386,QualityGoods,Retail,2025-03-08,2025-05-07,47943.9,47943.9,0.0,0,Current,Paid,South,Ana Torres
INV-0387,MegaBuy SA,Retail,2024-12-19,2025-02-17,20081.33,0.0,20081.33,104,90+,Overdue,South,Ana Torres
INV-0388,Crest Corp,Corporate,2024-12-31,2025-03-01,19747.37,0.0,19747.37,92,90+,Overdue,South,Andres Gomez
INV-0389,Global Parts Co,Corporate,2025-01-04,2025-01-19,40075.37,15002.01,25073.36,133,90+,Partial,East,Carlos Perez
INV-0390,Global Parts Co,Corporate,2025-03-25,2025-05-24,26621.89,0.0,26621.89,8,1-30,Overdue,West,Carlos Perez
INV-0391,TechWorld Inc,Corporate,2025-01-01,2025-01-16,17722.27,0.0,17722.27,136,90+,Overdue,West,Valentina Cruz
INV-0392,TechWorld Inc,Corporate,2024-12-25,2025-01-09,33769.45,9419.3,24350.15,143,90+,Partial,South,Sofia Ruiz
INV-0393,Delta Supplies,SMB,2024-12-05,2025-01-04,25785.83,5244.85,20540.98,148,90+,Partial,South,Diego Herrera
INV-0394,MegaBuy SA,Retail,2025-01-27,2025-02-26,27968.17,5739.7,22228.47,95,90+,Partial,West,Ana Torres
INV-0395,KeyStone LLC,SMB,2025-03-01,2025-03-16,24488.14,24488.14,0.0,0,Current,Paid,West,Maria Lopez
INV-0396,MegaBuy SA,Retail,2025-02-16,2025-04-17,21073.71,0.0,21073.71,45,31-60,Overdue,Central,Andres Gomez
INV-0397,PrimeParts Co,SMB,2025-01-07,2025-01-22,39896.1,39896.1,0.0,0,Current,Paid,South,Carlos Perez
INV-0398,BlueStar Ltd,Corporate,2025-01-14,2025-02-28,8826.34,5797.92,3028.42,93,90+,Partial,East,Luis Mendez
INV-0399,YieldTech,SMB,2025-01-05,2025-01-20,13760.5,11602.44,2158.06,132,90+,Partial,West,Carlos Perez
INV-0400,RedLine Corp,Corporate,2025-01-12,2025-02-11,49493.9,49493.9,0.0,0,Current,Paid,North,Andres Gomez
INV-0401,Apex Retail,Retail,2025-05-23,2025-07-22,13509.35,0.0,13509.35,0,Current,Current,South,Sofia Ruiz
INV-0402,Bravo Trading,SMB,2025-05-01,2025-05-31,10888.97,0.0,10888.97,1,1-30,Overdue,North,Andres Gomez
INV-0403,WaveCo Corp,Corporate,2025-04-19,2025-05-19,39350.04,0.0,39350.04,13,1-30,Overdue,East,Valentina Cruz
INV-0404,Zenith Corp,Corporate,2025-01-15,2025-03-01,30044.46,30044.46,0.0,0,Current,Paid,North,Diego Herrera
INV-0405,WaveCo Corp,Corporate,2025-01-05,2025-02-19,47643.67,36929.39,10714.28,102,90+,Partial,East,Sofia Ruiz
INV-0406,Apex Retail,Retail,2025-02-15,2025-03-02,49628.07,0.0,49628.07,91,90+,Overdue,North,Ana Torres
INV-0407,Eagle Trading,SMB,2025-04-24,2025-06-08,41509.85,0.0,41509.85,0,Current,Current,South,Luis Mendez
INV-0408,YieldTech,SMB,2025-04-25,2025-06-09,31576.73,0.0,31576.73,0,Current,Current,West,Andres Gomez
INV-0409,MegaBuy SA,Retail,2024-12-20,2025-01-04,20441.11,0.0,20441.11,148,90+,Overdue,West,Carlos Perez
INV-0410,WaveCo Corp,Corporate,2025-01-27,2025-03-13,29306.8,0.0,29306.8,80,61-90,Overdue,East,Andres Gomez
INV-0411,Bravo Trading,SMB,2024-12-20,2025-02-03,42580.26,0.0,42580.26,118,90+,Overdue,North,Andres Gomez
INV-0412,MegaBuy SA,Retail,2025-04-07,2025-06-06,13792.57,0.0,13792.57,0,Current,Current,South,Valentina Cruz
INV-0413,Apex Retail,Retail,2025-01-11,2025-02-10,28524.03,10206.03,18318.0,111,90+,Partial,East,Diego Herrera
INV-0414,Vertex Supply,SMB,2025-05-06,2025-07-05,1305.93,0.0,1305.93,0,Current,Current,North,Maria Lopez
INV-0415,DynaBuy Inc,Retail,2025-02-04,2025-02-19,49595.99,41996.42,7599.57,102,90+,Partial,South,Andres Gomez
INV-0416,DynaBuy Inc,Retail,2025-04-21,2025-06-05,5120.33,0.0,5120.33,0,Current,Current,South,Sofia Ruiz
INV-0417,Luminary Corp,Corporate,2025-02-25,2025-03-27,3063.47,0.0,3063.47,66,61-90,Overdue,East,Carlos Perez
INV-0418,XcelBuy SA,Retail,2024-12-15,2024-12-30,35333.05,35333.05,0.0,0,Current,Paid,South,Valentina Cruz
INV-0419,PrimeParts Co,SMB,2024-12-31,2025-01-30,26212.49,2779.75,23432.74,122,90+,Partial,North,Ana Torres
INV-0420,KeyStone LLC,SMB,2024-12-05,2025-01-04,24146.16,24146.16,0.0,0,Current,Paid,North,Valentina Cruz
INV-0421,CityRetail SA,Retail,2025-03-12,2025-04-26,44108.96,44108.96,0.0,0,Current,Paid,North,Carlos Perez
INV-0422,YieldTech,SMB,2025-05-14,2025-05-29,30710.8,30710.8,0.0,0,Current,Paid,South,Ana Torres
INV-0423,Luminary Corp,Corporate,2025-02-15,2025-04-16,43068.14,43068.14,0.0,0,Current,Paid,South,Ana Torres
INV-0424,Delta Supplies,SMB,2025-01-01,2025-03-02,17901.01,12410.9,5490.11,91,90+,Partial,South,Carlos Perez
INV-0425,Harbor Goods,SMB,2025-03-29,2025-05-13,39059.0,0.0,39059.0,19,1-30,Overdue,East,Carlos Perez
INV-0426,Bravo Trading,SMB,2025-01-19,2025-02-18,37518.26,37518.26,0.0,0,Current,Paid,East,Luis Mendez
INV-0427,BlueStar Ltd,Corporate,2025-02-22,2025-03-09,12433.55,0.0,12433.55,84,61-90,Overdue,South,Andres Gomez
INV-0428,CityRetail SA,Retail,2025-02-28,2025-04-14,7033.15,0.0,7033.15,48,31-60,Overdue,Central,Maria Lopez
INV-0429,SkyLink SA,SMB,2025-01-12,2025-02-11,38254.93,0.0,38254.93,110,90+,Overdue,West,Diego Herrera
INV-0430,YieldTech,SMB,2025-01-01,2025-01-16,1182.77,1182.77,0.0,0,Current,Paid,North,Maria Lopez
INV-0431,DynaBuy Inc,Retail,2025-01-22,2025-03-08,31614.25,13011.6,18602.65,85,61-90,Partial,North,Valentina Cruz
INV-0432,WaveCo Corp,Corporate,2024-12-19,2025-01-18,14234.65,6882.15,7352.5,134,90+,Partial,West,Carlos Perez
INV-0433,Global Parts Co,Corporate,2025-02-20,2025-03-07,15853.39,12921.64,2931.75,86,61-90,Partial,South,Diego Herrera
INV-0434,Harbor Goods,SMB,2025-05-09,2025-07-08,6241.34,0.0,6241.34,0,Current,Current,North,Luis Mendez
INV-0435,TechWorld Inc,Corporate,2025-03-13,2025-04-12,6412.43,0.0,6412.43,50,31-60,Overdue,Central,Maria Lopez
INV-0436,WaveCo Corp,Corporate,2025-01-24,2025-03-10,26388.77,0.0,26388.77,83,61-90,Overdue,North,Ana Torres
INV-0437,XcelBuy SA,Retail,2025-02-25,2025-03-27,37613.93,0.0,37613.93,66,61-90,Overdue,East,Ana Torres
INV-0438,XcelBuy SA,Retail,2025-03-07,2025-05-06,13963.04,13963.04,0.0,0,Current,Paid,North,Maria Lopez
INV-0439,WaveCo Corp,Corporate,2025-01-24,2025-03-25,25783.7,25783.7,0.0,0,Current,Paid,Central,Carlos Perez
INV-0440,Bravo Trading,SMB,2025-02-26,2025-03-28,13128.25,13128.25,0.0,0,Current,Paid,Central,Ana Torres
INV-0441,SkyLink SA,SMB,2025-01-21,2025-02-05,2679.88,0.0,2679.88,116,90+,Overdue,North,Luis Mendez
INV-0442,Harbor Goods,SMB,2025-02-27,2025-04-28,46051.21,46051.21,0.0,0,Current,Paid,North,Andres Gomez
INV-0443,Bravo Trading,SMB,2025-04-04,2025-05-19,12789.03,0.0,12789.03,13,1-30,Overdue,North,Valentina Cruz
INV-0444,KeyStone LLC,SMB,2025-01-05,2025-02-19,6410.35,0.0,6410.35,102,90+,Overdue,East,Carlos Perez
INV-0445,BlueStar Ltd,Corporate,2025-01-19,2025-02-03,47726.93,47726.93,0.0,0,Current,Paid,South,Luis Mendez
INV-0446,Omega Retail,Retail,2025-03-09,2025-03-24,27878.02,27878.02,0.0,0,Current,Paid,East,Sofia Ruiz
INV-0447,Global Parts Co,Corporate,2024-12-23,2025-01-22,23464.37,0.0,23464.37,130,90+,Overdue,East,Sofia Ruiz
INV-0448,PrimeParts Co,SMB,2025-04-23,2025-05-08,46653.68,46653.68,0.0,0,Current,Paid,South,Luis Mendez
INV-0449,RedLine Corp,Corporate,2025-03-07,2025-03-22,38066.99,24879.14,13187.85,71,61-90,Partial,East,Maria Lopez
INV-0450,JetLine Inc,Retail,2025-01-16,2025-02-15,21280.88,0.0,21280.88,106,90+,Overdue,North,Luis Mendez
INV-0451,Eagle Trading,SMB,2025-05-20,2025-06-19,44915.73,0.0,44915.73,0,Current,Current,East,Carlos Perez
INV-0452,QualityGoods,Retail,2025-02-03,2025-02-18,29248.15,16902.85,12345.3,103,90+,Partial,West,Diego Herrera
INV-0453,MegaBuy SA,Retail,2025-02-09,2025-03-11,12220.2,12220.2,0.0,0,Current,Paid,North,Maria Lopez
INV-0454,KeyStone LLC,SMB,2025-03-11,2025-05-10,13961.82,13961.82,0.0,0,Current,Paid,West,Diego Herrera
INV-0455,Global Parts Co,Corporate,2025-04-22,2025-05-07,8636.56,3496.81,5139.75,25,1-30,Partial,South,Carlos Perez
INV-0456,RedLine Corp,Corporate,2025-02-05,2025-03-22,23435.66,0.0,23435.66,71,61-90,Overdue,East,Luis Mendez
INV-0457,CityRetail SA,Retail,2024-12-04,2024-12-19,11143.53,0.0,11143.53,164,90+,Overdue,South,Sofia Ruiz
INV-0458,Eagle Trading,SMB,2025-03-01,2025-04-30,25916.25,0.0,25916.25,32,31-60,Overdue,North,Luis Mendez
INV-0459,Intex Solutions,Corporate,2025-02-17,2025-04-18,28019.71,0.0,28019.71,44,31-60,Overdue,South,Maria Lopez
INV-0460,Delta Supplies,SMB,2025-04-26,2025-05-11,1091.87,0.0,1091.87,21,1-30,Overdue,West,Carlos Perez
INV-0461,Harbor Goods,SMB,2025-02-18,2025-04-04,34471.12,0.0,34471.12,58,31-60,Overdue,South,Luis Mendez
INV-0462,CityRetail SA,Retail,2025-05-12,2025-05-27,49859.49,49859.49,0.0,0,Current,Paid,Central,Sofia Ruiz
INV-0463,UniMart Ltd,Retail,2025-05-08,2025-06-22,6565.12,0.0,6565.12,0,Current,Current,West,Ana Torres
INV-0464,Omega Retail,Retail,2025-01-05,2025-03-06,41173.43,5027.76,36145.67,87,61-90,Partial,North,Ana Torres
INV-0465,Vertex Supply,SMB,2025-03-02,2025-04-01,45461.06,45461.06,0.0,0,Current,Paid,West,Ana Torres
INV-0466,Omega Retail,Retail,2024-12-25,2025-01-24,32540.28,24798.42,7741.86,128,90+,Partial,South,Maria Lopez
INV-0467,PrimeParts Co,SMB,2025-03-21,2025-05-20,7293.18,7293.18,0.0,0,Current,Paid,North,Carlos Perez
INV-0468,Crest Corp,Corporate,2024-12-21,2025-01-05,49475.48,0.0,49475.48,147,90+,Overdue,Central,Luis Mendez
INV-0469,Luminary Corp,Corporate,2025-03-04,2025-04-18,19724.87,19724.87,0.0,0,Current,Paid,West,Andres Gomez
INV-0470,KeyStone LLC,SMB,2025-05-24,2025-07-08,3400.27,0.0,3400.27,0,Current,Current,Central,Luis Mendez
INV-0471,PrimeParts Co,SMB,2025-01-02,2025-02-01,48712.0,48712.0,0.0,0,Current,Paid,Central,Diego Herrera
INV-0472,Vertex Supply,SMB,2025-01-15,2025-01-30,38320.46,0.0,38320.46,122,90+,Overdue,South,Sofia Ruiz
INV-0473,SkyLink SA,SMB,2025-04-17,2025-05-17,12209.28,7979.73,4229.55,15,1-30,Partial,West,Diego Herrera
INV-0474,Luminary Corp,Corporate,2024-12-03,2025-01-17,47404.16,0.0,47404.16,135,90+,Overdue,Central,Maria Lopez
INV-0475,SkyLink SA,SMB,2025-01-13,2025-02-27,9190.06,9190.06,0.0,0,Current,Paid,South,Andres Gomez
INV-0476,BlueStar Ltd,Corporate,2025-05-26,2025-07-25,533.83,0.0,533.83,0,Current,Current,South,Luis Mendez
INV-0477,DynaBuy Inc,Retail,2025-04-28,2025-06-12,35988.41,0.0,35988.41,0,Current,Current,Central,Luis Mendez
INV-0478,DynaBuy Inc,Retail,2025-05-26,2025-06-25,29537.15,0.0,29537.15,0,Current,Current,East,Maria Lopez
INV-0479,DynaBuy Inc,Retail,2025-01-17,2025-03-03,48047.66,38747.67,9299.99,90,61-90,Partial,South,Carlos Perez
INV-0480,MegaBuy SA,Retail,2025-03-06,2025-04-20,16468.86,0.0,16468.86,42,31-60,Overdue,Central,Carlos Perez
INV-0481,XcelBuy SA,Retail,2024-12-16,2025-01-30,9123.03,0.0,9123.03,122,90+,Overdue,West,Andres Gomez
INV-0482,WaveCo Corp,Corporate,2025-04-04,2025-05-04,19230.01,0.0,19230.01,28,1-30,Overdue,Central,Diego Herrera
INV-0483,JetLine Inc,Retail,2025-05-31,2025-07-30,42612.47,0.0,42612.47,0,Current,Current,South,Ana Torres
INV-0484,YieldTech,SMB,2025-04-15,2025-05-30,46091.39,0.0,46091.39,2,1-30,Overdue,Central,Maria Lopez
INV-0485,Harbor Goods,SMB,2025-01-24,2025-02-23,16892.84,16892.84,0.0,0,Current,Paid,Central,Carlos Perez
INV-0486,Luminary Corp,Corporate,2024-12-20,2025-01-04,41172.26,0.0,41172.26,148,90+,Overdue,East,Ana Torres
INV-0487,XcelBuy SA,Retail,2025-05-29,2025-07-13,10879.37,0.0,10879.37,0,Current,Current,East,Andres Gomez
INV-0488,WaveCo Corp,Corporate,2025-03-27,2025-04-11,36160.47,36160.47,0.0,0,Current,Paid,North,Diego Herrera
INV-0489,Omega Retail,Retail,2025-02-15,2025-04-16,44147.65,16842.8,27304.85,46,31-60,Partial,West,Ana Torres
INV-0490,Apex Retail,Retail,2025-04-20,2025-06-19,4148.61,0.0,4148.61,0,Current,Current,West,Luis Mendez
INV-0491,Bravo Trading,SMB,2025-05-26,2025-07-10,13425.82,0.0,13425.82,0,Current,Current,North,Sofia Ruiz
INV-0492,Delta Supplies,SMB,2025-04-18,2025-06-17,8464.77,0.0,8464.77,0,Current,Current,North,Diego Herrera
INV-0493,CityRetail SA,Retail,2025-03-06,2025-05-05,35372.98,20878.07,14494.91,27,1-30,Partial,Central,Carlos Perez
INV-0494,TechWorld Inc,Corporate,2025-05-18,2025-06-02,16889.18,0.0,16889.18,0,Current,Current,West,Ana Torres
INV-0495,Global Parts Co,Corporate,2024-12-13,2025-01-27,15221.33,15221.33,0.0,0,Current,Paid,West,Sofia Ruiz
INV-0496,MegaBuy SA,Retail,2025-04-22,2025-05-07,18361.03,5892.28,12468.75,25,1-30,Partial,Central,Andres Gomez
INV-0497,Vertex Supply,SMB,2025-04-10,2025-04-25,1773.92,1773.92,0.0,0,Current,Paid,Central,Andres Gomez
INV-0498,JetLine Inc,Retail,2025-05-02,2025-06-16,39351.39,0.0,39351.39,0,Current,Current,North,Andres Gomez
INV-0499,PrimeParts Co,SMB,2025-05-08,2025-07-07,9651.62,0.0,9651.62,0,Current,Current,West,Sofia Ruiz
INV-0500,Crest Corp,Corporate,2025-04-14,2025-06-13,2708.54,0.0,2708.54,0,Current,Current,West,Diego Herrera
INV-0501,Omega Retail,Retail,2025-04-04,2025-05-19,28430.21,28430.21,0.0,0,Current,Paid,West,Sofia Ruiz
INV-0502,WaveCo Corp,Corporate,2024-12-11,2025-01-25,40504.92,27030.66,13474.26,127,90+,Partial,North,Carlos Perez
INV-0503,Harbor Goods,SMB,2025-02-21,2025-04-22,48298.57,0.0,48298.57,40,31-60,Overdue,Central,Maria Lopez
INV-0504,DynaBuy Inc,Retail,2025-01-30,2025-03-16,4408.27,0.0,4408.27,77,61-90,Overdue,West,Luis Mendez
INV-0505,WaveCo Corp,Corporate,2025-05-01,2025-06-30,9057.51,0.0,9057.51,0,Current,Current,North,Ana Torres
INV-0506,FastMart Inc,Retail,2025-04-29,2025-05-14,21457.06,0.0,21457.06,18,1-30,Overdue,South,Luis Mendez
INV-0507,NovaTech Ltd,Corporate,2024-12-30,2025-02-13,16327.6,0.0,16327.6,108,90+,Overdue,South,Ana Torres
INV-0508,Zenith Corp,Corporate,2025-02-21,2025-04-22,27826.68,0.0,27826.68,40,31-60,Overdue,North,Carlos Perez
INV-0509,QualityGoods,Retail,2024-12-03,2025-02-01,6069.68,6069.68,0.0,0,Current,Paid,West,Maria Lopez
INV-0510,SkyLink SA,SMB,2025-05-04,2025-05-19,39394.41,0.0,39394.41,13,1-30,Overdue,Central,Carlos Perez
INV-0511,Crest Corp,Corporate,2025-03-25,2025-05-24,32911.99,0.0,32911.99,8,1-30,Overdue,East,Valentina Cruz
INV-0512,PrimeParts Co,SMB,2025-03-22,2025-05-21,7620.71,0.0,7620.71,11,1-30,Overdue,North,Ana Torres
INV-0513,WaveCo Corp,Corporate,2025-02-19,2025-04-05,34680.43,34680.43,0.0,0,Current,Paid,West,Maria Lopez
INV-0514,PrimeParts Co,SMB,2025-05-26,2025-07-10,40960.6,0.0,40960.6,0,Current,Current,East,Diego Herrera
INV-0515,JetLine Inc,Retail,2025-01-26,2025-02-10,48638.58,48638.58,0.0,0,Current,Paid,East,Sofia Ruiz
INV-0516,JetLine Inc,Retail,2025-03-24,2025-05-23,30446.47,30446.47,0.0,0,Current,Paid,West,Diego Herrera
INV-0517,Omega Retail,Retail,2025-01-27,2025-03-13,41140.36,9019.17,32121.19,80,61-90,Partial,South,Valentina Cruz
INV-0518,JetLine Inc,Retail,2025-04-27,2025-05-12,9100.0,0.0,9100.0,20,1-30,Overdue,Central,Valentina Cruz
INV-0519,Global Parts Co,Corporate,2025-05-23,2025-07-22,3002.68,0.0,3002.68,0,Current,Current,North,Luis Mendez
INV-0520,Luminary Corp,Corporate,2025-02-26,2025-04-27,25503.76,0.0,25503.76,35,31-60,Overdue,South,Sofia Ruiz
INV-0521,Delta Supplies,SMB,2025-02-25,2025-04-26,29905.16,29905.16,0.0,0,Current,Paid,North,Luis Mendez
INV-0522,Bravo Trading,SMB,2025-03-04,2025-04-03,41963.86,41963.86,0.0,0,Current,Paid,West,Diego Herrera
INV-0523,Apex Retail,Retail,2025-05-24,2025-07-23,2957.73,0.0,2957.73,0,Current,Current,North,Sofia Ruiz
INV-0524,Bravo Trading,SMB,2025-04-05,2025-05-05,34045.91,34045.91,0.0,0,Current,Paid,Central,Luis Mendez
INV-0525,NovaTech Ltd,Corporate,2024-12-08,2024-12-23,23967.81,23967.81,0.0,0,Current,Paid,Central,Maria Lopez
INV-0526,FastMart Inc,Retail,2025-04-04,2025-05-19,30613.02,0.0,30613.02,13,1-30,Overdue,Central,Maria Lopez
INV-0527,WaveCo Corp,Corporate,2025-02-24,2025-04-10,23220.4,23220.4,0.0,0,Current,Paid,East,Valentina Cruz
INV-0528,JetLine Inc,Retail,2025-01-02,2025-01-17,863.7,0.0,863.7,135,90+,Overdue,Central,Valentina Cruz
INV-0529,Apex Retail,Retail,2025-03-16,2025-03-31,24346.05,7483.06,16862.99,62,61-90,Partial,East,Sofia Ruiz
INV-0530,KeyStone LLC,SMB,2024-12-15,2025-01-29,9823.82,2752.9,7070.92,123,90+,Partial,East,Sofia Ruiz
INV-0531,BlueStar Ltd,Corporate,2024-12-13,2025-01-27,34197.41,0.0,34197.41,125,90+,Overdue,Central,Valentina Cruz
INV-0532,UniMart Ltd,Retail,2025-03-26,2025-05-25,20527.65,0.0,20527.65,7,1-30,Overdue,West,Sofia Ruiz
INV-0533,SkyLink SA,SMB,2025-03-05,2025-04-04,34472.75,0.0,34472.75,58,31-60,Overdue,Central,Luis Mendez
INV-0534,PrimeParts Co,SMB,2025-04-18,2025-05-18,15042.31,9863.08,5179.23,14,1-30,Partial,East,Sofia Ruiz
INV-0535,XcelBuy SA,Retail,2024-12-08,2025-01-22,32894.51,32894.51,0.0,0,Current,Paid,Central,Ana Torres
INV-0536,Harbor Goods,SMB,2025-03-08,2025-04-22,13397.68,13397.68,0.0,0,Current,Paid,East,Valentina Cruz
INV-0537,Bravo Trading,SMB,2025-05-18,2025-06-02,23874.87,0.0,23874.87,0,Current,Current,North,Andres Gomez
INV-0538,Global Parts Co,Corporate,2024-12-08,2025-02-06,26727.01,20129.1,6597.91,115,90+,Partial,Central,Carlos Perez
INV-0539,Eagle Trading,SMB,2025-03-05,2025-05-04,49365.98,0.0,49365.98,28,1-30,Overdue,South,Luis Mendez
INV-0540,Omega Retail,Retail,2025-04-15,2025-04-30,24635.25,0.0,24635.25,32,31-60,Overdue,South,Diego Herrera
INV-0541,FastMart Inc,Retail,2025-05-30,2025-07-29,14039.63,0.0,14039.63,0,Current,Current,East,Maria Lopez
INV-0542,YieldTech,SMB,2025-01-26,2025-02-10,6905.59,2914.55,3991.04,111,90+,Partial,South,Ana Torres
INV-0543,NovaTech Ltd,Corporate,2025-05-30,2025-06-14,26922.24,0.0,26922.24,0,Current,Current,West,Valentina Cruz
INV-0544,XcelBuy SA,Retail,2025-03-10,2025-04-09,1386.85,1386.85,0.0,0,Current,Paid,East,Maria Lopez
INV-0545,XcelBuy SA,Retail,2024-12-05,2025-01-19,15948.57,15948.57,0.0,0,Current,Paid,South,Luis Mendez
INV-0546,QualityGoods,Retail,2025-04-19,2025-05-04,41280.27,41280.27,0.0,0,Current,Paid,Central,Sofia Ruiz
INV-0547,JetLine Inc,Retail,2025-02-09,2025-03-11,17465.28,0.0,17465.28,82,61-90,Overdue,West,Diego Herrera
INV-0548,Luminary Corp,Corporate,2025-02-17,2025-03-04,11806.71,0.0,11806.71,89,61-90,Overdue,South,Ana Torres
INV-0549,Eagle Trading,SMB,2025-01-01,2025-01-31,6596.52,0.0,6596.52,121,90+,Overdue,South,Maria Lopez
INV-0550,Zenith Corp,Corporate,2024-12-19,2025-02-02,38676.86,0.0,38676.86,119,90+,Overdue,North,Valentina Cruz
INV-0551,TechWorld Inc,Corporate,2024-12-15,2024-12-30,2887.64,2887.64,0.0,0,Current,Paid,North,Carlos Perez
INV-0552,Omega Retail,Retail,2025-01-11,2025-02-25,23982.62,23982.62,0.0,0,Current,Paid,West,Carlos Perez
INV-0553,WaveCo Corp,Corporate,2025-02-13,2025-02-28,33292.91,33292.91,0.0,0,Current,Paid,North,Sofia Ruiz
INV-0554,TechWorld Inc,Corporate,2025-05-05,2025-05-20,14493.99,0.0,14493.99,12,1-30,Overdue,South,Valentina Cruz
INV-0555,PrimeParts Co,SMB,2025-03-25,2025-04-24,18217.13,4012.87,14204.26,38,31-60,Partial,South,Luis Mendez
INV-0556,RedLine Corp,Corporate,2024-12-06,2025-02-04,16864.88,16864.88,0.0,0,Current,Paid,West,Luis Mendez
INV-0557,Vertex Supply,SMB,2025-01-05,2025-03-06,7882.65,7882.65,0.0,0,Current,Paid,North,Carlos Perez
INV-0558,QualityGoods,Retail,2025-03-27,2025-04-26,23109.19,0.0,23109.19,36,31-60,Overdue,North,Carlos Perez
INV-0559,Intex Solutions,Corporate,2025-05-06,2025-06-05,43769.95,0.0,43769.95,0,Current,Current,West,Maria Lopez
INV-0560,Bravo Trading,SMB,2024-12-09,2025-01-23,21586.76,21586.76,0.0,0,Current,Paid,East,Diego Herrera
INV-0561,Bravo Trading,SMB,2025-04-26,2025-05-26,16768.71,0.0,16768.71,6,1-30,Overdue,North,Maria Lopez
INV-0562,TechWorld Inc,Corporate,2025-02-25,2025-04-11,9552.04,7849.22,1702.82,51,31-60,Partial,East,Carlos Perez
INV-0563,Intex Solutions,Corporate,2025-02-13,2025-03-15,6096.3,0.0,6096.3,78,61-90,Overdue,West,Andres Gomez
INV-0564,BlueStar Ltd,Corporate,2025-02-14,2025-04-15,40212.11,0.0,40212.11,47,31-60,Overdue,South,Carlos Perez
INV-0565,FastMart Inc,Retail,2025-03-01,2025-03-16,43197.5,0.0,43197.5,77,61-90,Overdue,Central,Valentina Cruz
INV-0566,XcelBuy SA,Retail,2025-01-27,2025-02-11,44435.9,6554.39,37881.51,110,90+,Partial,South,Andres Gomez
INV-0567,UniMart Ltd,Retail,2024-12-09,2025-01-08,48905.83,0.0,48905.83,144,90+,Overdue,East,Maria Lopez
INV-0568,KeyStone LLC,SMB,2025-02-10,2025-03-12,24355.52,0.0,24355.52,81,61-90,Overdue,Central,Carlos Perez
INV-0569,UniMart Ltd,Retail,2025-01-09,2025-01-24,1076.42,0.0,1076.42,128,90+,Overdue,West,Ana Torres
INV-0570,QualityGoods,Retail,2025-04-19,2025-05-04,37695.79,13124.59,24571.2,28,1-30,Partial,West,Andres Gomez
INV-0571,Intex Solutions,Corporate,2025-01-11,2025-03-12,20462.21,20462.21,0.0,0,Current,Paid,North,Luis Mendez
INV-0572,Omega Retail,Retail,2025-05-09,2025-07-08,22629.87,0.0,22629.87,0,Current,Current,West,Andres Gomez
INV-0573,Delta Supplies,SMB,2025-05-05,2025-07-04,20910.76,0.0,20910.76,0,Current,Current,West,Maria Lopez
INV-0574,RedLine Corp,Corporate,2025-05-08,2025-06-22,44560.49,0.0,44560.49,0,Current,Current,Central,Maria Lopez
INV-0575,RedLine Corp,Corporate,2025-03-05,2025-04-19,41352.89,0.0,41352.89,43,31-60,Overdue,South,Andres Gomez
INV-0576,Bravo Trading,SMB,2025-01-08,2025-03-09,35974.57,15807.2,20167.37,84,61-90,Partial,West,Diego Herrera
INV-0577,Delta Supplies,SMB,2025-03-05,2025-04-19,41579.25,0.0,41579.25,43,31-60,Overdue,South,Maria Lopez
INV-0578,JetLine Inc,Retail,2024-12-03,2024-12-18,2766.02,2766.02,0.0,0,Current,Paid,Central,Diego Herrera
INV-0579,Eagle Trading,SMB,2025-03-27,2025-04-26,9783.4,0.0,9783.4,36,31-60,Overdue,West,Carlos Perez
INV-0580,MegaBuy SA,Retail,2025-04-13,2025-05-28,5834.4,4638.17,1196.23,4,1-30,Partial,South,Andres Gomez
INV-0581,Apex Retail,Retail,2025-02-05,2025-04-06,33093.61,0.0,33093.61,56,31-60,Overdue,Central,Carlos Perez
INV-0582,Eagle Trading,SMB,2025-01-16,2025-01-31,27884.7,15025.41,12859.29,121,90+,Partial,West,Maria Lopez
INV-0583,DynaBuy Inc,Retail,2024-12-05,2025-01-04,36659.49,36659.49,0.0,0,Current,Paid,Central,Ana Torres
INV-0584,MegaBuy SA,Retail,2025-01-22,2025-03-23,21223.9,0.0,21223.9,70,61-90,Overdue,Central,Diego Herrera
INV-0585,WaveCo Corp,Corporate,2025-02-19,2025-04-05,48539.34,9709.27,38830.07,57,31-60,Partial,South,Sofia Ruiz
INV-0586,NovaTech Ltd,Corporate,2024-12-03,2025-01-17,35737.78,0.0,35737.78,135,90+,Overdue,Central,Sofia Ruiz
INV-0587,UniMart Ltd,Retail,2025-04-08,2025-05-23,34487.26,0.0,34487.26,9,1-30,Overdue,South,Luis Mendez
INV-0588,Eagle Trading,SMB,2025-05-02,2025-06-16,28332.87,0.0,28332.87,0,Current,Current,South,Diego Herrera
INV-0589,SkyLink SA,SMB,2024-12-10,2025-01-24,43935.12,4814.32,39120.8,128,90+,Partial,Central,Valentina Cruz
INV-0590,Delta Supplies,SMB,2025-04-24,2025-05-09,33677.58,33677.58,0.0,0,Current,Paid,North,Valentina Cruz
INV-0591,YieldTech,SMB,2024-12-08,2025-01-22,7748.21,7748.21,0.0,0,Current,Paid,South,Sofia Ruiz
INV-0592,Zenith Corp,Corporate,2025-01-13,2025-01-28,18254.78,10260.68,7994.1,124,90+,Partial,East,Luis Mendez
INV-0593,Vertex Supply,SMB,2024-12-17,2025-02-15,12260.98,0.0,12260.98,106,90+,Overdue,Central,Luis Mendez
INV-0594,Zenith Corp,Corporate,2025-02-23,2025-04-24,21120.03,0.0,21120.03,38,31-60,Overdue,East,Maria Lopez
INV-0595,Vertex Supply,SMB,2025-05-28,2025-07-12,10552.82,0.0,10552.82,0,Current,Current,East,Maria Lopez
INV-0596,Bravo Trading,SMB,2024-12-20,2025-02-03,37877.83,20929.03,16948.8,118,90+,Partial,West,Luis Mendez
INV-0597,YieldTech,SMB,2025-02-06,2025-03-08,49180.94,49180.94,0.0,0,Current,Paid,South,Sofia Ruiz
INV-0598,FastMart Inc,Retail,2025-02-24,2025-03-11,21711.14,0.0,21711.14,82,61-90,Overdue,Central,Carlos Perez
INV-0599,Eagle Trading,SMB,2025-05-30,2025-07-14,23583.4,0.0,23583.4,0,Current,Current,South,Sofia Ruiz
INV-0600,DynaBuy Inc,Retail,2025-04-22,2025-06-06,30045.58,0.0,30045.58,0,Current,Current,South,Maria Lopez
INV-0601,YieldTech,SMB,2025-01-26,2025-03-12,4107.6,0.0,4107.6,81,61-90,Overdue,Central,Sofia Ruiz
INV-0602,QualityGoods,Retail,2025-01-18,2025-02-02,39419.78,39419.78,0.0,0,Current,Paid,South,Ana Torres
INV-0603,RedLine Corp,Corporate,2025-05-08,2025-06-22,11449.31,0.0,11449.31,0,Current,Current,Central,Valentina Cruz
INV-0604,Global Parts Co,Corporate,2025-02-28,2025-04-14,11313.04,0.0,11313.04,48,31-60,Overdue,East,Diego Herrera
INV-0605,QualityGoods,Retail,2025-05-02,2025-06-16,22560.53,0.0,22560.53,0,Current,Current,West,Maria Lopez
INV-0606,Crest Corp,Corporate,2025-05-21,2025-07-05,19377.94,0.0,19377.94,0,Current,Current,Central,Luis Mendez
INV-0607,Zenith Corp,Corporate,2025-03-27,2025-05-11,1722.93,1167.92,555.01,21,1-30,Partial,North,Valentina Cruz
INV-0608,QualityGoods,Retail,2025-01-27,2025-02-11,15173.48,0.0,15173.48,110,90+,Overdue,Central,Andres Gomez
INV-0609,KeyStone LLC,SMB,2025-05-07,2025-06-06,48595.62,0.0,48595.62,0,Current,Current,Central,Carlos Perez
INV-0610,YieldTech,SMB,2024-12-22,2025-01-06,10933.68,0.0,10933.68,146,90+,Overdue,Central,Maria Lopez
INV-0611,Global Parts Co,Corporate,2025-04-09,2025-06-08,32504.78,0.0,32504.78,0,Current,Current,West,Carlos Perez
INV-0612,CityRetail SA,Retail,2025-02-03,2025-03-20,2375.37,2375.37,0.0,0,Current,Paid,South,Maria Lopez
INV-0613,FastMart Inc,Retail,2025-01-04,2025-02-03,45593.84,19985.8,25608.04,118,90+,Partial,East,Carlos Perez
INV-0614,MegaBuy SA,Retail,2025-05-27,2025-07-26,33828.29,0.0,33828.29,0,Current,Current,West,Diego Herrera
INV-0615,RedLine Corp,Corporate,2025-01-02,2025-01-17,35193.66,35193.66,0.0,0,Current,Paid,North,Carlos Perez
INV-0616,DynaBuy Inc,Retail,2025-03-18,2025-05-02,30525.01,30525.01,0.0,0,Current,Paid,Central,Carlos Perez
INV-0617,DynaBuy Inc,Retail,2025-02-19,2025-03-06,23962.39,4847.26,19115.13,87,61-90,Partial,West,Valentina Cruz
INV-0618,MegaBuy SA,Retail,2024-12-20,2025-01-19,15253.8,0.0,15253.8,133,90+,Overdue,Central,Sofia Ruiz
INV-0619,Zenith Corp,Corporate,2025-01-10,2025-02-09,6600.14,6600.14,0.0,0,Current,Paid,East,Maria Lopez
INV-0620,TechWorld Inc,Corporate,2025-03-14,2025-04-13,37540.68,0.0,37540.68,49,31-60,Overdue,West,Carlos Perez
INV-0621,Luminary Corp,Corporate,2024-12-17,2025-01-16,8467.24,8467.24,0.0,0,Current,Paid,South,Valentina Cruz
INV-0622,Apex Retail,Retail,2025-05-02,2025-06-01,33713.41,0.0,33713.41,0,Current,Current,East,Luis Mendez
INV-0623,SkyLink SA,SMB,2024-12-17,2025-01-01,14887.31,14887.31,0.0,0,Current,Paid,North,Andres Gomez
INV-0624,Delta Supplies,SMB,2025-03-08,2025-04-22,6846.65,0.0,6846.65,40,31-60,Overdue,South,Andres Gomez
INV-0625,Delta Supplies,SMB,2025-04-12,2025-05-27,24550.13,14596.69,9953.44,5,1-30,Partial,East,Carlos Perez
INV-0626,WaveCo Corp,Corporate,2025-01-07,2025-02-21,40481.14,0.0,40481.14,100,90+,Overdue,Central,Ana Torres
INV-0627,FastMart Inc,Retail,2025-03-29,2025-04-28,35753.86,0.0,35753.86,34,31-60,Overdue,North,Diego Herrera
INV-0628,Intex Solutions,Corporate,2024-12-09,2025-01-23,43955.35,16221.99,27733.36,129,90+,Partial,East,Ana Torres
INV-0629,JetLine Inc,Retail,2025-04-17,2025-05-02,42168.75,0.0,42168.75,30,1-30,Overdue,West,Carlos Perez
INV-0630,Eagle Trading,SMB,2025-03-25,2025-04-09,36507.56,0.0,36507.56,53,31-60,Overdue,Central,Luis Mendez
INV-0631,Bravo Trading,SMB,2025-01-03,2025-03-04,38575.41,38575.41,0.0,0,Current,Paid,Central,Maria Lopez
INV-0632,BlueStar Ltd,Corporate,2025-01-12,2025-03-13,32868.45,32868.45,0.0,0,Current,Paid,Central,Sofia Ruiz
INV-0633,MegaBuy SA,Retail,2025-04-27,2025-06-26,25305.6,0.0,25305.6,0,Current,Current,South,Sofia Ruiz
INV-0634,CityRetail SA,Retail,2025-01-23,2025-02-07,33302.59,0.0,33302.59,114,90+,Overdue,West,Diego Herrera
INV-0635,Zenith Corp,Corporate,2025-01-20,2025-02-19,22587.91,22587.91,0.0,0,Current,Paid,Central,Ana Torres
INV-0636,SkyLink SA,SMB,2025-03-01,2025-03-16,11331.55,1667.39,9664.16,77,61-90,Partial,South,Andres Gomez
INV-0637,Luminary Corp,Corporate,2024-12-11,2025-01-10,26135.32,0.0,26135.32,142,90+,Overdue,South,Maria Lopez
INV-0638,MegaBuy SA,Retail,2025-05-20,2025-06-04,49039.19,0.0,49039.19,0,Current,Current,West,Andres Gomez
INV-0639,KeyStone LLC,SMB,2025-03-25,2025-04-24,19144.65,10352.64,8792.01,38,31-60,Partial,North,Sofia Ruiz
INV-0640,Crest Corp,Corporate,2025-02-24,2025-03-26,26060.4,19565.88,6494.52,67,61-90,Partial,North,Sofia Ruiz
INV-0641,PrimeParts Co,SMB,2025-01-23,2025-02-22,22274.99,22274.99,0.0,0,Current,Paid,West,Maria Lopez
INV-0642,QualityGoods,Retail,2025-04-23,2025-05-23,8289.19,0.0,8289.19,9,1-30,Overdue,East,Luis Mendez
INV-0643,Apex Retail,Retail,2025-02-14,2025-03-31,36152.66,16598.08,19554.58,62,61-90,Partial,North,Luis Mendez
INV-0644,Global Parts Co,Corporate,2024-12-17,2025-02-15,1611.08,1611.08,0.0,0,Current,Paid,Central,Ana Torres
INV-0645,SkyLink SA,SMB,2025-04-27,2025-05-12,44594.48,44594.48,0.0,0,Current,Paid,Central,Ana Torres
INV-0646,FastMart Inc,Retail,2025-01-19,2025-03-20,30168.2,0.0,30168.2,73,61-90,Overdue,East,Ana Torres
INV-0647,Acme Corp,Corporate,2025-04-06,2025-06-05,30523.03,0.0,30523.03,0,Current,Current,East,Carlos Perez
INV-0648,PrimeParts Co,SMB,2025-04-05,2025-06-04,30241.52,0.0,30241.52,0,Current,Current,West,Ana Torres
INV-0649,Zenith Corp,Corporate,2024-12-23,2025-02-06,8802.22,0.0,8802.22,115,90+,Overdue,Central,Ana Torres
INV-0650,DynaBuy Inc,Retail,2025-04-03,2025-06-02,19580.36,0.0,19580.36,0,Current,Current,West,Carlos Perez
INV-0651,Delta Supplies,SMB,2025-01-18,2025-03-19,41412.45,0.0,41412.45,74,61-90,Overdue,North,Luis Mendez
INV-0652,FastMart Inc,Retail,2025-01-15,2025-01-30,5112.9,0.0,5112.9,122,90+,Overdue,West,Maria Lopez
INV-0653,Crest Corp,Corporate,2024-12-09,2025-02-07,26341.19,3492.28,22848.91,114,90+,Partial,Central,Maria Lopez
INV-0654,QualityGoods,Retail,2025-01-28,2025-03-29,17850.63,0.0,17850.63,64,61-90,Overdue,West,Luis Mendez
INV-0655,DynaBuy Inc,Retail,2025-02-12,2025-03-14,13098.64,0.0,13098.64,79,61-90,Overdue,Central,Carlos Perez
INV-0656,DynaBuy Inc,Retail,2024-12-29,2025-02-27,13261.35,13261.35,0.0,0,Current,Paid,North,Sofia Ruiz
INV-0657,XcelBuy SA,Retail,2025-01-18,2025-02-02,19063.98,19063.98,0.0,0,Current,Paid,North,Carlos Perez
INV-0658,Zenith Corp,Corporate,2025-02-28,2025-03-15,8161.54,0.0,8161.54,78,61-90,Overdue,East,Valentina Cruz
INV-0659,Intex Solutions,Corporate,2025-01-07,2025-02-21,30788.09,0.0,30788.09,100,90+,Overdue,East,Valentina Cruz
INV-0660,MegaBuy SA,Retail,2025-01-10,2025-03-11,9346.62,0.0,9346.62,82,61-90,Overdue,South,Valentina Cruz
INV-0661,PrimeParts Co,SMB,2025-01-04,2025-02-18,38822.63,7902.4,30920.23,103,90+,Partial,East,Sofia Ruiz
INV-0662,Bravo Trading,SMB,2025-02-06,2025-03-08,5463.79,3767.62,1696.17,85,61-90,Partial,North,Luis Mendez
INV-0663,Zenith Corp,Corporate,2025-04-20,2025-06-19,48246.23,0.0,48246.23,0,Current,Current,Central,Maria Lopez
INV-0664,Acme Corp,Corporate,2025-01-31,2025-04-01,4862.96,4862.96,0.0,0,Current,Paid,North,Ana Torres
INV-0665,Luminary Corp,Corporate,2025-02-22,2025-04-23,30891.3,19575.95,11315.35,39,31-60,Partial,North,Maria Lopez
INV-0666,TechWorld Inc,Corporate,2024-12-19,2025-02-17,22229.12,22229.12,0.0,0,Current,Paid,North,Ana Torres
INV-0667,Vertex Supply,SMB,2025-04-12,2025-04-27,39305.99,24520.54,14785.45,35,31-60,Partial,Central,Sofia Ruiz
INV-0668,TechWorld Inc,Corporate,2025-02-28,2025-03-30,32923.45,0.0,32923.45,63,61-90,Overdue,South,Maria Lopez
INV-0669,CityRetail SA,Retail,2025-03-02,2025-05-01,20569.82,20569.82,0.0,0,Current,Paid,East,Valentina Cruz
INV-0670,Acme Corp,Corporate,2025-01-11,2025-02-25,36443.87,0.0,36443.87,96,90+,Overdue,North,Carlos Perez
INV-0671,SkyLink SA,SMB,2025-03-22,2025-04-21,30514.99,30514.99,0.0,0,Current,Paid,East,Diego Herrera
INV-0672,DynaBuy Inc,Retail,2025-03-26,2025-04-25,20653.16,20653.16,0.0,0,Current,Paid,West,Maria Lopez
INV-0673,CityRetail SA,Retail,2025-03-05,2025-03-20,40245.64,0.0,40245.64,73,61-90,Overdue,Central,Sofia Ruiz
INV-0674,Crest Corp,Corporate,2024-12-05,2025-02-03,48319.75,0.0,48319.75,118,90+,Overdue,Central,Sofia Ruiz
INV-0675,YieldTech,SMB,2025-02-03,2025-04-04,44877.93,0.0,44877.93,58,31-60,Overdue,South,Diego Herrera
INV-0676,PrimeParts Co,SMB,2025-05-14,2025-07-13,31866.26,0.0,31866.26,0,Current,Current,North,Sofia Ruiz
INV-0677,Harbor Goods,SMB,2025-02-15,2025-04-01,26066.96,26066.96,0.0,0,Current,Paid,South,Diego Herrera
INV-0678,Apex Retail,Retail,2025-03-19,2025-04-03,20247.07,0.0,20247.07,59,31-60,Overdue,East,Luis Mendez
INV-0679,KeyStone LLC,SMB,2025-01-30,2025-03-16,18000.13,0.0,18000.13,77,61-90,Overdue,North,Ana Torres
INV-0680,Intex Solutions,Corporate,2025-01-24,2025-02-23,12125.64,12125.64,0.0,0,Current,Paid,South,Luis Mendez
INV-0681,Intex Solutions,Corporate,2025-04-10,2025-05-10,41898.57,28667.16,13231.41,22,1-30,Partial,South,Luis Mendez
INV-0682,Delta Supplies,SMB,2024-12-25,2025-01-09,38330.09,5047.97,33282.12,143,90+,Partial,North,Andres Gomez
INV-0683,PrimeParts Co,SMB,2025-01-25,2025-03-11,24794.86,0.0,24794.86,82,61-90,Overdue,East,Diego Herrera
INV-0684,DynaBuy Inc,Retail,2025-02-19,2025-03-21,37633.38,37633.38,0.0,0,Current,Paid,Central,Sofia Ruiz
INV-0685,QualityGoods,Retail,2025-01-13,2025-01-28,25372.52,15597.86,9774.66,124,90+,Partial,West,Andres Gomez
INV-0686,FastMart Inc,Retail,2024-12-04,2025-02-02,16124.74,16124.74,0.0,0,Current,Paid,West,Carlos Perez
INV-0687,Vertex Supply,SMB,2025-01-03,2025-01-18,16609.09,0.0,16609.09,134,90+,Overdue,South,Valentina Cruz
INV-0688,Intex Solutions,Corporate,2025-04-01,2025-05-16,23831.6,0.0,23831.6,16,1-30,Overdue,South,Sofia Ruiz
INV-0689,Luminary Corp,Corporate,2025-02-12,2025-03-14,21245.1,0.0,21245.1,79,61-90,Overdue,South,Andres Gomez
INV-0690,Luminary Corp,Corporate,2025-02-05,2025-03-07,28784.78,0.0,28784.78,86,61-90,Overdue,West,Sofia Ruiz
INV-0691,Vertex Supply,SMB,2025-03-23,2025-04-22,27989.33,0.0,27989.33,40,31-60,Overdue,South,Carlos Perez
INV-0692,Global Parts Co,Corporate,2025-01-30,2025-02-14,9242.06,7824.99,1417.07,107,90+,Partial,South,Ana Torres
INV-0693,Bravo Trading,SMB,2025-01-27,2025-03-13,12923.21,0.0,12923.21,80,61-90,Overdue,Central,Diego Herrera
INV-0694,BlueStar Ltd,Corporate,2024-12-06,2025-01-05,3471.8,0.0,3471.8,147,90+,Overdue,West,Carlos Perez
INV-0695,PrimeParts Co,SMB,2025-03-07,2025-04-21,18367.62,0.0,18367.62,41,31-60,Overdue,North,Andres Gomez
INV-0696,DynaBuy Inc,Retail,2025-05-26,2025-07-25,6501.26,0.0,6501.26,0,Current,Current,East,Diego Herrera
INV-0697,Bravo Trading,SMB,2025-01-04,2025-02-03,48978.97,48978.97,0.0,0,Current,Paid,Central,Luis Mendez
INV-0698,KeyStone LLC,SMB,2025-02-06,2025-02-21,19363.01,19363.01,0.0,0,Current,Paid,Central,Andres Gomez
INV-0699,UniMart Ltd,Retail,2024-12-19,2025-02-02,21379.92,0.0,21379.92,119,90+,Overdue,South,Ana Torres
INV-0700,MegaBuy SA,Retail,2025-04-20,2025-06-04,11796.79,0.0,11796.79,0,Current,Current,North,Carlos Perez
INV-0701,KeyStone LLC,SMB,2024-12-28,2025-02-26,13926.78,10404.77,3522.01,95,90+,Partial,East,Sofia Ruiz
INV-0702,Luminary Corp,Corporate,2025-02-15,2025-03-17,9602.37,9602.37,0.0,0,Current,Paid,Central,Andres Gomez
INV-0703,XcelBuy SA,Retail,2024-12-03,2024-12-18,10923.29,1875.15,9048.14,165,90+,Partial,South,Sofia Ruiz
INV-0704,DynaBuy Inc,Retail,2025-05-25,2025-07-24,26437.15,0.0,26437.15,0,Current,Current,West,Maria Lopez
INV-0705,CityRetail SA,Retail,2024-12-24,2025-01-23,4673.41,0.0,4673.41,129,90+,Overdue,North,Sofia Ruiz
INV-0706,MegaBuy SA,Retail,2025-03-29,2025-05-13,22436.44,22436.44,0.0,0,Current,Paid,East,Luis Mendez
INV-0707,QualityGoods,Retail,2025-05-23,2025-07-07,43088.26,0.0,43088.26,0,Current,Current,South,Maria Lopez
INV-0708,KeyStone LLC,SMB,2025-01-13,2025-02-27,27652.99,27652.99,0.0,0,Current,Paid,West,Andres Gomez
INV-0709,WaveCo Corp,Corporate,2024-12-31,2025-03-01,31736.85,0.0,31736.85,92,90+,Overdue,Central,Ana Torres
INV-0710,SkyLink SA,SMB,2025-03-04,2025-05-03,27213.57,0.0,27213.57,29,1-30,Overdue,West,Sofia Ruiz
INV-0711,Omega Retail,Retail,2025-02-15,2025-04-01,8208.02,8208.02,0.0,0,Current,Paid,East,Diego Herrera
INV-0712,QualityGoods,Retail,2025-03-19,2025-05-18,26987.39,0.0,26987.39,14,1-30,Overdue,South,Diego Herrera
INV-0713,PrimeParts Co,SMB,2025-05-29,2025-07-28,39999.26,0.0,39999.26,0,Current,Current,West,Sofia Ruiz
INV-0714,TechWorld Inc,Corporate,2025-01-11,2025-02-25,9834.26,0.0,9834.26,96,90+,Overdue,South,Maria Lopez
INV-0715,NovaTech Ltd,Corporate,2025-04-20,2025-06-19,41507.13,0.0,41507.13,0,Current,Current,West,Luis Mendez
INV-0716,Harbor Goods,SMB,2025-02-12,2025-03-14,26072.2,0.0,26072.2,79,61-90,Overdue,East,Carlos Perez
INV-0717,TechWorld Inc,Corporate,2024-12-16,2025-01-30,20938.74,0.0,20938.74,122,90+,Overdue,East,Sofia Ruiz
INV-0718,FastMart Inc,Retail,2025-05-03,2025-07-02,31077.61,0.0,31077.61,0,Current,Current,South,Sofia Ruiz
INV-0719,Intex Solutions,Corporate,2025-04-13,2025-05-28,1460.07,1460.07,0.0,0,Current,Paid,Central,Andres Gomez
INV-0720,RedLine Corp,Corporate,2025-05-05,2025-06-19,13825.16,0.0,13825.16,0,Current,Current,North,Ana Torres
INV-0721,WaveCo Corp,Corporate,2025-04-02,2025-04-17,7958.84,2836.81,5122.03,45,31-60,Partial,West,Maria Lopez
INV-0722,JetLine Inc,Retail,2025-02-02,2025-02-17,16847.31,0.0,16847.31,104,90+,Overdue,West,Diego Herrera
INV-0723,Eagle Trading,SMB,2025-02-20,2025-03-07,27388.0,27388.0,0.0,0,Current,Paid,North,Sofia Ruiz
INV-0724,Crest Corp,Corporate,2025-05-28,2025-06-12,48742.63,0.0,48742.63,0,Current,Current,East,Valentina Cruz
INV-0725,WaveCo Corp,Corporate,2025-02-07,2025-03-09,37012.14,37012.14,0.0,0,Current,Paid,South,Valentina Cruz
INV-0726,Omega Retail,Retail,2025-01-30,2025-03-31,34231.39,11717.32,22514.07,62,61-90,Partial,North,Luis Mendez
INV-0727,UniMart Ltd,Retail,2025-03-28,2025-05-27,32106.74,32106.74,0.0,0,Current,Paid,North,Carlos Perez
INV-0728,Crest Corp,Corporate,2025-05-03,2025-06-02,31828.99,0.0,31828.99,0,Current,Current,North,Luis Mendez
INV-0729,KeyStone LLC,SMB,2025-03-22,2025-04-06,20092.51,20092.51,0.0,0,Current,Paid,North,Ana Torres
INV-0730,BlueStar Ltd,Corporate,2024-12-06,2025-01-05,18884.23,18884.23,0.0,0,Current,Paid,Central,Andres Gomez
INV-0731,FastMart Inc,Retail,2024-12-07,2025-01-21,46577.01,0.0,46577.01,131,90+,Overdue,West,Carlos Perez
INV-0732,UniMart Ltd,Retail,2025-03-01,2025-03-31,35215.74,0.0,35215.74,62,61-90,Overdue,North,Maria Lopez
INV-0733,Eagle Trading,SMB,2025-03-11,2025-04-25,40373.51,9880.37,30493.14,37,31-60,Partial,West,Luis Mendez
INV-0734,WaveCo Corp,Corporate,2025-04-27,2025-06-11,44983.82,0.0,44983.82,0,Current,Current,West,Diego Herrera
INV-0735,PrimeParts Co,SMB,2025-01-13,2025-03-14,9893.9,9893.9,0.0,0,Current,Paid,West,Sofia Ruiz
INV-0736,Luminary Corp,Corporate,2025-03-22,2025-04-21,3909.39,3909.39,0.0,0,Current,Paid,East,Andres Gomez
INV-0737,JetLine Inc,Retail,2025-02-04,2025-02-19,38907.94,25299.63,13608.31,102,90+,Partial,East,Diego Herrera
INV-0738,Crest Corp,Corporate,2024-12-24,2025-01-23,16374.36,16374.36,0.0,0,Current,Paid,North,Diego Herrera
INV-0739,RedLine Corp,Corporate,2025-01-17,2025-03-18,38403.84,38403.84,0.0,0,Current,Paid,West,Luis Mendez
INV-0740,JetLine Inc,Retail,2024-12-18,2025-02-01,5967.97,895.25,5072.72,120,90+,Partial,East,Valentina Cruz
INV-0741,Apex Retail,Retail,2025-05-23,2025-06-22,5799.23,0.0,5799.23,0,Current,Current,South,Ana Torres
INV-0742,Global Parts Co,Corporate,2025-01-05,2025-03-06,33067.1,20699.53,12367.57,87,61-90,Partial,North,Maria Lopez
INV-0743,Intex Solutions,Corporate,2025-04-05,2025-04-20,1147.76,0.0,1147.76,42,31-60,Overdue,North,Diego Herrera
INV-0744,UniMart Ltd,Retail,2025-02-01,2025-02-16,18365.84,0.0,18365.84,105,90+,Overdue,West,Carlos Perez
INV-0745,Crest Corp,Corporate,2025-05-17,2025-07-01,26686.53,0.0,26686.53,0,Current,Current,West,Diego Herrera
INV-0746,XcelBuy SA,Retail,2025-05-12,2025-06-11,48049.04,0.0,48049.04,0,Current,Current,North,Sofia Ruiz
INV-0747,Delta Supplies,SMB,2025-01-15,2025-03-16,9878.29,2830.84,7047.45,77,61-90,Partial,North,Luis Mendez
INV-0748,UniMart Ltd,Retail,2025-05-04,2025-06-18,33887.38,0.0,33887.38,0,Current,Current,South,Valentina Cruz
INV-0749,WaveCo Corp,Corporate,2025-04-19,2025-05-19,27723.29,16444.04,11279.25,13,1-30,Partial,West,Carlos Perez
INV-0750,RedLine Corp,Corporate,2025-03-02,2025-04-16,27729.03,0.0,27729.03,46,31-60,Overdue,Central,Andres Gomez
INV-0751,Bravo Trading,SMB,2024-12-20,2025-02-18,41394.67,11612.94,29781.73,103,90+,Partial,East,Valentina Cruz
INV-0752,RedLine Corp,Corporate,2025-01-11,2025-02-25,18320.42,15020.33,3300.09,96,90+,Partial,South,Valentina Cruz
INV-0753,Acme Corp,Corporate,2024-12-30,2025-01-14,26121.66,0.0,26121.66,138,90+,Overdue,North,Sofia Ruiz
INV-0754,JetLine Inc,Retail,2025-04-05,2025-05-05,42858.16,42858.16,0.0,0,Current,Paid,North,Sofia Ruiz
INV-0755,Apex Retail,Retail,2025-05-07,2025-05-22,23288.31,23288.31,0.0,0,Current,Paid,East,Ana Torres
INV-0756,Intex Solutions,Corporate,2025-04-02,2025-05-17,40648.17,40648.17,0.0,0,Current,Paid,East,Luis Mendez
INV-0757,MegaBuy SA,Retail,2025-05-12,2025-06-26,39748.76,0.0,39748.76,0,Current,Current,Central,Luis Mendez
INV-0758,FastMart Inc,Retail,2024-12-30,2025-02-13,2349.89,0.0,2349.89,108,90+,Overdue,West,Carlos Perez
INV-0759,MegaBuy SA,Retail,2025-03-07,2025-04-21,44049.73,35137.79,8911.94,41,31-60,Partial,North,Maria Lopez
INV-0760,Delta Supplies,SMB,2024-12-20,2025-02-18,3179.33,1079.34,2099.99,103,90+,Partial,South,Maria Lopez
INV-0761,SkyLink SA,SMB,2025-01-23,2025-02-22,8083.28,0.0,8083.28,99,90+,Overdue,South,Diego Herrera
INV-0762,MegaBuy SA,Retail,2025-04-05,2025-06-04,14844.26,0.0,14844.26,0,Current,Current,West,Carlos Perez
INV-0763,MegaBuy SA,Retail,2025-03-06,2025-03-21,24054.81,0.0,24054.81,72,61-90,Overdue,South,Ana Torres
INV-0764,RedLine Corp,Corporate,2025-05-10,2025-07-09,25340.24,0.0,25340.24,0,Current,Current,West,Sofia Ruiz
INV-0765,YieldTech,SMB,2025-01-28,2025-02-27,24649.12,0.0,24649.12,94,90+,Overdue,South,Ana Torres
INV-0766,Global Parts Co,Corporate,2025-03-30,2025-04-14,13679.73,8393.25,5286.48,48,31-60,Partial,Central,Luis Mendez
INV-0767,SkyLink SA,SMB,2024-12-11,2025-02-09,21465.26,7310.08,14155.18,112,90+,Partial,North,Carlos Perez
INV-0768,TechWorld Inc,Corporate,2025-04-18,2025-06-02,31002.94,0.0,31002.94,0,Current,Current,North,Sofia Ruiz
INV-0769,Zenith Corp,Corporate,2025-02-08,2025-02-23,46248.55,46248.55,0.0,0,Current,Paid,West,Ana Torres
INV-0770,Vertex Supply,SMB,2025-05-10,2025-05-25,37109.29,37109.29,0.0,0,Current,Paid,East,Ana Torres
INV-0771,TechWorld Inc,Corporate,2025-05-28,2025-07-12,34842.86,0.0,34842.86,0,Current,Current,South,Sofia Ruiz
INV-0772,Delta Supplies,SMB,2025-01-31,2025-02-15,16927.9,0.0,16927.9,106,90+,Overdue,East,Andres Gomez
INV-0773,Global Parts Co,Corporate,2025-01-11,2025-03-12,31340.58,0.0,31340.58,81,61-90,Overdue,South,Sofia Ruiz
INV-0774,WaveCo Corp,Corporate,2025-01-02,2025-01-17,13145.09,13145.09,0.0,0,Current,Paid,North,Valentina Cruz
INV-0775,Global Parts Co,Corporate,2025-05-18,2025-07-17,32910.51,0.0,32910.51,0,Current,Current,Central,Sofia Ruiz
INV-0776,Acme Corp,Corporate,2024-12-13,2025-01-27,33317.59,0.0,33317.59,125,90+,Overdue,North,Valentina Cruz
INV-0777,Luminary Corp,Corporate,2025-03-18,2025-05-17,11942.85,9941.93,2000.92,15,1-30,Partial,North,Maria Lopez
INV-0778,Delta Supplies,SMB,2024-12-30,2025-01-14,9727.66,4314.12,5413.54,138,90+,Partial,East,Andres Gomez
INV-0779,DynaBuy Inc,Retail,2025-03-29,2025-05-13,17011.7,3704.36,13307.34,19,1-30,Partial,North,Maria Lopez
INV-0780,Luminary Corp,Corporate,2024-12-22,2025-02-05,12192.14,0.0,12192.14,116,90+,Overdue,East,Diego Herrera
INV-0781,QualityGoods,Retail,2024-12-22,2025-02-05,43994.53,0.0,43994.53,116,90+,Overdue,East,Maria Lopez
INV-0782,Apex Retail,Retail,2025-04-04,2025-05-04,17418.41,3534.99,13883.42,28,1-30,Partial,North,Sofia Ruiz
INV-0783,XcelBuy SA,Retail,2025-02-14,2025-03-16,28858.48,9647.02,19211.46,77,61-90,Partial,West,Luis Mendez
INV-0784,TechWorld Inc,Corporate,2025-01-13,2025-02-12,10734.49,10734.49,0.0,0,Current,Paid,East,Andres Gomez
INV-0785,RedLine Corp,Corporate,2025-03-13,2025-04-12,21788.18,0.0,21788.18,50,31-60,Overdue,South,Ana Torres
INV-0786,YieldTech,SMB,2025-03-11,2025-03-26,28088.34,0.0,28088.34,67,61-90,Overdue,South,Ana Torres
INV-0787,Delta Supplies,SMB,2025-04-24,2025-05-09,38389.03,0.0,38389.03,23,1-30,Overdue,South,Diego Herrera
INV-0788,NovaTech Ltd,Corporate,2025-02-07,2025-03-24,8021.87,8021.87,0.0,0,Current,Paid,West,Sofia Ruiz
INV-0789,Eagle Trading,SMB,2024-12-26,2025-02-09,30477.42,0.0,30477.42,112,90+,Overdue,South,Maria Lopez
INV-0790,TechWorld Inc,Corporate,2024-12-07,2024-12-22,18283.44,0.0,18283.44,161,90+,Overdue,South,Luis Mendez
INV-0791,PrimeParts Co,SMB,2024-12-16,2025-01-30,9606.84,4374.81,5232.03,122,90+,Partial,South,Andres Gomez
INV-0792,FastMart Inc,Retail,2025-05-23,2025-07-22,38344.67,0.0,38344.67,0,Current,Current,South,Luis Mendez
INV-0793,Acme Corp,Corporate,2025-04-05,2025-05-05,38009.94,38009.94,0.0,0,Current,Paid,East,Valentina Cruz
INV-0794,DynaBuy Inc,Retail,2024-12-06,2025-01-20,43405.36,0.0,43405.36,132,90+,Overdue,West,Andres Gomez
INV-0795,NovaTech Ltd,Corporate,2024-12-27,2025-02-25,36149.95,29077.37,7072.58,96,90+,Partial,West,Maria Lopez
INV-0796,SkyLink SA,SMB,2025-01-18,2025-02-02,22854.67,0.0,22854.67,119,90+,Overdue,Central,Maria Lopez
INV-0797,BlueStar Ltd,Corporate,2025-05-21,2025-07-20,26048.27,0.0,26048.27,0,Current,Current,South,Valentina Cruz
INV-0798,UniMart Ltd,Retail,2025-03-18,2025-05-17,20202.97,14560.6,5642.37,15,1-30,Partial,North,Luis Mendez
INV-0799,Omega Retail,Retail,2025-03-17,2025-04-01,34652.67,0.0,34652.67,61,61-90,Overdue,South,Valentina Cruz
INV-0800,Omega Retail,Retail,2025-01-23,2025-02-07,9398.68,0.0,9398.68,114,90+,Overdue,West,Carlos Perez
