record_id,customer_id,customer_name,segment,region,credit_limit,credit_used,credit_utilization,outstanding_balance,overdue_balance,days_overdue,risk_score,risk_category,payment_history,on_time_payments,late_payments,write_off_amount,period,year,month,quarter
CR-0001,C-ENT-01,Enterprise Client 01,Enterprise,South,1448000,629735,0.4349,279817,0,0,25.4,Medium,Fair,2,0,0.0,Jan 2025,2025,1,Q1
CR-0002,C-ENT-02,Enterprise Client 02,Enterprise,West,1885000,1646736,0.8736,888681,0,0,14.3,Low,Good,5,0,0.0,Jan 2025,2025,1,Q1
CR-0003,C-ENT-03,Enterprise Client 03,Enterprise,Central,665000,489374,0.7359,391619,0,0,22.4,Low,Good,2,0,0.0,Jan 2025,2025,1,Q1
CR-0004,C-ENT-04,Enterprise Client 04,Enterprise,West,1991000,1795484,0.9018,1482154,0,0,20.6,Low,Fair,2,1,0.0,Jan 2025,2025,1,Q1
CR-0005,C-ENT-05,Enterprise Client 05,Enterprise,North,1365000,418372,0.3065,286475,0,0,8.9,Low,Good,8,0,0.0,Jan 2025,2025,1,Q1
CR-0006,C-ENT-06,Enterprise Client 06,Enterprise,West,1536000,1308979,0.8522,916449,0,0,8.1,Low,Fair,10,0,0.0,Jan 2025,2025,1,Q1
CR-0007,C-ENT-07,Enterprise Client 07,Enterprise,South,708000,573905,0.8106,245119,0,0,6.9,Low,Good,10,0,0.0,Jan 2025,2025,1,Q1
CR-0008,C-ENT-08,Enterprise Client 08,Enterprise,South,1363000,831566,0.6101,265934,50959,7,32.1,Medium,Good,7,0,0.0,Jan 2025,2025,1,Q1
CR-0025,C-GOV-01,Government Client 01,Government,North,883000,288741,0.327,116567,0,0,7.2,Low,Good,6,0,0.0,Jan 2025,2025,1,Q1
CR-0026,C-GOV-02,Government Client 02,Government,South,1447000,856624,0.592,551627,0,0,21.5,Low,Fair,6,3,0.0,Jan 2025,2025,1,Q1
CR-0027,C-GOV-03,Government Client 03,Government,North,435000,398416,0.9159,325623,0,0,29.0,Medium,Fair,7,1,0.0,Jan 2025,2025,1,Q1
CR-0028,C-GOV-04,Government Client 04,Government,Central,1121000,642781,0.5734,219654,0,0,18.2,Low,Fair,9,3,0.0,Jan 2025,2025,1,Q1
CR-0029,C-GOV-05,Government Client 05,Government,East,894000,338558,0.3787,161840,0,0,15.5,Low,Good,9,0,0.0,Jan 2025,2025,1,Q1
CR-0030,C-GOV-06,Government Client 06,Government,North,653000,440187,0.6741,132830,0,0,23.4,Low,Good,9,0,0.0,Jan 2025,2025,1,Q1
CR-0031,C-GOV-07,Government Client 07,Government,South,324000,241639,0.7458,203165,0,0,0,Low,Good,6,0,0.0,Jan 2025,2025,1,Q1
CR-0032,C-GOV-08,Government Client 08,Government,East,902000,382358,0.4239,149049,0,0,0.8,Low,Fair,2,4,0.0,Jan 2025,2025,1,Q1
CR-0017,C-RET-01,Retail Client 01,Retail,Central,60000,50862,0.8477,42133,0,0,16.0,Low,Good,9,0,0.0,Jan 2025,2025,1,Q1
CR-0018,C-RET-02,Retail Client 02,Retail,North,118000,42386,0.3592,18573,9491,155,87.7,Critical,Poor,4,0,969.78,Jan 2025,2025,1,Q1
CR-0019,C-RET-03,Retail Client 03,Retail,Central,153000,39199,0.2562,15785,0,0,9.4,Low,Good,6,0,0.0,Jan 2025,2025,1,Q1
CR-0020,C-RET-04,Retail Client 04,Retail,Central,143000,127885,0.8943,103827,54607,78,64.0,High,Poor,2,0,0.0,Jan 2025,2025,1,Q1
CR-0021,C-RET-05,Retail Client 05,Retail,Central,72000,35244,0.4895,22285,0,0,8.7,Low,Good,8,0,0.0,Jan 2025,2025,1,Q1
CR-0022,C-RET-06,Retail Client 06,Retail,Central,103000,84553,0.8209,66869,0,0,25.5,Medium,Fair,7,1,0.0,Jan 2025,2025,1,Q1
CR-0023,C-RET-07,Retail Client 07,Retail,West,147000,49701,0.3381,27665,0,0,27.2,Medium,Fair,10,3,0.0,Jan 2025,2025,1,Q1
CR-0024,C-RET-08,Retail Client 08,Retail,North,106000,46619,0.4398,24297,0,0,27.9,Medium,Fair,6,0,0.0,Jan 2025,2025,1,Q1
CR-0009,C-SMB-01,SMB Client 01,SMB,North,274000,213994,0.781,86453,0,0,14.1,Low,Good,10,0,0.0,Jan 2025,2025,1,Q1
CR-0010,C-SMB-02,SMB Client 02,SMB,South,128000,37568,0.2935,11887,4440,71,59.8,High,Fair,9,3,0.0,Jan 2025,2025,1,Q1
CR-0011,C-SMB-03,SMB Client 03,SMB,North,317000,315130,0.9941,152399,71581,3,75.6,Critical,Poor,8,3,6337.55,Jan 2025,2025,1,Q1
CR-0012,C-SMB-04,SMB Client 04,SMB,South,101000,94718,0.9378,71799,3661,45,48.0,Medium,Good,4,0,0.0,Jan 2025,2025,1,Q1
CR-0013,C-SMB-05,SMB Client 05,SMB,North,203000,65102,0.3207,54215,0,0,4.9,Low,Good,2,0,0.0,Jan 2025,2025,1,Q1
CR-0014,C-SMB-06,SMB Client 06,SMB,West,108000,61474,0.5692,50161,0,0,15.3,Low,Fair,2,2,0.0,Jan 2025,2025,1,Q1
CR-0015,C-SMB-07,SMB Client 07,SMB,South,201000,125384,0.6238,80823,0,0,14.4,Low,Fair,4,2,0.0,Jan 2025,2025,1,Q1
CR-0016,C-SMB-08,SMB Client 08,SMB,South,147000,126861,0.863,38440,17606,51,67.7,High,Poor,1,3,0.0,Jan 2025,2025,1,Q1
CR-0033,C-STA-01,Startup Client 01,Startup,North,91000,80917,0.8892,53167,10660,76,50.7,High,Fair,9,1,0.0,Jan 2025,2025,1,Q1
CR-0034,C-STA-02,Startup Client 02,Startup,West,67000,40682,0.6072,33397,4047,118,60.4,High,Poor,7,4,0.0,Jan 2025,2025,1,Q1
CR-0035,C-STA-03,Startup Client 03,Startup,West,120000,87360,0.728,67933,23265,3,66.2,High,Fair,5,0,0.0,Jan 2025,2025,1,Q1
CR-0036,C-STA-04,Startup Client 04,Startup,East,132000,110035,0.8336,78669,17674,97,52.6,High,Good,2,0,0.0,Jan 2025,2025,1,Q1
CR-0037,C-STA-05,Startup Client 05,Startup,North,142000,122546,0.863,67194,25077,30,54.9,High,Fair,3,2,0.0,Jan 2025,2025,1,Q1
CR-0038,C-STA-06,Startup Client 06,Startup,North,65000,27859,0.4286,19752,375,36,37.3,Medium,Fair,6,0,0.0,Jan 2025,2025,1,Q1
CR-0039,C-STA-07,Startup Client 07,Startup,South,131000,61046,0.466,50232,22966,117,64.5,High,Good,3,0,0.0,Jan 2025,2025,1,Q1
CR-0040,C-STA-08,Startup Client 08,Startup,West,88000,38694,0.4397,14468,3584,66,58.6,High,Fair,4,4,0.0,Jan 2025,2025,1,Q1
CR-0041,C-ENT-01,Enterprise Client 01,Enterprise,South,1448000,688524,0.4755,584859,0,0,24.1,Low,Fair,6,3,0.0,Feb 2025,2025,2,Q1
CR-0042,C-ENT-02,Enterprise Client 02,Enterprise,West,1885000,1582646,0.8396,1169995,0,0,12.2,Low,Good,8,0,0.0,Feb 2025,2025,2,Q1
CR-0043,C-ENT-03,Enterprise Client 03,Enterprise,Central,665000,509590,0.7663,206333,0,0,21.6,Low,Good,2,0,0.0,Feb 2025,2025,2,Q1
CR-0044,C-ENT-04,Enterprise Client 04,Enterprise,West,1991000,1919921,0.9643,665613,0,0,21.0,Low,Fair,6,2,0.0,Feb 2025,2025,2,Q1
CR-0045,C-ENT-05,Enterprise Client 05,Enterprise,North,1365000,563472,0.4128,469379,0,0,10.6,Low,Good,3,0,0.0,Feb 2025,2025,2,Q1
CR-0046,C-ENT-06,Enterprise Client 06,Enterprise,West,1536000,1093478,0.7119,726324,0,0,15.1,Low,Fair,6,1,0.0,Feb 2025,2025,2,Q1
CR-0047,C-ENT-07,Enterprise Client 07,Enterprise,South,708000,493972,0.6977,163540,0,0,12.9,Low,Good,10,0,0.0,Feb 2025,2025,2,Q1
CR-0048,C-ENT-08,Enterprise Client 08,Enterprise,South,1363000,684362,0.5021,518590,46608,9,31.7,Medium,Good,6,0,0.0,Feb 2025,2025,2,Q1
CR-0065,C-GOV-01,Government Client 01,Government,North,883000,262604,0.2974,183906,0,0,6.1,Low,Good,4,0,0.0,Feb 2025,2025,2,Q1
CR-0066,C-GOV-02,Government Client 02,Government,South,1447000,909295,0.6284,460043,0,0,19.0,Low,Fair,7,4,0.0,Feb 2025,2025,2,Q1
CR-0067,C-GOV-03,Government Client 03,Government,North,435000,369446,0.8493,242516,0,0,28.9,Medium,Fair,6,3,0.0,Feb 2025,2025,2,Q1
CR-0068,C-GOV-04,Government Client 04,Government,Central,1121000,559827,0.4994,192212,0,0,16.1,Low,Fair,5,1,0.0,Feb 2025,2025,2,Q1
CR-0069,C-GOV-05,Government Client 05,Government,East,894000,351431,0.3931,294884,0,0,20.5,Low,Good,3,0,0.0,Feb 2025,2025,2,Q1
CR-0070,C-GOV-06,Government Client 06,Government,North,653000,417071,0.6387,288055,0,0,24.5,Low,Good,9,0,0.0,Feb 2025,2025,2,Q1
CR-0071,C-GOV-07,Government Client 07,Government,South,324000,259945,0.8023,106709,0,0,0,Low,Good,10,0,0.0,Feb 2025,2025,2,Q1
CR-0072,C-GOV-08,Government Client 08,Government,East,902000,433862,0.481,295016,0,0,1.4,Low,Fair,3,0,0.0,Feb 2025,2025,2,Q1
CR-0057,C-RET-01,Retail Client 01,Retail,Central,60000,45114,0.7519,30127,0,0,16.5,Low,Good,7,0,0.0,Feb 2025,2025,2,Q1
CR-0058,C-RET-02,Retail Client 02,Retail,North,118000,48286,0.4092,31444,6096,42,89.1,Critical,Poor,9,0,121.71,Feb 2025,2025,2,Q1
CR-0059,C-RET-03,Retail Client 03,Retail,Central,153000,40438,0.2643,16816,0,0,17.8,Low,Good,5,0,0.0,Feb 2025,2025,2,Q1
CR-0060,C-RET-04,Retail Client 04,Retail,Central,143000,123495,0.8636,61369,20532,20,64.5,High,Poor,2,3,0.0,Feb 2025,2025,2,Q1
CR-0061,C-RET-05,Retail Client 05,Retail,Central,72000,43258,0.6008,14384,0,0,12.6,Low,Good,10,0,0.0,Feb 2025,2025,2,Q1
CR-0062,C-RET-06,Retail Client 06,Retail,Central,103000,79485,0.7717,42286,0,0,21.5,Low,Fair,4,2,0.0,Feb 2025,2025,2,Q1
CR-0063,C-RET-07,Retail Client 07,Retail,West,147000,54758,0.3725,28737,1556,41,33.6,Medium,Fair,5,3,0.0,Feb 2025,2025,2,Q1
CR-0064,C-RET-08,Retail Client 08,Retail,North,106000,50859,0.4798,42625,0,0,26.4,Medium,Fair,7,0,0.0,Feb 2025,2025,2,Q1
CR-0049,C-SMB-01,SMB Client 01,SMB,North,274000,212569,0.7758,111216,0,0,13.0,Low,Good,4,0,0.0,Feb 2025,2025,2,Q1
CR-0050,C-SMB-02,SMB Client 02,SMB,South,128000,55590,0.4343,17959,1765,19,56.8,High,Fair,10,1,0.0,Feb 2025,2025,2,Q1
CR-0051,C-SMB-03,SMB Client 03,SMB,North,317000,316144,0.9973,255592,58494,129,81.7,Critical,Poor,3,3,290.11,Feb 2025,2025,2,Q1
CR-0052,C-SMB-04,SMB Client 04,SMB,South,101000,81042,0.8024,42860,15459,86,48.2,Medium,Good,10,0,0.0,Feb 2025,2025,2,Q1
CR-0053,C-SMB-05,SMB Client 05,SMB,North,203000,92223,0.4543,54063,0,0,1.3,Low,Good,5,0,0.0,Feb 2025,2025,2,Q1
CR-0054,C-SMB-06,SMB Client 06,SMB,West,108000,72738,0.6735,55816,0,0,17.9,Low,Fair,9,0,0.0,Feb 2025,2025,2,Q1
CR-0055,C-SMB-07,SMB Client 07,SMB,South,201000,148358,0.7381,97278,0,0,23.4,Low,Fair,8,2,0.0,Feb 2025,2025,2,Q1
CR-0056,C-SMB-08,SMB Client 08,SMB,South,147000,127376,0.8665,98509,11704,32,68.3,High,Poor,5,2,0.0,Feb 2025,2025,2,Q1
CR-0073,C-STA-01,Startup Client 01,Startup,North,91000,71535,0.7861,27126,9659,24,47.8,Medium,Fair,4,2,0.0,Feb 2025,2025,2,Q1
CR-0074,C-STA-02,Startup Client 02,Startup,West,67000,43852,0.6545,24605,11102,83,60.0,High,Poor,6,4,0.0,Feb 2025,2025,2,Q1
CR-0075,C-STA-03,Startup Client 03,Startup,West,120000,84492,0.7041,52782,20098,123,72.1,High,Fair,2,0,1229.05,Feb 2025,2025,2,Q1
CR-0076,C-STA-04,Startup Client 04,Startup,East,132000,114286,0.8658,38950,10725,76,57.6,High,Good,9,0,0.0,Feb 2025,2025,2,Q1
CR-0077,C-STA-05,Startup Client 05,Startup,North,142000,141830,0.9988,80674,19423,64,58.3,High,Fair,2,4,0.0,Feb 2025,2025,2,Q1
CR-0078,C-STA-06,Startup Client 06,Startup,North,65000,28112,0.4325,15205,3629,73,40.9,Medium,Fair,5,4,0.0,Feb 2025,2025,2,Q1
CR-0079,C-STA-07,Startup Client 07,Startup,South,131000,49924,0.3811,38950,11942,57,60.4,High,Good,9,0,0.0,Feb 2025,2025,2,Q1
CR-0080,C-STA-08,Startup Client 08,Startup,West,88000,42222,0.4798,20192,2129,82,64.7,High,Fair,6,2,0.0,Feb 2025,2025,2,Q1
CR-0081,C-ENT-01,Enterprise Client 01,Enterprise,South,1448000,696488,0.481,333672,0,0,24.7,Low,Fair,5,0,0.0,Mar 2025,2025,3,Q1
CR-0082,C-ENT-02,Enterprise Client 02,Enterprise,West,1885000,1547396,0.8209,1140596,0,0,18.1,Low,Good,10,0,0.0,Mar 2025,2025,3,Q1
CR-0083,C-ENT-03,Enterprise Client 03,Enterprise,Central,665000,482657,0.7258,225913,0,0,21.1,Low,Good,4,0,0.0,Mar 2025,2025,3,Q1
CR-0084,C-ENT-04,Enterprise Client 04,Enterprise,West,1991000,1872137,0.9403,1027112,0,0,16.3,Low,Fair,1,1,0.0,Mar 2025,2025,3,Q1
CR-0085,C-ENT-05,Enterprise Client 05,Enterprise,North,1365000,545727,0.3998,199395,0,0,3.3,Low,Good,2,0,0.0,Mar 2025,2025,3,Q1
CR-0086,C-ENT-06,Enterprise Client 06,Enterprise,West,1536000,1280563,0.8337,994244,0,0,8.3,Low,Fair,5,0,0.0,Mar 2025,2025,3,Q1
CR-0087,C-ENT-07,Enterprise Client 07,Enterprise,South,708000,507282,0.7165,167103,0,0,8.0,Low,Good,3,0,0.0,Mar 2025,2025,3,Q1
CR-0088,C-ENT-08,Enterprise Client 08,Enterprise,South,1363000,659556,0.4839,527751,0,0,27.5,Medium,Good,2,0,0.0,Mar 2025,2025,3,Q1
CR-0105,C-GOV-01,Government Client 01,Government,North,883000,317350,0.3594,186375,0,0,14.2,Low,Good,6,0,0.0,Mar 2025,2025,3,Q1
CR-0106,C-GOV-02,Government Client 02,Government,South,1447000,888892,0.6143,346896,0,0,24.3,Low,Fair,6,0,0.0,Mar 2025,2025,3,Q1
CR-0107,C-GOV-03,Government Client 03,Government,North,435000,415773,0.9558,168512,0,0,26.8,Medium,Fair,7,0,0.0,Mar 2025,2025,3,Q1
CR-0108,C-GOV-04,Government Client 04,Government,Central,1121000,508149,0.4533,392844,0,0,18.5,Low,Fair,1,1,0.0,Mar 2025,2025,3,Q1
CR-0109,C-GOV-05,Government Client 05,Government,East,894000,337217,0.3772,157511,0,0,13.8,Low,Good,2,0,0.0,Mar 2025,2025,3,Q1
CR-0110,C-GOV-06,Government Client 06,Government,North,653000,494256,0.7569,205353,0,0,22.8,Low,Good,9,0,0.0,Mar 2025,2025,3,Q1
CR-0111,C-GOV-07,Government Client 07,Government,South,324000,234900,0.725,98347,0,0,0,Low,Good,1,0,0.0,Mar 2025,2025,3,Q1
CR-0112,C-GOV-08,Government Client 08,Government,East,902000,456683,0.5063,317291,0,0,5.0,Low,Fair,5,4,0.0,Mar 2025,2025,3,Q1
CR-0097,C-RET-01,Retail Client 01,Retail,Central,60000,54000,0.9,34796,0,0,22.4,Low,Good,5,0,0.0,Mar 2025,2025,3,Q1
CR-0098,C-RET-02,Retail Client 02,Retail,North,118000,47719,0.4044,23977,4219,53,86.5,Critical,Poor,5,4,101.7,Mar 2025,2025,3,Q1
CR-0099,C-RET-03,Retail Client 03,Retail,Central,153000,41249,0.2696,17741,0,0,16.3,Low,Good,3,0,0.0,Mar 2025,2025,3,Q1
CR-0100,C-RET-04,Retail Client 04,Retail,Central,143000,107650,0.7528,73267,26788,104,64.2,High,Poor,3,3,0.0,Mar 2025,2025,3,Q1
CR-0101,C-RET-05,Retail Client 05,Retail,Central,72000,40349,0.5604,25157,0,0,12.6,Low,Good,8,0,0.0,Mar 2025,2025,3,Q1
CR-0102,C-RET-06,Retail Client 06,Retail,Central,103000,72491,0.7038,26035,0,0,20.6,Low,Fair,9,1,0.0,Mar 2025,2025,3,Q1
CR-0103,C-RET-07,Retail Client 07,Retail,West,147000,55110,0.3749,16759,0,0,27.8,Medium,Fair,2,4,0.0,Mar 2025,2025,3,Q1
CR-0104,C-RET-08,Retail Client 08,Retail,North,106000,48241,0.4551,17600,0,0,29.3,Medium,Fair,4,3,0.0,Mar 2025,2025,3,Q1
CR-0089,C-SMB-01,SMB Client 01,SMB,North,274000,248545,0.9071,96270,0,0,11.2,Low,Good,6,0,0.0,Mar 2025,2025,3,Q1
CR-0090,C-SMB-02,SMB Client 02,SMB,South,128000,39936,0.312,27251,10084,26,54.9,High,Fair,8,4,0.0,Mar 2025,2025,3,Q1
CR-0091,C-SMB-03,SMB Client 03,SMB,North,317000,296490,0.9353,205443,33205,63,80.7,Critical,Poor,7,0,1269.72,Mar 2025,2025,3,Q1
CR-0092,C-SMB-04,SMB Client 04,SMB,South,101000,90536,0.8964,36319,373,77,48.1,Medium,Good,7,0,0.0,Mar 2025,2025,3,Q1
CR-0093,C-SMB-05,SMB Client 05,SMB,North,203000,77140,0.38,48605,0,0,1.7,Low,Good,10,0,0.0,Mar 2025,2025,3,Q1
CR-0094,C-SMB-06,SMB Client 06,SMB,West,108000,68839,0.6374,51491,0,0,18.1,Low,Fair,3,1,0.0,Mar 2025,2025,3,Q1
CR-0095,C-SMB-07,SMB Client 07,SMB,South,201000,150629,0.7494,74856,0,0,16.8,Low,Fair,2,0,0.0,Mar 2025,2025,3,Q1
CR-0096,C-SMB-08,SMB Client 08,SMB,South,147000,133491,0.9081,74119,16293,29,59.8,High,Poor,8,4,0.0,Mar 2025,2025,3,Q1
CR-0113,C-STA-01,Startup Client 01,Startup,North,91000,73319,0.8057,44149,5437,33,46.1,Medium,Fair,3,0,0.0,Mar 2025,2025,3,Q1
CR-0114,C-STA-02,Startup Client 02,Startup,West,67000,44300,0.6612,34058,14516,90,55.7,High,Poor,1,2,0.0,Mar 2025,2025,3,Q1
CR-0115,C-STA-03,Startup Client 03,Startup,West,120000,86484,0.7207,34377,11948,110,73.7,High,Fair,1,2,1255.67,Mar 2025,2025,3,Q1
CR-0116,C-STA-04,Startup Client 04,Startup,East,132000,119988,0.909,79280,22877,59,51.1,High,Good,9,0,0.0,Mar 2025,2025,3,Q1
CR-0117,C-STA-05,Startup Client 05,Startup,North,142000,141872,0.9991,89323,29994,29,56.8,High,Fair,4,3,0.0,Mar 2025,2025,3,Q1
CR-0118,C-STA-06,Startup Client 06,Startup,North,65000,25402,0.3908,14204,1352,58,45.8,Medium,Fair,3,3,0.0,Mar 2025,2025,3,Q1
CR-0119,C-STA-07,Startup Client 07,Startup,South,131000,57614,0.4398,23210,6452,13,59.8,High,Good,1,0,0.0,Mar 2025,2025,3,Q1
CR-0120,C-STA-08,Startup Client 08,Startup,West,88000,39750,0.4517,13457,1962,107,56.6,High,Fair,5,0,0.0,Mar 2025,2025,3,Q1
CR-0121,C-ENT-01,Enterprise Client 01,Enterprise,South,1448000,594404,0.4105,247951,0,0,24.9,Low,Fair,7,1,0.0,Apr 2025,2025,4,Q2
CR-0122,C-ENT-02,Enterprise Client 02,Enterprise,West,1885000,1589620,0.8433,1347546,0,0,11.4,Low,Good,6,0,0.0,Apr 2025,2025,4,Q2
CR-0123,C-ENT-03,Enterprise Client 03,Enterprise,Central,665000,453397,0.6818,354930,0,0,20.7,Low,Good,1,0,0.0,Apr 2025,2025,4,Q2
CR-0124,C-ENT-04,Enterprise Client 04,Enterprise,West,1991000,1897025,0.9528,1533381,0,0,15.1,Low,Fair,8,3,0.0,Apr 2025,2025,4,Q2
CR-0125,C-ENT-05,Enterprise Client 05,Enterprise,North,1365000,551596,0.4041,348620,0,0,8.0,Low,Good,1,0,0.0,Apr 2025,2025,4,Q2
CR-0126,C-ENT-06,Enterprise Client 06,Enterprise,West,1536000,1135411,0.7392,795662,0,0,15.0,Low,Fair,8,2,0.0,Apr 2025,2025,4,Q2
CR-0127,C-ENT-07,Enterprise Client 07,Enterprise,South,708000,479812,0.6777,213700,0,0,3.8,Low,Good,4,0,0.0,Apr 2025,2025,4,Q2
CR-0128,C-ENT-08,Enterprise Client 08,Enterprise,South,1363000,855828,0.6279,695863,0,0,26.2,Medium,Good,1,0,0.0,Apr 2025,2025,4,Q2
CR-0145,C-GOV-01,Government Client 01,Government,North,883000,324856,0.3679,137883,0,0,14.0,Low,Good,6,0,0.0,Apr 2025,2025,4,Q2
CR-0146,C-GOV-02,Government Client 02,Government,South,1447000,999443,0.6907,325665,0,0,18.6,Low,Fair,6,2,0.0,Apr 2025,2025,4,Q2
CR-0147,C-GOV-03,Government Client 03,Government,North,435000,417208,0.9591,262951,0,0,20.2,Low,Fair,2,0,0.0,Apr 2025,2025,4,Q2
CR-0148,C-GOV-04,Government Client 04,Government,Central,1121000,543797,0.4851,316170,0,0,12.9,Low,Fair,1,3,0.0,Apr 2025,2025,4,Q2
CR-0149,C-GOV-05,Government Client 05,Government,East,894000,306374,0.3427,168806,0,0,18.2,Low,Good,2,0,0.0,Apr 2025,2025,4,Q2
CR-0150,C-GOV-06,Government Client 06,Government,North,653000,431829,0.6613,164793,0,0,26.9,Medium,Good,10,0,0.0,Apr 2025,2025,4,Q2
CR-0151,C-GOV-07,Government Client 07,Government,South,324000,230753,0.7122,78570,0,0,0,Low,Good,10,0,0.0,Apr 2025,2025,4,Q2
CR-0152,C-GOV-08,Government Client 08,Government,East,902000,437921,0.4855,251962,0,0,0.9,Low,Fair,10,0,0.0,Apr 2025,2025,4,Q2
CR-0137,C-RET-01,Retail Client 01,Retail,Central,60000,47964,0.7994,26619,0,0,17.7,Low,Good,4,0,0.0,Apr 2025,2025,4,Q2
CR-0138,C-RET-02,Retail Client 02,Retail,North,118000,50846,0.4309,24305,8586,140,83.6,Critical,Poor,6,1,993.28,Apr 2025,2025,4,Q2
CR-0139,C-RET-03,Retail Client 03,Retail,Central,153000,39673,0.2593,21644,0,0,8.9,Low,Good,4,0,0.0,Apr 2025,2025,4,Q2
CR-0140,C-RET-04,Retail Client 04,Retail,Central,143000,125182,0.8754,52788,4373,89,65.1,High,Poor,4,4,0.0,Apr 2025,2025,4,Q2
CR-0141,C-RET-05,Retail Client 05,Retail,Central,72000,42710,0.5932,20900,0,0,13.0,Low,Good,1,0,0.0,Apr 2025,2025,4,Q2
CR-0142,C-RET-06,Retail Client 06,Retail,Central,103000,72059,0.6996,26699,0,0,21.6,Low,Fair,1,0,0.0,Apr 2025,2025,4,Q2
CR-0143,C-RET-07,Retail Client 07,Retail,West,147000,65283,0.4441,37563,9966,51,34.9,Medium,Fair,4,0,0.0,Apr 2025,2025,4,Q2
CR-0144,C-RET-08,Retail Client 08,Retail,North,106000,45156,0.426,14859,0,0,26.6,Medium,Fair,5,1,0.0,Apr 2025,2025,4,Q2
CR-0129,C-SMB-01,SMB Client 01,SMB,North,274000,215583,0.7868,71287,0,0,12.1,Low,Good,7,0,0.0,Apr 2025,2025,4,Q2
CR-0130,C-SMB-02,SMB Client 02,SMB,South,128000,48205,0.3766,38940,6111,32,53.4,High,Fair,1,3,0.0,Apr 2025,2025,4,Q2
CR-0131,C-SMB-03,SMB Client 03,SMB,North,317000,296712,0.936,97083,21241,102,84.0,Critical,Poor,6,2,1767.06,Apr 2025,2025,4,Q2
CR-0132,C-SMB-04,SMB Client 04,SMB,South,101000,88910,0.8803,73101,23801,44,45.5,Medium,Good,8,0,0.0,Apr 2025,2025,4,Q2
CR-0133,C-SMB-05,SMB Client 05,SMB,North,203000,67010,0.3301,24586,0,0,0.6,Low,Good,7,0,0.0,Apr 2025,2025,4,Q2
CR-0134,C-SMB-06,SMB Client 06,SMB,West,108000,71809,0.6649,45063,0,0,24.2,Low,Fair,2,2,0.0,Apr 2025,2025,4,Q2
CR-0135,C-SMB-07,SMB Client 07,SMB,South,201000,145946,0.7261,121334,0,0,17.6,Low,Fair,4,2,0.0,Apr 2025,2025,4,Q2
CR-0136,C-SMB-08,SMB Client 08,SMB,South,147000,130712,0.8892,79918,17588,30,68.0,High,Poor,5,0,0.0,Apr 2025,2025,4,Q2
CR-0153,C-STA-01,Startup Client 01,Startup,North,91000,72181,0.7932,24895,506,7,43.6,Medium,Fair,3,4,0.0,Apr 2025,2025,4,Q2
CR-0154,C-STA-02,Startup Client 02,Startup,West,67000,43342,0.6469,18189,6092,95,55.9,High,Poor,9,0,0.0,Apr 2025,2025,4,Q2
CR-0155,C-STA-03,Startup Client 03,Startup,West,120000,78876,0.6573,31958,1649,7,66.8,High,Fair,4,4,0.0,Apr 2025,2025,4,Q2
CR-0156,C-STA-04,Startup Client 04,Startup,East,132000,108214,0.8198,33906,1698,2,54.8,High,Good,2,0,0.0,Apr 2025,2025,4,Q2
CR-0157,C-STA-05,Startup Client 05,Startup,North,142000,126451,0.8905,87720,12949,95,60.6,High,Fair,2,0,0.0,Apr 2025,2025,4,Q2
CR-0158,C-STA-06,Startup Client 06,Startup,North,65000,22022,0.3388,11166,747,13,42.0,Medium,Fair,10,1,0.0,Apr 2025,2025,4,Q2
CR-0159,C-STA-07,Startup Client 07,Startup,South,131000,54889,0.419,40825,23695,7,59.4,High,Good,6,0,0.0,Apr 2025,2025,4,Q2
CR-0160,C-STA-08,Startup Client 08,Startup,West,88000,34804,0.3955,21705,98,67,55.9,High,Fair,6,2,0.0,Apr 2025,2025,4,Q2
CR-0161,C-ENT-01,Enterprise Client 01,Enterprise,South,1448000,607002,0.4192,495051,0,0,23.2,Low,Fair,6,0,0.0,May 2025,2025,5,Q2
CR-0162,C-ENT-02,Enterprise Client 02,Enterprise,West,1885000,1502345,0.797,1016486,0,0,12.0,Low,Good,3,0,0.0,May 2025,2025,5,Q2
CR-0163,C-ENT-03,Enterprise Client 03,Enterprise,Central,665000,504868,0.7592,187719,0,0,20.2,Low,Good,3,0,0.0,May 2025,2025,5,Q2
CR-0164,C-ENT-04,Enterprise Client 04,Enterprise,West,1991000,1776171,0.8921,1102021,0,0,16.8,Low,Fair,3,0,0.0,May 2025,2025,5,Q2
CR-0165,C-ENT-05,Enterprise Client 05,Enterprise,North,1365000,400354,0.2933,330929,0,0,4.3,Low,Good,2,0,0.0,May 2025,2025,5,Q2
CR-0166,C-ENT-06,Enterprise Client 06,Enterprise,West,1536000,1182874,0.7701,374347,0,0,15.9,Low,Fair,2,4,0.0,May 2025,2025,5,Q2
CR-0167,C-ENT-07,Enterprise Client 07,Enterprise,South,708000,567108,0.801,330754,0,0,10.7,Low,Good,2,0,0.0,May 2025,2025,5,Q2
CR-0168,C-ENT-08,Enterprise Client 08,Enterprise,South,1363000,808123,0.5929,445985,5234,38,33.4,Medium,Good,6,0,0.0,May 2025,2025,5,Q2
CR-0185,C-GOV-01,Government Client 01,Government,North,883000,322825,0.3656,229753,0,0,14.1,Low,Good,3,0,0.0,May 2025,2025,5,Q2
CR-0186,C-GOV-02,Government Client 02,Government,South,1447000,888458,0.614,283398,0,0,24.1,Low,Fair,10,1,0.0,May 2025,2025,5,Q2
CR-0187,C-GOV-03,Government Client 03,Government,North,435000,380146,0.8739,187986,0,0,25.1,Medium,Fair,5,4,0.0,May 2025,2025,5,Q2
CR-0188,C-GOV-04,Government Client 04,Government,Central,1121000,586731,0.5234,344605,0,0,12.1,Low,Fair,7,1,0.0,May 2025,2025,5,Q2
CR-0189,C-GOV-05,Government Client 05,Government,East,894000,276961,0.3098,197893,0,0,19.3,Low,Good,9,0,0.0,May 2025,2025,5,Q2
CR-0190,C-GOV-06,Government Client 06,Government,North,653000,493799,0.7562,183985,0,0,23.0,Low,Good,4,0,0.0,May 2025,2025,5,Q2
CR-0191,C-GOV-07,Government Client 07,Government,South,324000,280390,0.8654,207731,0,0,3.7,Low,Good,10,0,0.0,May 2025,2025,5,Q2
CR-0192,C-GOV-08,Government Client 08,Government,East,902000,426015,0.4723,357886,0,0,6.2,Low,Fair,4,0,0.0,May 2025,2025,5,Q2
CR-0177,C-RET-01,Retail Client 01,Retail,Central,60000,45078,0.7513,25940,0,0,18.9,Low,Good,2,0,0.0,May 2025,2025,5,Q2
CR-0178,C-RET-02,Retail Client 02,Retail,North,118000,51967,0.4404,16570,6902,64,81.6,Critical,Poor,3,4,866.98,May 2025,2025,5,Q2
CR-0179,C-RET-03,Retail Client 03,Retail,Central,153000,54208,0.3543,42295,0,0,11.1,Low,Good,1,0,0.0,May 2025,2025,5,Q2
CR-0180,C-RET-04,Retail Client 04,Retail,Central,143000,115501,0.8077,84138,35563,102,62.9,High,Poor,7,1,0.0,May 2025,2025,5,Q2
CR-0181,C-RET-05,Retail Client 05,Retail,Central,72000,36734,0.5102,28845,0,0,7.9,Low,Good,2,0,0.0,May 2025,2025,5,Q2
CR-0182,C-RET-06,Retail Client 06,Retail,Central,103000,77435,0.7518,41688,0,0,24.8,Low,Fair,6,4,0.0,May 2025,2025,5,Q2
CR-0183,C-RET-07,Retail Client 07,Retail,West,147000,59932,0.4077,50091,11735,52,32.5,Medium,Fair,9,4,0.0,May 2025,2025,5,Q2
CR-0184,C-RET-08,Retail Client 08,Retail,North,106000,59858,0.5647,28798,0,0,25.7,Medium,Fair,3,3,0.0,May 2025,2025,5,Q2
CR-0169,C-SMB-01,SMB Client 01,SMB,North,274000,241093,0.8799,84138,0,0,15.9,Low,Good,1,0,0.0,May 2025,2025,5,Q2
CR-0170,C-SMB-02,SMB Client 02,SMB,South,128000,50189,0.3921,33716,7776,75,52.9,High,Fair,6,3,0.0,May 2025,2025,5,Q2
CR-0171,C-SMB-03,SMB Client 03,SMB,North,317000,293827,0.9269,137085,60002,34,80.6,Critical,Poor,9,3,6781.6,May 2025,2025,5,Q2
CR-0172,C-SMB-04,SMB Client 04,SMB,South,101000,81143,0.8034,47804,21216,5,47.0,Medium,Good,2,0,0.0,May 2025,2025,5,Q2
CR-0173,C-SMB-05,SMB Client 05,SMB,North,203000,90234,0.4445,34879,0,0,9.7,Low,Good,3,0,0.0,May 2025,2025,5,Q2
CR-0174,C-SMB-06,SMB Client 06,SMB,West,108000,74812,0.6927,41433,0,0,14.5,Low,Fair,4,1,0.0,May 2025,2025,5,Q2
CR-0175,C-SMB-07,SMB Client 07,SMB,South,201000,156117,0.7767,92314,0,0,14.9,Low,Fair,9,3,0.0,May 2025,2025,5,Q2
CR-0176,C-SMB-08,SMB Client 08,SMB,South,147000,128507,0.8742,94749,13408,74,60.7,High,Poor,10,1,0.0,May 2025,2025,5,Q2
CR-0193,C-STA-01,Startup Client 01,Startup,North,91000,73137,0.8037,35510,6656,81,44.2,Medium,Fair,8,4,0.0,May 2025,2025,5,Q2
CR-0194,C-STA-02,Startup Client 02,Startup,West,67000,42264,0.6308,22098,5881,82,59.3,High,Poor,10,0,0.0,May 2025,2025,5,Q2
CR-0195,C-STA-03,Startup Client 03,Startup,West,120000,81144,0.6762,47232,5196,18,70.0,High,Fair,8,1,687.55,May 2025,2025,5,Q2
CR-0196,C-STA-04,Startup Client 04,Startup,East,132000,113243,0.8579,78152,35978,70,54.2,High,Good,9,0,0.0,May 2025,2025,5,Q2
CR-0197,C-STA-05,Startup Client 05,Startup,North,142000,141063,0.9934,56868,12462,31,55.8,High,Fair,5,4,0.0,May 2025,2025,5,Q2
CR-0198,C-STA-06,Startup Client 06,Startup,North,65000,30258,0.4655,20181,6320,14,36.8,Medium,Fair,8,4,0.0,May 2025,2025,5,Q2
CR-0199,C-STA-07,Startup Client 07,Startup,South,131000,58138,0.4438,31239,10715,53,67.0,High,Good,6,0,0.0,May 2025,2025,5,Q2
CR-0200,C-STA-08,Startup Client 08,Startup,West,88000,37242,0.4232,24309,6543,15,63.7,High,Fair,5,3,0.0,May 2025,2025,5,Q2
CR-0201,C-ENT-01,Enterprise Client 01,Enterprise,South,1448000,551688,0.381,232567,0,0,21.7,Low,Fair,2,4,0.0,Jun 2025,2025,6,Q2
CR-0202,C-ENT-02,Enterprise Client 02,Enterprise,West,1885000,1625058,0.8621,662694,0,0,13.8,Low,Good,5,0,0.0,Jun 2025,2025,6,Q2
CR-0203,C-ENT-03,Enterprise Client 03,Enterprise,Central,665000,506264,0.7613,377172,0,0,26.7,Medium,Good,10,0,0.0,Jun 2025,2025,6,Q2
CR-0204,C-ENT-04,Enterprise Client 04,Enterprise,West,1991000,1768008,0.888,1197264,0,0,12.3,Low,Fair,6,0,0.0,Jun 2025,2025,6,Q2
CR-0205,C-ENT-05,Enterprise Client 05,Enterprise,North,1365000,488670,0.358,399789,0,0,2.6,Low,Good,3,0,0.0,Jun 2025,2025,6,Q2
CR-0206,C-ENT-06,Enterprise Client 06,Enterprise,West,1536000,1301914,0.8476,828376,0,0,7.9,Low,Fair,2,2,0.0,Jun 2025,2025,6,Q2
CR-0207,C-ENT-07,Enterprise Client 07,Enterprise,South,708000,521867,0.7371,211667,0,0,10.6,Low,Good,7,0,0.0,Jun 2025,2025,6,Q2
CR-0208,C-ENT-08,Enterprise Client 08,Enterprise,South,1363000,780181,0.5724,611139,163246,33,30.1,Medium,Good,7,0,0.0,Jun 2025,2025,6,Q2
CR-0225,C-GOV-01,Government Client 01,Government,North,883000,296865,0.3362,166960,0,0,12.5,Low,Good,8,0,0.0,Jun 2025,2025,6,Q2
CR-0226,C-GOV-02,Government Client 02,Government,South,1447000,847653,0.5858,447450,0,0,15.9,Low,Fair,9,3,0.0,Jun 2025,2025,6,Q2
CR-0227,C-GOV-03,Government Client 03,Government,North,435000,368750,0.8477,292215,0,0,26.4,Medium,Fair,2,1,0.0,Jun 2025,2025,6,Q2
CR-0228,C-GOV-04,Government Client 04,Government,Central,1121000,588973,0.5254,356215,0,0,19.0,Low,Fair,10,2,0.0,Jun 2025,2025,6,Q2
CR-0229,C-GOV-05,Government Client 05,Government,East,894000,329350,0.3684,220242,0,0,20.4,Low,Good,8,0,0.0,Jun 2025,2025,6,Q2
CR-0230,C-GOV-06,Government Client 06,Government,North,653000,473360,0.7249,285140,0,0,28.1,Medium,Good,9,0,0.0,Jun 2025,2025,6,Q2
CR-0231,C-GOV-07,Government Client 07,Government,South,324000,279871,0.8638,145968,0,0,3.3,Low,Good,5,0,0.0,Jun 2025,2025,6,Q2
CR-0232,C-GOV-08,Government Client 08,Government,East,902000,482209,0.5346,190830,0,0,6.2,Low,Fair,4,3,0.0,Jun 2025,2025,6,Q2
CR-0217,C-RET-01,Retail Client 01,Retail,Central,60000,50442,0.8407,18742,0,0,15.9,Low,Good,9,0,0.0,Jun 2025,2025,6,Q2
CR-0218,C-RET-02,Retail Client 02,Retail,North,118000,41453,0.3513,19409,522,109,87.9,Critical,Poor,4,4,62.53,Jun 2025,2025,6,Q2
CR-0219,C-RET-03,Retail Client 03,Retail,Central,153000,47920,0.3132,34790,0,0,10.0,Low,Good,1,0,0.0,Jun 2025,2025,6,Q2
CR-0220,C-RET-04,Retail Client 04,Retail,Central,143000,126498,0.8846,41293,20938,71,58.9,High,Poor,9,1,0.0,Jun 2025,2025,6,Q2
CR-0221,C-RET-05,Retail Client 05,Retail,Central,72000,35899,0.4986,27517,0,0,12.9,Low,Good,10,0,0.0,Jun 2025,2025,6,Q2
CR-0222,C-RET-06,Retail Client 06,Retail,Central,103000,73954,0.718,57278,0,0,24.4,Low,Fair,3,0,0.0,Jun 2025,2025,6,Q2
CR-0223,C-RET-07,Retail Client 07,Retail,West,147000,57448,0.3908,32839,8887,66,36.4,Medium,Fair,7,0,0.0,Jun 2025,2025,6,Q2
CR-0224,C-RET-08,Retail Client 08,Retail,North,106000,45686,0.431,25805,7397,42,32.2,Medium,Fair,4,0,0.0,Jun 2025,2025,6,Q2
CR-0209,C-SMB-01,SMB Client 01,SMB,North,274000,247038,0.9016,189090,0,0,12.6,Low,Good,4,0,0.0,Jun 2025,2025,6,Q2
CR-0210,C-SMB-02,SMB Client 02,SMB,South,128000,48755,0.3809,25180,8487,48,59.0,High,Fair,9,2,0.0,Jun 2025,2025,6,Q2
CR-0211,C-SMB-03,SMB Client 03,SMB,North,317000,317000,1.0,210310,85071,75,79.6,Critical,Poor,7,4,4961.59,Jun 2025,2025,6,Q2
CR-0212,C-SMB-04,SMB Client 04,SMB,South,101000,79649,0.7886,61836,7026,39,47.3,Medium,Good,7,0,0.0,Jun 2025,2025,6,Q2
CR-0213,C-SMB-05,SMB Client 05,SMB,North,203000,75354,0.3712,46250,0,0,5.1,Low,Good,1,0,0.0,Jun 2025,2025,6,Q2
CR-0214,C-SMB-06,SMB Client 06,SMB,West,108000,69822,0.6465,35618,0,0,23.5,Low,Fair,3,2,0.0,Jun 2025,2025,6,Q2
CR-0215,C-SMB-07,SMB Client 07,SMB,South,201000,141202,0.7025,49226,0,0,19.1,Low,Fair,7,0,0.0,Jun 2025,2025,6,Q2
CR-0216,C-SMB-08,SMB Client 08,SMB,South,147000,136063,0.9256,87874,6103,13,68.2,High,Poor,5,2,0.0,Jun 2025,2025,6,Q2
CR-0233,C-STA-01,Startup Client 01,Startup,North,91000,62080,0.6822,21979,3745,83,45.6,Medium,Fair,6,4,0.0,Jun 2025,2025,6,Q2
CR-0234,C-STA-02,Startup Client 02,Startup,West,67000,37031,0.5527,28971,10058,19,60.2,High,Poor,8,2,0.0,Jun 2025,2025,6,Q2
CR-0235,C-STA-03,Startup Client 03,Startup,West,120000,78636,0.6553,56678,28270,134,73.2,High,Fair,2,3,1781.55,Jun 2025,2025,6,Q2
CR-0236,C-STA-04,Startup Client 04,Startup,East,132000,106326,0.8055,44924,18114,8,53.6,High,Good,7,0,0.0,Jun 2025,2025,6,Q2
CR-0237,C-STA-05,Startup Client 05,Startup,North,142000,135056,0.9511,75380,3476,70,56.5,High,Fair,8,2,0.0,Jun 2025,2025,6,Q2
CR-0238,C-STA-06,Startup Client 06,Startup,North,65000,27183,0.4182,12185,51,7,37.5,Medium,Fair,7,0,0.0,Jun 2025,2025,6,Q2
CR-0239,C-STA-07,Startup Client 07,Startup,South,131000,53500,0.4084,25736,12114,66,61.2,High,Good,10,0,0.0,Jun 2025,2025,6,Q2
CR-0240,C-STA-08,Startup Client 08,Startup,West,88000,38579,0.4384,14053,2976,101,56.2,High,Fair,2,2,0.0,Jun 2025,2025,6,Q2
CR-0241,C-ENT-01,Enterprise Client 01,Enterprise,South,1448000,585426,0.4043,348938,0,0,21.5,Low,Fair,9,0,0.0,Jul 2025,2025,7,Q3
CR-0242,C-ENT-02,Enterprise Client 02,Enterprise,West,1885000,1541553,0.8178,691995,0,0,18.4,Low,Good,6,0,0.0,Jul 2025,2025,7,Q3
CR-0243,C-ENT-03,Enterprise Client 03,Enterprise,Central,665000,462042,0.6948,331265,0,0,23.0,Low,Good,5,0,0.0,Jul 2025,2025,7,Q3
CR-0244,C-ENT-04,Enterprise Client 04,Enterprise,West,1991000,1795484,0.9018,1075588,0,0,20.4,Low,Fair,9,2,0.0,Jul 2025,2025,7,Q3
CR-0245,C-ENT-05,Enterprise Client 05,Enterprise,North,1365000,399672,0.2928,275337,0,0,8.0,Low,Good,8,0,0.0,Jul 2025,2025,7,Q3
CR-0246,C-ENT-06,Enterprise Client 06,Enterprise,West,1536000,1241242,0.8081,759337,0,0,10.9,Low,Fair,10,1,0.0,Jul 2025,2025,7,Q3
CR-0247,C-ENT-07,Enterprise Client 07,Enterprise,South,708000,496874,0.7018,385271,0,0,12.4,Low,Good,5,0,0.0,Jul 2025,2025,7,Q3
CR-0248,C-ENT-08,Enterprise Client 08,Enterprise,South,1363000,648379,0.4757,390925,110505,41,34.4,Medium,Good,3,0,0.0,Jul 2025,2025,7,Q3
CR-0265,C-GOV-01,Government Client 01,Government,North,883000,341721,0.387,108412,0,0,7.9,Low,Good,4,0,0.0,Jul 2025,2025,7,Q3
CR-0266,C-GOV-02,Government Client 02,Government,South,1447000,861544,0.5954,530365,0,0,24.5,Low,Fair,7,2,0.0,Jul 2025,2025,7,Q3
CR-0267,C-GOV-03,Government Client 03,Government,North,435000,366922,0.8435,156769,0,0,27.6,Medium,Fair,1,0,0.0,Jul 2025,2025,7,Q3
CR-0268,C-GOV-04,Government Client 04,Government,Central,1121000,635607,0.567,278713,0,0,17.9,Low,Fair,3,0,0.0,Jul 2025,2025,7,Q3
CR-0269,C-GOV-05,Government Client 05,Government,East,894000,216884,0.2426,127717,0,0,11.4,Low,Good,7,0,0.0,Jul 2025,2025,7,Q3
CR-0270,C-GOV-06,Government Client 06,Government,North,653000,419487,0.6424,276720,0,0,23.8,Low,Good,10,0,0.0,Jul 2025,2025,7,Q3
CR-0271,C-GOV-07,Government Client 07,Government,South,324000,254988,0.787,203916,0,0,2.2,Low,Good,8,0,0.0,Jul 2025,2025,7,Q3
CR-0272,C-GOV-08,Government Client 08,Government,East,902000,401300,0.4449,201167,0,0,3.8,Low,Fair,4,4,0.0,Jul 2025,2025,7,Q3
CR-0257,C-RET-01,Retail Client 01,Retail,Central,60000,53964,0.8994,16648,0,0,16.8,Low,Good,8,0,0.0,Jul 2025,2025,7,Q3
CR-0258,C-RET-02,Retail Client 02,Retail,North,118000,52062,0.4412,26010,10778,71,85.0,Critical,Poor,2,3,1134.88,Jul 2025,2025,7,Q3
CR-0259,C-RET-03,Retail Client 03,Retail,Central,153000,38357,0.2507,28506,0,0,17.0,Low,Good,8,0,0.0,Jul 2025,2025,7,Q3
CR-0260,C-RET-04,Retail Client 04,Retail,Central,143000,122122,0.854,39061,2221,25,63.3,High,Poor,4,0,0.0,Jul 2025,2025,7,Q3
CR-0261,C-RET-05,Retail Client 05,Retail,Central,72000,34222,0.4753,28180,0,0,12.3,Low,Good,9,0,0.0,Jul 2025,2025,7,Q3
CR-0262,C-RET-06,Retail Client 06,Retail,Central,103000,84584,0.8212,34094,0,0,27.4,Medium,Fair,9,2,0.0,Jul 2025,2025,7,Q3
CR-0263,C-RET-07,Retail Client 07,Retail,West,147000,62651,0.4262,29437,5630,21,34.2,Medium,Fair,7,2,0.0,Jul 2025,2025,7,Q3
CR-0264,C-RET-08,Retail Client 08,Retail,North,106000,54367,0.5129,30237,0,0,25.4,Medium,Fair,3,4,0.0,Jul 2025,2025,7,Q3
CR-0249,C-SMB-01,SMB Client 01,SMB,North,274000,217583,0.7941,156281,0,0,16.5,Low,Good,1,0,0.0,Jul 2025,2025,7,Q3
CR-0250,C-SMB-02,SMB Client 02,SMB,South,128000,55181,0.4311,33429,1436,30,55.7,High,Fair,4,4,0.0,Jul 2025,2025,7,Q3
CR-0251,C-SMB-03,SMB Client 03,SMB,North,317000,288755,0.9109,149269,10485,79,76.3,Critical,Poor,9,0,571.61,Jul 2025,2025,7,Q3
CR-0252,C-SMB-04,SMB Client 04,SMB,South,101000,80558,0.7976,50874,14195,45,41.8,Medium,Good,10,0,0.0,Jul 2025,2025,7,Q3
CR-0253,C-SMB-05,SMB Client 05,SMB,North,203000,68391,0.3369,23963,0,0,4.1,Low,Good,8,0,0.0,Jul 2025,2025,7,Q3
CR-0254,C-SMB-06,SMB Client 06,SMB,West,108000,71842,0.6652,56585,0,0,15.3,Low,Fair,1,2,0.0,Jul 2025,2025,7,Q3
CR-0255,C-SMB-07,SMB Client 07,SMB,South,201000,139896,0.696,100251,0,0,20.7,Low,Fair,10,2,0.0,Jul 2025,2025,7,Q3
CR-0256,C-SMB-08,SMB Client 08,SMB,South,147000,132976,0.9046,88465,49715,36,67.9,High,Poor,4,3,0.0,Jul 2025,2025,7,Q3
CR-0273,C-STA-01,Startup Client 01,Startup,North,91000,67495,0.7417,32786,10358,47,46.5,Medium,Fair,4,2,0.0,Jul 2025,2025,7,Q3
CR-0274,C-STA-02,Startup Client 02,Startup,West,67000,39986,0.5968,18574,2267,111,60.2,High,Poor,8,1,0.0,Jul 2025,2025,7,Q3
CR-0275,C-STA-03,Startup Client 03,Startup,West,120000,87780,0.7315,55387,15174,9,66.6,High,Fair,5,3,0.0,Jul 2025,2025,7,Q3
CR-0276,C-STA-04,Startup Client 04,Startup,East,132000,115724,0.8767,83899,713,66,50.5,High,Good,4,0,0.0,Jul 2025,2025,7,Q3
CR-0277,C-STA-05,Startup Client 05,Startup,North,142000,127331,0.8967,46222,10150,76,59.1,High,Fair,6,3,0.0,Jul 2025,2025,7,Q3
CR-0278,C-STA-06,Startup Client 06,Startup,North,65000,29348,0.4515,24638,584,57,41.4,Medium,Fair,8,4,0.0,Jul 2025,2025,7,Q3
CR-0279,C-STA-07,Startup Client 07,Startup,South,131000,68382,0.522,34857,14637,125,65.3,High,Good,7,0,0.0,Jul 2025,2025,7,Q3
CR-0280,C-STA-08,Startup Client 08,Startup,West,88000,36740,0.4175,30621,14801,91,58.4,High,Fair,3,3,0.0,Jul 2025,2025,7,Q3
CR-0281,C-ENT-01,Enterprise Client 01,Enterprise,South,1448000,603671,0.4169,375997,0,0,24.7,Low,Fair,1,1,0.0,Aug 2025,2025,8,Q3
CR-0282,C-ENT-02,Enterprise Client 02,Enterprise,West,1885000,1712900,0.9087,1340404,0,0,17.4,Low,Good,5,0,0.0,Aug 2025,2025,8,Q3
CR-0283,C-ENT-03,Enterprise Client 03,Enterprise,Central,665000,507728,0.7635,198419,0,0,19.5,Low,Good,7,0,0.0,Aug 2025,2025,8,Q3
CR-0284,C-ENT-04,Enterprise Client 04,Enterprise,West,1991000,1759845,0.8839,1123944,0,0,20.0,Low,Fair,3,1,0.0,Aug 2025,2025,8,Q3
CR-0285,C-ENT-05,Enterprise Client 05,Enterprise,North,1365000,423969,0.3106,228287,0,0,7.2,Low,Good,1,0,0.0,Aug 2025,2025,8,Q3
CR-0286,C-ENT-06,Enterprise Client 06,Enterprise,West,1536000,1220813,0.7948,558933,0,0,15.1,Low,Fair,4,3,0.0,Aug 2025,2025,8,Q3
CR-0287,C-ENT-07,Enterprise Client 07,Enterprise,South,708000,493122,0.6965,260221,0,0,7.8,Low,Good,3,0,0.0,Aug 2025,2025,8,Q3
CR-0288,C-ENT-08,Enterprise Client 08,Enterprise,South,1363000,813984,0.5972,440114,57185,42,34.4,Medium,Good,8,0,0.0,Aug 2025,2025,8,Q3
CR-0305,C-GOV-01,Government Client 01,Government,North,883000,308167,0.349,158649,0,0,13.3,Low,Good,5,0,0.0,Aug 2025,2025,8,Q3
CR-0306,C-GOV-02,Government Client 02,Government,South,1447000,1013045,0.7001,628289,0,0,24.4,Low,Fair,8,3,0.0,Aug 2025,2025,8,Q3
CR-0307,C-GOV-03,Government Client 03,Government,North,435000,398025,0.915,156864,0,0,27.3,Medium,Fair,1,1,0.0,Aug 2025,2025,8,Q3
CR-0308,C-GOV-04,Government Client 04,Government,Central,1121000,650068,0.5799,272862,0,0,15.9,Low,Fair,5,4,0.0,Aug 2025,2025,8,Q3
CR-0309,C-GOV-05,Government Client 05,Government,East,894000,226987,0.2539,130639,0,0,17.3,Low,Good,5,0,0.0,Aug 2025,2025,8,Q3
CR-0310,C-GOV-06,Government Client 06,Government,North,653000,464022,0.7106,347871,0,0,27.7,Medium,Good,4,0,0.0,Aug 2025,2025,8,Q3
CR-0311,C-GOV-07,Government Client 07,Government,South,324000,280973,0.8672,104688,0,0,0,Low,Good,10,0,0.0,Aug 2025,2025,8,Q3
CR-0312,C-GOV-08,Government Client 08,Government,East,902000,401300,0.4449,160351,0,0,7.8,Low,Fair,6,0,0.0,Aug 2025,2025,8,Q3
CR-0297,C-RET-01,Retail Client 01,Retail,Central,60000,48300,0.805,32445,0,0,23.1,Low,Good,3,0,0.0,Aug 2025,2025,8,Q3
CR-0298,C-RET-02,Retail Client 02,Retail,North,118000,47932,0.4062,38276,13280,49,87.9,Critical,Poor,9,3,1387.01,Aug 2025,2025,8,Q3
CR-0299,C-RET-03,Retail Client 03,Retail,Central,153000,55355,0.3618,41656,0,0,12.6,Low,Good,1,0,0.0,Aug 2025,2025,8,Q3
CR-0300,C-RET-04,Retail Client 04,Retail,Central,143000,123709,0.8651,97619,42958,81,60.3,High,Poor,4,0,0.0,Aug 2025,2025,8,Q3
CR-0301,C-RET-05,Retail Client 05,Retail,Central,72000,40190,0.5582,32547,0,0,8.1,Low,Good,10,0,0.0,Aug 2025,2025,8,Q3
CR-0302,C-RET-06,Retail Client 06,Retail,Central,103000,81936,0.7955,56411,0,0,24.4,Low,Fair,7,2,0.0,Aug 2025,2025,8,Q3
CR-0303,C-RET-07,Retail Client 07,Retail,West,147000,57492,0.3911,18790,2458,31,31.5,Medium,Fair,1,4,0.0,Aug 2025,2025,8,Q3
CR-0304,C-RET-08,Retail Client 08,Retail,North,106000,46481,0.4385,26975,5495,52,30.5,Medium,Fair,6,0,0.0,Aug 2025,2025,8,Q3
CR-0289,C-SMB-01,SMB Client 01,SMB,North,274000,250655,0.9148,139793,0,0,12.1,Low,Good,1,0,0.0,Aug 2025,2025,8,Q3
CR-0290,C-SMB-02,SMB Client 02,SMB,South,128000,50829,0.3971,40814,22335,15,59.4,High,Fair,5,1,0.0,Aug 2025,2025,8,Q3
CR-0291,C-SMB-03,SMB Client 03,SMB,North,317000,289960,0.9147,98560,37904,34,84.5,Critical,Poor,10,4,1262.3,Aug 2025,2025,8,Q3
CR-0292,C-SMB-04,SMB Client 04,SMB,South,101000,84820,0.8398,39239,11807,41,38.5,Medium,Good,2,0,0.0,Aug 2025,2025,8,Q3
CR-0293,C-SMB-05,SMB Client 05,SMB,North,203000,79170,0.39,40301,0,0,7.0,Low,Good,7,0,0.0,Aug 2025,2025,8,Q3
CR-0294,C-SMB-06,SMB Client 06,SMB,West,108000,75568,0.6997,41960,0,0,21.2,Low,Fair,4,0,0.0,Aug 2025,2025,8,Q3
CR-0295,C-SMB-07,SMB Client 07,SMB,South,201000,141745,0.7052,52370,0,0,16.6,Low,Fair,3,2,0.0,Aug 2025,2025,8,Q3
CR-0296,C-SMB-08,SMB Client 08,SMB,South,147000,127934,0.8703,80229,23997,120,68.7,High,Poor,10,3,0.0,Aug 2025,2025,8,Q3
CR-0313,C-STA-01,Startup Client 01,Startup,North,91000,68396,0.7516,56485,975,75,47.1,Medium,Fair,2,4,0.0,Aug 2025,2025,8,Q3
CR-0314,C-STA-02,Startup Client 02,Startup,West,67000,40153,0.5993,28189,7631,8,58.4,High,Poor,5,1,0.0,Aug 2025,2025,8,Q3
CR-0315,C-STA-03,Startup Client 03,Startup,West,120000,82548,0.6879,66555,36024,86,70.0,High,Fair,5,3,5389.13,Aug 2025,2025,8,Q3
CR-0316,C-STA-04,Startup Client 04,Startup,East,132000,108689,0.8234,73634,20986,62,56.9,High,Good,6,0,0.0,Aug 2025,2025,8,Q3
CR-0317,C-STA-05,Startup Client 05,Startup,North,142000,133494,0.9401,56696,3956,11,52.8,High,Fair,9,0,0.0,Aug 2025,2025,8,Q3
CR-0318,C-STA-06,Startup Client 06,Startup,North,65000,29842,0.4591,11927,4231,46,43.8,Medium,Fair,8,2,0.0,Aug 2025,2025,8,Q3
CR-0319,C-STA-07,Startup Client 07,Startup,South,131000,68199,0.5206,39900,16631,82,64.4,High,Good,8,0,0.0,Aug 2025,2025,8,Q3
CR-0320,C-STA-08,Startup Client 08,Startup,West,88000,31143,0.3539,17044,8265,93,62.3,High,Fair,10,4,0.0,Aug 2025,2025,8,Q3
CR-0321,C-ENT-01,Enterprise Client 01,Enterprise,South,1448000,512158,0.3537,221166,0,0,24.3,Low,Fair,9,4,0.0,Sep 2025,2025,9,Q3
CR-0322,C-ENT-02,Enterprise Client 02,Enterprise,West,1885000,1711580,0.908,825981,0,0,9.6,Low,Good,10,0,0.0,Sep 2025,2025,9,Q3
CR-0323,C-ENT-03,Enterprise Client 03,Enterprise,Central,665000,516971,0.7774,237245,0,0,26.2,Medium,Good,5,0,0.0,Sep 2025,2025,9,Q3
CR-0324,C-ENT-04,Enterprise Client 04,Enterprise,West,1991000,1728586,0.8682,1160019,0,0,16.3,Low,Fair,2,2,0.0,Sep 2025,2025,9,Q3
CR-0325,C-ENT-05,Enterprise Client 05,Enterprise,North,1365000,397761,0.2914,293559,0,0,4.7,Low,Good,1,0,0.0,Sep 2025,2025,9,Q3
CR-0326,C-ENT-06,Enterprise Client 06,Enterprise,West,1536000,1151078,0.7494,570243,0,0,14.9,Low,Fair,10,0,0.0,Sep 2025,2025,9,Q3
CR-0327,C-ENT-07,Enterprise Client 07,Enterprise,South,708000,488166,0.6895,352337,0,0,12.8,Low,Good,5,0,0.0,Sep 2025,2025,9,Q3
CR-0328,C-ENT-08,Enterprise Client 08,Enterprise,South,1363000,694585,0.5096,488189,140889,45,33.0,Medium,Good,9,0,0.0,Sep 2025,2025,9,Q3
CR-0345,C-GOV-01,Government Client 01,Government,North,883000,316556,0.3585,199123,0,0,12.2,Low,Good,10,0,0.0,Sep 2025,2025,9,Q3
CR-0346,C-GOV-02,Government Client 02,Government,South,1447000,940116,0.6497,496112,0,0,21.5,Low,Fair,8,0,0.0,Sep 2025,2025,9,Q3
CR-0347,C-GOV-03,Government Client 03,Government,North,435000,423386,0.9733,334025,0,0,20.0,Low,Fair,2,1,0.0,Sep 2025,2025,9,Q3
CR-0348,C-GOV-04,Government Client 04,Government,Central,1121000,650292,0.5801,385325,0,0,18.1,Low,Fair,8,0,0.0,Sep 2025,2025,9,Q3
CR-0349,C-GOV-05,Government Client 05,Government,East,894000,323002,0.3613,199349,0,0,15.1,Low,Good,9,0,0.0,Sep 2025,2025,9,Q3
CR-0350,C-GOV-06,Government Client 06,Government,North,653000,410541,0.6287,328096,0,0,23.9,Low,Good,10,0,0.0,Sep 2025,2025,9,Q3
CR-0351,C-GOV-07,Government Client 07,Government,South,324000,267592,0.8259,116901,0,0,0,Low,Good,2,0,0.0,Sep 2025,2025,9,Q3
CR-0352,C-GOV-08,Government Client 08,Government,East,902000,502143,0.5567,378625,0,0,0.8,Low,Fair,5,2,0.0,Sep 2025,2025,9,Q3
CR-0337,C-RET-01,Retail Client 01,Retail,Central,60000,54594,0.9099,34086,0,0,18.0,Low,Good,10,0,0.0,Sep 2025,2025,9,Q3
CR-0338,C-RET-02,Retail Client 02,Retail,North,118000,45973,0.3896,38507,17086,77,88.7,Critical,Poor,7,1,1361.83,Sep 2025,2025,9,Q3
CR-0339,C-RET-03,Retail Client 03,Retail,Central,153000,51240,0.3349,39359,0,0,17.0,Low,Good,2,0,0.0,Sep 2025,2025,9,Q3
CR-0340,C-RET-04,Retail Client 04,Retail,Central,143000,118461,0.8284,85820,45029,116,64.9,High,Poor,5,3,0.0,Sep 2025,2025,9,Q3
CR-0341,C-RET-05,Retail Client 05,Retail,Central,72000,41616,0.578,31446,0,0,11.2,Low,Good,2,0,0.0,Sep 2025,2025,9,Q3
CR-0342,C-RET-06,Retail Client 06,Retail,Central,103000,74819,0.7264,29951,0,0,27.4,Medium,Fair,1,0,0.0,Sep 2025,2025,9,Q3
CR-0343,C-RET-07,Retail Client 07,Retail,West,147000,65636,0.4465,51560,7784,15,33.4,Medium,Fair,7,4,0.0,Sep 2025,2025,9,Q3
CR-0344,C-RET-08,Retail Client 08,Retail,North,106000,57759,0.5449,41958,0,0,28.8,Medium,Fair,7,3,0.0,Sep 2025,2025,9,Q3
CR-0329,C-SMB-01,SMB Client 01,SMB,North,274000,238599,0.8708,98675,0,0,16.8,Low,Good,5,0,0.0,Sep 2025,2025,9,Q3
CR-0330,C-SMB-02,SMB Client 02,SMB,South,128000,37248,0.291,30652,2662,50,59.2,High,Fair,2,1,0.0,Sep 2025,2025,9,Q3
CR-0331,C-SMB-03,SMB Client 03,SMB,North,317000,313133,0.9878,216104,111747,123,76.0,Critical,Poor,7,0,14217.33,Sep 2025,2025,9,Q3
CR-0332,C-SMB-04,SMB Client 04,SMB,South,101000,84598,0.8376,27643,5982,82,41.2,Medium,Good,4,0,0.0,Sep 2025,2025,9,Q3
CR-0333,C-SMB-05,SMB Client 05,SMB,North,203000,79008,0.3892,63605,0,0,6.0,Low,Good,8,0,0.0,Sep 2025,2025,9,Q3
CR-0334,C-SMB-06,SMB Client 06,SMB,West,108000,59994,0.5555,21792,0,0,17.1,Low,Fair,5,0,0.0,Sep 2025,2025,9,Q3
CR-0335,C-SMB-07,SMB Client 07,SMB,South,201000,140157,0.6973,57329,0,0,13.5,Low,Fair,6,2,0.0,Sep 2025,2025,9,Q3
CR-0336,C-SMB-08,SMB Client 08,SMB,South,147000,131374,0.8937,45542,12432,6,64.3,High,Poor,7,4,0.0,Sep 2025,2025,9,Q3
CR-0353,C-STA-01,Startup Client 01,Startup,North,91000,66739,0.7334,50417,11249,18,51.0,High,Fair,1,2,0.0,Sep 2025,2025,9,Q3
CR-0354,C-STA-02,Startup Client 02,Startup,West,67000,46525,0.6944,21592,12626,2,63.3,High,Poor,5,4,0.0,Sep 2025,2025,9,Q3
CR-0355,C-STA-03,Startup Client 03,Startup,West,120000,94308,0.7859,38319,10886,120,68.2,High,Fair,5,2,0.0,Sep 2025,2025,9,Q3
CR-0356,C-STA-04,Startup Client 04,Startup,East,132000,113850,0.8625,70717,19368,71,51.4,High,Good,7,0,0.0,Sep 2025,2025,9,Q3
CR-0357,C-STA-05,Startup Client 05,Startup,North,142000,132656,0.9342,68489,14048,20,59.1,High,Fair,2,2,0.0,Sep 2025,2025,9,Q3
CR-0358,C-STA-06,Startup Client 06,Startup,North,65000,21749,0.3346,16193,315,68,39.1,Medium,Fair,9,1,0.0,Sep 2025,2025,9,Q3
CR-0359,C-STA-07,Startup Client 07,Startup,South,131000,63797,0.487,34235,4377,31,67.2,High,Good,7,0,0.0,Sep 2025,2025,9,Q3
CR-0360,C-STA-08,Startup Client 08,Startup,West,88000,40542,0.4607,31133,16878,23,57.5,High,Fair,9,0,0.0,Sep 2025,2025,9,Q3
CR-0361,C-ENT-01,Enterprise Client 01,Enterprise,South,1448000,722986,0.4993,608254,0,0,21.0,Low,Fair,7,3,0.0,Oct 2025,2025,10,Q4
CR-0362,C-ENT-02,Enterprise Client 02,Enterprise,West,1885000,1539480,0.8167,706294,0,0,16.8,Low,Good,5,0,0.0,Oct 2025,2025,10,Q4
CR-0363,C-ENT-03,Enterprise Client 03,Enterprise,Central,665000,445218,0.6695,147152,0,0,20.0,Low,Good,8,0,0.0,Oct 2025,2025,10,Q4
CR-0364,C-ENT-04,Enterprise Client 04,Enterprise,West,1991000,1760044,0.884,1018492,0,0,14.9,Low,Fair,4,0,0.0,Oct 2025,2025,10,Q4
CR-0365,C-ENT-05,Enterprise Client 05,Enterprise,North,1365000,602374,0.4413,511408,0,0,4.2,Low,Good,5,0,0.0,Oct 2025,2025,10,Q4
CR-0366,C-ENT-06,Enterprise Client 06,Enterprise,West,1536000,1213440,0.79,823243,0,0,11.5,Low,Fair,10,2,0.0,Oct 2025,2025,10,Q4
CR-0367,C-ENT-07,Enterprise Client 07,Enterprise,South,708000,522362,0.7378,269745,0,0,9.4,Low,Good,6,0,0.0,Oct 2025,2025,10,Q4
CR-0368,C-ENT-08,Enterprise Client 08,Enterprise,South,1363000,764916,0.5612,629642,0,0,27.9,Medium,Good,10,0,0.0,Oct 2025,2025,10,Q4
CR-0385,C-GOV-01,Government Client 01,Government,North,883000,235938,0.2672,144164,0,0,9.2,Low,Good,2,0,0.0,Oct 2025,2025,10,Q4
CR-0386,C-GOV-02,Government Client 02,Government,South,1447000,914359,0.6319,652632,0,0,19.2,Low,Fair,3,4,0.0,Oct 2025,2025,10,Q4
CR-0387,C-GOV-03,Government Client 03,Government,North,435000,385106,0.8853,218332,0,0,22.3,Low,Fair,2,2,0.0,Oct 2025,2025,10,Q4
CR-0388,C-GOV-04,Government Client 04,Government,Central,1121000,659484,0.5883,395339,0,0,18.7,Low,Fair,1,3,0.0,Oct 2025,2025,10,Q4
CR-0389,C-GOV-05,Government Client 05,Government,East,894000,275173,0.3078,189757,0,0,14.1,Low,Good,5,0,0.0,Oct 2025,2025,10,Q4
CR-0390,C-GOV-06,Government Client 06,Government,North,653000,406166,0.622,123290,0,0,23.6,Low,Good,5,0,0.0,Oct 2025,2025,10,Q4
CR-0391,C-GOV-07,Government Client 07,Government,South,324000,250063,0.7718,99020,0,0,0,Low,Good,5,0,0.0,Oct 2025,2025,10,Q4
CR-0392,C-GOV-08,Government Client 08,Government,East,902000,490688,0.544,235614,0,0,1.7,Low,Fair,3,3,0.0,Oct 2025,2025,10,Q4
CR-0377,C-RET-01,Retail Client 01,Retail,Central,60000,50640,0.844,21328,0,0,19.4,Low,Good,8,0,0.0,Oct 2025,2025,10,Q4
CR-0378,C-RET-02,Retail Client 02,Retail,North,118000,58056,0.492,21553,7138,39,81.9,Critical,Poor,10,1,110.01,Oct 2025,2025,10,Q4
CR-0379,C-RET-03,Retail Client 03,Retail,Central,153000,52464,0.3429,18509,0,0,17.5,Low,Good,9,0,0.0,Oct 2025,2025,10,Q4
CR-0380,C-RET-04,Retail Client 04,Retail,Central,143000,123052,0.8605,70514,10256,79,65.9,High,Poor,2,3,0.0,Oct 2025,2025,10,Q4
CR-0381,C-RET-05,Retail Client 05,Retail,Central,72000,36907,0.5126,19349,0,0,10.2,Low,Good,8,0,0.0,Oct 2025,2025,10,Q4
CR-0382,C-RET-06,Retail Client 06,Retail,Central,103000,78527,0.7624,54797,0,0,29.0,Medium,Fair,10,2,0.0,Oct 2025,2025,10,Q4
CR-0383,C-RET-07,Retail Client 07,Retail,West,147000,60196,0.4095,32876,7024,44,33.6,Medium,Fair,10,4,0.0,Oct 2025,2025,10,Q4
CR-0384,C-RET-08,Retail Client 08,Retail,North,106000,59816,0.5643,36610,0,0,24.2,Low,Fair,3,3,0.0,Oct 2025,2025,10,Q4
CR-0369,C-SMB-01,SMB Client 01,SMB,North,274000,243120,0.8873,120688,0,0,11.6,Low,Good,5,0,0.0,Oct 2025,2025,10,Q4
CR-0370,C-SMB-02,SMB Client 02,SMB,South,128000,52915,0.4134,25017,11007,32,54.0,High,Fair,5,4,0.0,Oct 2025,2025,10,Q4
CR-0371,C-SMB-03,SMB Client 03,SMB,North,317000,304447,0.9604,220584,73017,27,79.2,Critical,Poor,2,0,61.03,Oct 2025,2025,10,Q4
CR-0372,C-SMB-04,SMB Client 04,SMB,South,101000,81850,0.8104,59779,2553,53,41.1,Medium,Good,8,0,0.0,Oct 2025,2025,10,Q4
CR-0373,C-SMB-05,SMB Client 05,SMB,North,203000,62301,0.3069,41578,0,0,0.7,Low,Good,10,0,0.0,Oct 2025,2025,10,Q4
CR-0374,C-SMB-06,SMB Client 06,SMB,West,108000,65005,0.6019,21900,0,0,22.0,Low,Fair,4,3,0.0,Oct 2025,2025,10,Q4
CR-0375,C-SMB-07,SMB Client 07,SMB,South,201000,146911,0.7309,77366,0,0,20.7,Low,Fair,7,0,0.0,Oct 2025,2025,10,Q4
CR-0376,C-SMB-08,SMB Client 08,SMB,South,147000,135813,0.9239,43523,23593,9,59.2,High,Poor,8,2,0.0,Oct 2025,2025,10,Q4
CR-0393,C-STA-01,Startup Client 01,Startup,North,91000,69679,0.7657,27354,4898,57,47.1,Medium,Fair,4,0,0.0,Oct 2025,2025,10,Q4
CR-0394,C-STA-02,Startup Client 02,Startup,West,67000,46880,0.6997,27552,5096,4,62.5,High,Poor,7,1,0.0,Oct 2025,2025,10,Q4
CR-0395,C-STA-03,Startup Client 03,Startup,West,120000,91008,0.7584,38201,6885,26,66.5,High,Fair,6,1,0.0,Oct 2025,2025,10,Q4
CR-0396,C-STA-04,Startup Client 04,Startup,East,132000,118061,0.8944,59793,33991,2,58.1,High,Good,2,0,0.0,Oct 2025,2025,10,Q4
CR-0397,C-STA-05,Startup Client 05,Startup,North,142000,136150,0.9588,49080,14946,6,61.0,High,Fair,2,2,0.0,Oct 2025,2025,10,Q4
CR-0398,C-STA-06,Startup Client 06,Startup,North,65000,30927,0.4758,25662,11147,49,43.9,Medium,Fair,10,1,0.0,Oct 2025,2025,10,Q4
CR-0399,C-STA-07,Startup Client 07,Startup,South,131000,56828,0.4338,44202,20002,65,61.5,High,Good,6,0,0.0,Oct 2025,2025,10,Q4
CR-0400,C-STA-08,Startup Client 08,Startup,West,88000,29946,0.3403,18606,3181,39,61.3,High,Fair,2,3,0.0,Oct 2025,2025,10,Q4
CR-0401,C-ENT-01,Enterprise Client 01,Enterprise,South,1448000,580648,0.401,347909,0,0,27.8,Medium,Fair,8,4,0.0,Nov 2025,2025,11,Q4
CR-0402,C-ENT-02,Enterprise Client 02,Enterprise,West,1885000,1758705,0.933,1247740,0,0,16.2,Low,Good,2,0,0.0,Nov 2025,2025,11,Q4
CR-0403,C-ENT-03,Enterprise Client 03,Enterprise,Central,665000,538584,0.8099,230650,0,0,23.7,Low,Good,10,0,0.0,Nov 2025,2025,11,Q4
CR-0404,C-ENT-04,Enterprise Client 04,Enterprise,West,1991000,1797674,0.9029,816428,0,0,20.1,Low,Fair,3,3,0.0,Nov 2025,2025,11,Q4
CR-0405,C-ENT-05,Enterprise Client 05,Enterprise,North,1365000,404040,0.296,230954,0,0,7.3,Low,Good,6,0,0.0,Nov 2025,2025,11,Q4
CR-0406,C-ENT-06,Enterprise Client 06,Enterprise,West,1536000,1176422,0.7659,671530,0,0,16.8,Low,Fair,3,3,0.0,Nov 2025,2025,11,Q4
CR-0407,C-ENT-07,Enterprise Client 07,Enterprise,South,708000,568312,0.8027,414734,0,0,12.5,Low,Good,9,0,0.0,Nov 2025,2025,11,Q4
CR-0408,C-ENT-08,Enterprise Client 08,Enterprise,South,1363000,761508,0.5587,507697,0,0,27.7,Medium,Good,6,0,0.0,Nov 2025,2025,11,Q4
CR-0425,C-GOV-01,Government Client 01,Government,North,883000,237969,0.2695,122396,0,0,12.7,Low,Good,8,0,0.0,Nov 2025,2025,11,Q4
CR-0426,C-GOV-02,Government Client 02,Government,South,1447000,985696,0.6812,687926,0,0,16.4,Low,Fair,5,4,0.0,Nov 2025,2025,11,Q4
CR-0427,C-GOV-03,Government Client 03,Government,North,435000,359788,0.8271,249916,0,0,20.7,Low,Fair,2,2,0.0,Nov 2025,2025,11,Q4
CR-0428,C-GOV-04,Government Client 04,Government,Central,1121000,633589,0.5652,352789,0,0,19.0,Low,Fair,2,2,0.0,Nov 2025,2025,11,Q4
CR-0429,C-GOV-05,Government Client 05,Government,East,894000,215990,0.2416,161020,0,0,12.0,Low,Good,3,0,0.0,Nov 2025,2025,11,Q4
CR-0430,C-GOV-06,Government Client 06,Government,North,653000,495105,0.7582,184036,0,0,25.2,Medium,Good,10,0,0.0,Nov 2025,2025,11,Q4
CR-0431,C-GOV-07,Government Client 07,Government,South,324000,256057,0.7903,215184,0,0,0,Low,Good,8,0,0.0,Nov 2025,2025,11,Q4
CR-0432,C-GOV-08,Government Client 08,Government,East,902000,398684,0.442,302097,0,0,1.7,Low,Fair,4,3,0.0,Nov 2025,2025,11,Q4
CR-0417,C-RET-01,Retail Client 01,Retail,Central,60000,46422,0.7737,22389,0,0,21.4,Low,Good,6,0,0.0,Nov 2025,2025,11,Q4
CR-0418,C-RET-02,Retail Client 02,Retail,North,118000,44628,0.3782,19899,1160,45,85.0,Critical,Poor,2,1,170.03,Nov 2025,2025,11,Q4
CR-0419,C-RET-03,Retail Client 03,Retail,Central,153000,59701,0.3902,28641,0,0,14.2,Low,Good,9,0,0.0,Nov 2025,2025,11,Q4
CR-0420,C-RET-04,Retail Client 04,Retail,Central,143000,120163,0.8403,68288,23045,45,65.9,High,Poor,2,2,0.0,Nov 2025,2025,11,Q4
CR-0421,C-RET-05,Retail Client 05,Retail,Central,72000,33372,0.4635,26047,0,0,9.1,Low,Good,5,0,0.0,Nov 2025,2025,11,Q4
CR-0422,C-RET-06,Retail Client 06,Retail,Central,103000,79464,0.7715,29347,0,0,25.3,Medium,Fair,3,0,0.0,Nov 2025,2025,11,Q4
CR-0423,C-RET-07,Retail Client 07,Retail,West,147000,52552,0.3575,38008,0,0,29.1,Medium,Fair,6,1,0.0,Nov 2025,2025,11,Q4
CR-0424,C-RET-08,Retail Client 08,Retail,North,106000,44297,0.4179,32211,0,0,27.6,Medium,Fair,9,2,0.0,Nov 2025,2025,11,Q4
CR-0409,C-SMB-01,SMB Client 01,SMB,North,274000,235859,0.8608,121316,0,0,15.5,Low,Good,2,0,0.0,Nov 2025,2025,11,Q4
CR-0410,C-SMB-02,SMB Client 02,SMB,South,128000,55552,0.434,44479,22932,45,58.9,High,Fair,3,0,0.0,Nov 2025,2025,11,Q4
CR-0411,C-SMB-03,SMB Client 03,SMB,North,317000,303844,0.9585,166657,62545,68,78.1,Critical,Poor,2,4,8960.78,Nov 2025,2025,11,Q4
CR-0412,C-SMB-04,SMB Client 04,SMB,South,101000,91213,0.9031,56540,13917,60,39.4,Medium,Good,7,0,0.0,Nov 2025,2025,11,Q4
CR-0413,C-SMB-05,SMB Client 05,SMB,North,203000,69730,0.3435,22247,0,0,7.0,Low,Good,4,0,0.0,Nov 2025,2025,11,Q4
CR-0414,C-SMB-06,SMB Client 06,SMB,West,108000,62359,0.5774,43770,0,0,16.8,Low,Fair,1,4,0.0,Nov 2025,2025,11,Q4
CR-0415,C-SMB-07,SMB Client 07,SMB,South,201000,142569,0.7093,64464,0,0,18.5,Low,Fair,5,4,0.0,Nov 2025,2025,11,Q4
CR-0416,C-SMB-08,SMB Client 08,SMB,South,147000,125009,0.8504,104378,6770,65,66.1,High,Poor,9,0,0.0,Nov 2025,2025,11,Q4
CR-0433,C-STA-01,Startup Client 01,Startup,North,91000,79944,0.8785,64303,2060,39,50.2,High,Fair,1,2,0.0,Nov 2025,2025,11,Q4
CR-0434,C-STA-02,Startup Client 02,Startup,West,67000,39068,0.5831,22105,639,117,60.5,High,Poor,2,3,0.0,Nov 2025,2025,11,Q4
CR-0435,C-STA-03,Startup Client 03,Startup,West,120000,87324,0.7277,35181,19062,124,67.5,High,Fair,7,3,0.0,Nov 2025,2025,11,Q4
CR-0436,C-STA-04,Startup Client 04,Startup,East,132000,104425,0.7911,46444,24069,105,54.9,High,Good,6,0,0.0,Nov 2025,2025,11,Q4
CR-0437,C-STA-05,Startup Client 05,Startup,North,142000,120033,0.8453,76180,38723,4,57.9,High,Fair,3,2,0.0,Nov 2025,2025,11,Q4
CR-0438,C-STA-06,Startup Client 06,Startup,North,65000,27157,0.4178,19884,5478,39,45.7,Medium,Fair,5,2,0.0,Nov 2025,2025,11,Q4
CR-0439,C-STA-07,Startup Client 07,Startup,South,131000,60024,0.4582,35024,2837,74,60.3,High,Good,3,0,0.0,Nov 2025,2025,11,Q4
CR-0440,C-STA-08,Startup Client 08,Startup,West,88000,29568,0.336,14772,3906,85,61.9,High,Fair,6,0,0.0,Nov 2025,2025,11,Q4
CR-0441,C-ENT-01,Enterprise Client 01,Enterprise,South,1448000,492899,0.3404,174494,0,0,26.0,Medium,Fair,10,1,0.0,Dec 2025,2025,12,Q4
CR-0442,C-ENT-02,Enterprise Client 02,Enterprise,West,1885000,1480856,0.7856,1187192,0,0,16.3,Low,Good,5,0,0.0,Dec 2025,2025,12,Q4
CR-0443,C-ENT-03,Enterprise Client 03,Enterprise,Central,665000,491502,0.7391,244090,0,0,26.9,Medium,Good,5,0,0.0,Dec 2025,2025,12,Q4
CR-0444,C-ENT-04,Enterprise Client 04,Enterprise,West,1991000,1681200,0.8444,787018,0,0,14.8,Low,Fair,1,2,0.0,Dec 2025,2025,12,Q4
CR-0445,C-ENT-05,Enterprise Client 05,Enterprise,North,1365000,529484,0.3879,282001,0,0,11.7,Low,Good,4,0,0.0,Dec 2025,2025,12,Q4
CR-0446,C-ENT-06,Enterprise Client 06,Enterprise,West,1536000,1218816,0.7935,897708,0,0,8.4,Low,Fair,1,1,0.0,Dec 2025,2025,12,Q4
CR-0447,C-ENT-07,Enterprise Client 07,Enterprise,South,708000,576666,0.8145,395495,0,0,9.9,Low,Good,9,0,0.0,Dec 2025,2025,12,Q4
CR-0448,C-ENT-08,Enterprise Client 08,Enterprise,South,1363000,779772,0.5721,473887,0,0,29.0,Medium,Good,1,0,0.0,Dec 2025,2025,12,Q4
CR-0465,C-GOV-01,Government Client 01,Government,North,883000,324944,0.368,119900,0,0,8.4,Low,Good,1,0,0.0,Dec 2025,2025,12,Q4
CR-0466,C-GOV-02,Government Client 02,Government,South,1447000,829420,0.5732,681948,0,0,16.1,Low,Fair,9,4,0.0,Dec 2025,2025,12,Q4
CR-0467,C-GOV-03,Government Client 03,Government,North,435000,379190,0.8717,263369,0,0,23.2,Low,Fair,5,0,0.0,Dec 2025,2025,12,Q4
CR-0468,C-GOV-04,Government Client 04,Government,Central,1121000,668564,0.5964,263191,0,0,19.7,Low,Fair,1,2,0.0,Dec 2025,2025,12,Q4
CR-0469,C-GOV-05,Government Client 05,Government,East,894000,337396,0.3774,116256,0,0,11.2,Low,Good,7,0,0.0,Dec 2025,2025,12,Q4
CR-0470,C-GOV-06,Government Client 06,Government,North,653000,491056,0.752,148413,0,0,22.2,Low,Good,2,0,0.0,Dec 2025,2025,12,Q4
CR-0471,C-GOV-07,Government Client 07,Government,South,324000,239533,0.7393,90279,0,0,0,Low,Good,4,0,0.0,Dec 2025,2025,12,Q4
CR-0472,C-GOV-08,Government Client 08,Government,East,902000,491500,0.5449,239589,0,0,2.8,Low,Fair,1,0,0.0,Dec 2025,2025,12,Q4
CR-0457,C-RET-01,Retail Client 01,Retail,Central,60000,52206,0.8701,39761,0,0,21.8,Low,Good,4,0,0.0,Dec 2025,2025,12,Q4
CR-0458,C-RET-02,Retail Client 02,Retail,North,118000,58021,0.4917,41059,13650,40,85.2,Critical,Poor,8,1,381.21,Dec 2025,2025,12,Q4
CR-0459,C-RET-03,Retail Client 03,Retail,Central,153000,49205,0.3216,16631,0,0,16.5,Low,Good,5,0,0.0,Dec 2025,2025,12,Q4
CR-0460,C-RET-04,Retail Client 04,Retail,Central,143000,114457,0.8004,42143,2009,83,62.1,High,Poor,6,3,0.0,Dec 2025,2025,12,Q4
CR-0461,C-RET-05,Retail Client 05,Retail,Central,72000,37073,0.5149,12003,0,0,7.4,Low,Good,3,0,0.0,Dec 2025,2025,12,Q4
CR-0462,C-RET-06,Retail Client 06,Retail,Central,103000,83533,0.811,25068,0,0,27.8,Medium,Fair,1,3,0.0,Dec 2025,2025,12,Q4
CR-0463,C-RET-07,Retail Client 07,Retail,West,147000,58785,0.3999,24579,782,10,34.5,Medium,Fair,3,1,0.0,Dec 2025,2025,12,Q4
CR-0464,C-RET-08,Retail Client 08,Retail,North,106000,45771,0.4318,38259,9548,53,30.4,Medium,Fair,9,0,0.0,Dec 2025,2025,12,Q4
CR-0449,C-SMB-01,SMB Client 01,SMB,North,274000,224379,0.8189,72588,0,0,17.5,Low,Good,1,0,0.0,Dec 2025,2025,12,Q4
CR-0450,C-SMB-02,SMB Client 02,SMB,South,128000,51520,0.4025,24732,5775,98,55.6,High,Fair,9,2,0.0,Dec 2025,2025,12,Q4
CR-0451,C-SMB-03,SMB Client 03,SMB,North,317000,304700,0.9612,95508,32976,3,78.9,Critical,Poor,8,1,2150.05,Dec 2025,2025,12,Q4
CR-0452,C-SMB-04,SMB Client 04,SMB,South,101000,81234,0.8043,53370,13909,8,45.1,Medium,Good,2,0,0.0,Dec 2025,2025,12,Q4
CR-0453,C-SMB-05,SMB Client 05,SMB,North,203000,83027,0.409,70304,0,0,2.7,Low,Good,7,0,0.0,Dec 2025,2025,12,Q4
CR-0454,C-SMB-06,SMB Client 06,SMB,West,108000,71561,0.6626,52843,0,0,15.3,Low,Fair,6,0,0.0,Dec 2025,2025,12,Q4
CR-0455,C-SMB-07,SMB Client 07,SMB,South,201000,133223,0.6628,99685,0,0,14.8,Low,Fair,1,3,0.0,Dec 2025,2025,12,Q4
CR-0456,C-SMB-08,SMB Client 08,SMB,South,147000,134152,0.9126,78980,5987,34,60.9,High,Poor,10,2,0.0,Dec 2025,2025,12,Q4
CR-0473,C-STA-01,Startup Client 01,Startup,North,91000,62517,0.687,36521,6972,66,47.5,Medium,Fair,3,2,0.0,Dec 2025,2025,12,Q4
CR-0474,C-STA-02,Startup Client 02,Startup,West,67000,43476,0.6489,33808,7186,80,59.9,High,Poor,7,3,0.0,Dec 2025,2025,12,Q4
CR-0475,C-STA-03,Startup Client 03,Startup,West,120000,82644,0.6887,51687,963,115,67.4,High,Fair,8,3,0.0,Dec 2025,2025,12,Q4
CR-0476,C-STA-04,Startup Client 04,Startup,East,132000,118800,0.9,62523,12595,5,59.1,High,Good,4,0,0.0,Dec 2025,2025,12,Q4
CR-0477,C-STA-05,Startup Client 05,Startup,North,142000,139018,0.979,116890,42629,9,57.3,High,Fair,6,2,0.0,Dec 2025,2025,12,Q4
CR-0478,C-STA-06,Startup Client 06,Startup,North,65000,24986,0.3844,16842,3770,56,36.7,Medium,Fair,9,3,0.0,Dec 2025,2025,12,Q4
CR-0479,C-STA-07,Startup Client 07,Startup,South,131000,68330,0.5216,26821,5744,5,66.2,High,Good,6,0,0.0,Dec 2025,2025,12,Q4
CR-0480,C-STA-08,Startup Client 08,Startup,West,88000,29929,0.3401,13141,7232,43,61.7,High,Fair,3,4,0.0,Dec 2025,2025,12,Q4
CR-0481,C-ENT-01,Enterprise Client 01,Enterprise,South,1448000,619310,0.4277,310298,0,0,20.7,Low,Fair,3,0,0.0,Jan 2026,2026,1,Q1
CR-0482,C-ENT-02,Enterprise Client 02,Enterprise,West,1885000,1524588,0.8088,794042,0,0,10.9,Low,Good,5,0,0.0,Jan 2026,2026,1,Q1
CR-0483,C-ENT-03,Enterprise Client 03,Enterprise,Central,665000,453131,0.6814,192554,0,0,20.3,Low,Good,10,0,0.0,Jan 2026,2026,1,Q1
CR-0484,C-ENT-04,Enterprise Client 04,Enterprise,West,1991000,1744116,0.876,688629,0,0,17.9,Low,Fair,1,0,0.0,Jan 2026,2026,1,Q1
CR-0485,C-ENT-05,Enterprise Client 05,Enterprise,North,1365000,577941,0.4234,207648,0,0,6.8,Low,Good,4,0,0.0,Jan 2026,2026,1,Q1
CR-0486,C-ENT-06,Enterprise Client 06,Enterprise,West,1536000,1247539,0.8122,892914,0,0,11.2,Low,Fair,9,0,0.0,Jan 2026,2026,1,Q1
CR-0487,C-ENT-07,Enterprise Client 07,Enterprise,South,708000,531708,0.751,448480,0,0,5.2,Low,Good,4,0,0.0,Jan 2026,2026,1,Q1
CR-0488,C-ENT-08,Enterprise Client 08,Enterprise,South,1363000,730159,0.5357,489767,0,0,29.8,Medium,Good,6,0,0.0,Jan 2026,2026,1,Q1
CR-0505,C-GOV-01,Government Client 01,Government,North,883000,269668,0.3054,131039,0,0,8.7,Low,Good,5,0,0.0,Jan 2026,2026,1,Q1
CR-0506,C-GOV-02,Government Client 02,Government,South,1447000,1040682,0.7192,561974,0,0,18.9,Low,Fair,7,2,0.0,Jan 2026,2026,1,Q1
CR-0507,C-GOV-03,Government Client 03,Government,North,435000,386541,0.8886,124049,0,0,21.5,Low,Fair,1,3,0.0,Jan 2026,2026,1,Q1
CR-0508,C-GOV-04,Government Client 04,Government,Central,1121000,559267,0.4989,435467,0,0,13.3,Low,Fair,4,1,0.0,Jan 2026,2026,1,Q1
CR-0509,C-GOV-05,Government Client 05,Government,East,894000,230205,0.2575,120741,0,0,17.1,Low,Good,9,0,0.0,Jan 2026,2026,1,Q1
CR-0510,C-GOV-06,Government Client 06,Government,North,653000,422426,0.6469,213014,0,0,20.5,Low,Good,4,0,0.0,Jan 2026,2026,1,Q1
CR-0511,C-GOV-07,Government Client 07,Government,South,324000,248378,0.7666,111588,0,0,3.4,Low,Good,3,0,0.0,Jan 2026,2026,1,Q1
CR-0512,C-GOV-08,Government Client 08,Government,East,902000,399766,0.4432,178615,0,0,0.9,Low,Fair,9,4,0.0,Jan 2026,2026,1,Q1
CR-0497,C-RET-01,Retail Client 01,Retail,Central,60000,50640,0.844,19692,0,0,22.8,Low,Good,6,0,0.0,Jan 2026,2026,1,Q1
CR-0498,C-RET-02,Retail Client 02,Retail,North,118000,48392,0.4101,15466,6266,87,88.8,Critical,Poor,10,2,140.25,Jan 2026,2026,1,Q1
CR-0499,C-RET-03,Retail Client 03,Retail,Central,153000,58247,0.3807,36759,0,0,16.8,Low,Good,10,0,0.0,Jan 2026,2026,1,Q1
CR-0500,C-RET-04,Retail Client 04,Retail,Central,143000,108694,0.7601,71932,1562,80,64.7,High,Poor,3,1,0.0,Jan 2026,2026,1,Q1
CR-0501,C-RET-05,Retail Client 05,Retail,Central,72000,35424,0.492,27373,0,0,10.7,Low,Good,5,0,0.0,Jan 2026,2026,1,Q1
CR-0502,C-RET-06,Retail Client 06,Retail,Central,103000,74181,0.7202,30057,0,0,23.8,Low,Fair,2,0,0.0,Jan 2026,2026,1,Q1
CR-0503,C-RET-07,Retail Client 07,Retail,West,147000,65033,0.4424,28064,4901,39,32.4,Medium,Fair,9,3,0.0,Jan 2026,2026,1,Q1
CR-0504,C-RET-08,Retail Client 08,Retail,North,106000,53042,0.5004,42896,103,59,32.3,Medium,Fair,2,3,0.0,Jan 2026,2026,1,Q1
CR-0489,C-SMB-01,SMB Client 01,SMB,North,274000,237695,0.8675,98629,0,0,11.8,Low,Good,6,0,0.0,Jan 2026,2026,1,Q1
CR-0490,C-SMB-02,SMB Client 02,SMB,South,128000,43686,0.3413,25844,8846,101,57.2,High,Fair,5,4,0.0,Jan 2026,2026,1,Q1
CR-0491,C-SMB-03,SMB Client 03,SMB,North,317000,295761,0.933,225865,127812,153,77.2,Critical,Poor,5,2,439.25,Jan 2026,2026,1,Q1
CR-0492,C-SMB-04,SMB Client 04,SMB,South,101000,87052,0.8619,33466,11270,74,43.0,Medium,Good,9,0,0.0,Jan 2026,2026,1,Q1
CR-0493,C-SMB-05,SMB Client 05,SMB,North,203000,84144,0.4145,52699,0,0,2.1,Low,Good,1,0,0.0,Jan 2026,2026,1,Q1
CR-0494,C-SMB-06,SMB Client 06,SMB,West,108000,74650,0.6912,53204,0,0,16.5,Low,Fair,5,4,0.0,Jan 2026,2026,1,Q1
CR-0495,C-SMB-07,SMB Client 07,SMB,South,201000,132881,0.6611,93876,0,0,15.7,Low,Fair,3,4,0.0,Jan 2026,2026,1,Q1
CR-0496,C-SMB-08,SMB Client 08,SMB,South,147000,129345,0.8799,83997,33486,93,62.5,High,Poor,1,3,0.0,Jan 2026,2026,1,Q1
CR-0513,C-STA-01,Startup Client 01,Startup,North,91000,68186,0.7493,40618,11335,9,44.1,Medium,Fair,8,1,0.0,Jan 2026,2026,1,Q1
CR-0514,C-STA-02,Startup Client 02,Startup,West,67000,38317,0.5719,31180,446,74,60.1,High,Poor,1,0,0.0,Jan 2026,2026,1,Q1
CR-0515,C-STA-03,Startup Client 03,Startup,West,120000,87768,0.7314,67134,28812,29,65.7,High,Fair,2,0,0.0,Jan 2026,2026,1,Q1
CR-0516,C-STA-04,Startup Client 04,Startup,East,132000,111448,0.8443,82078,39486,49,59.1,High,Good,10,0,0.0,Jan 2026,2026,1,Q1
CR-0517,C-STA-05,Startup Client 05,Startup,North,142000,138947,0.9785,45712,11938,5,54.0,High,Fair,6,3,0.0,Jan 2026,2026,1,Q1
CR-0518,C-STA-06,Startup Client 06,Startup,North,65000,29906,0.4601,9381,635,35,41.4,Medium,Fair,10,2,0.0,Jan 2026,2026,1,Q1
CR-0519,C-STA-07,Startup Client 07,Startup,South,131000,52099,0.3977,20091,5474,42,61.9,High,Good,4,0,0.0,Jan 2026,2026,1,Q1
CR-0520,C-STA-08,Startup Client 08,Startup,West,88000,31372,0.3565,13715,5726,37,57.7,High,Fair,8,3,0.0,Jan 2026,2026,1,Q1
CR-0521,C-ENT-01,Enterprise Client 01,Enterprise,South,1448000,685628,0.4735,276866,0,0,28.8,Medium,Fair,8,2,0.0,Feb 2026,2026,2,Q1
CR-0522,C-ENT-02,Enterprise Client 02,Enterprise,West,1885000,1723644,0.9144,853633,0,0,14.9,Low,Good,5,0,0.0,Feb 2026,2026,2,Q1
CR-0523,C-ENT-03,Enterprise Client 03,Enterprise,Central,665000,505866,0.7607,201356,0,0,20.8,Low,Good,8,0,0.0,Feb 2026,2026,2,Q1
CR-0524,C-ENT-04,Enterprise Client 04,Enterprise,West,1991000,1807629,0.9079,980008,0,0,14.5,Low,Fair,2,3,0.0,Feb 2026,2026,2,Q1
CR-0525,C-ENT-05,Enterprise Client 05,Enterprise,North,1365000,532214,0.3899,187476,0,0,2.6,Low,Good,4,0,0.0,Feb 2026,2026,2,Q1
CR-0526,C-ENT-06,Enterprise Client 06,Enterprise,West,1536000,1244314,0.8101,947718,0,0,8.2,Low,Fair,10,3,0.0,Feb 2026,2026,2,Q1
CR-0527,C-ENT-07,Enterprise Client 07,Enterprise,South,708000,510185,0.7206,339963,0,0,3.9,Low,Good,1,0,0.0,Feb 2026,2026,2,Q1
CR-0528,C-ENT-08,Enterprise Client 08,Enterprise,South,1363000,835246,0.6128,527099,0,0,29.3,Medium,Good,2,0,0.0,Feb 2026,2026,2,Q1
CR-0545,C-GOV-01,Government Client 01,Government,North,883000,346224,0.3921,197408,0,0,13.3,Low,Good,2,0,0.0,Feb 2026,2026,2,Q1
CR-0546,C-GOV-02,Government Client 02,Government,South,1447000,1016373,0.7024,651164,0,0,15.5,Low,Fair,3,3,0.0,Feb 2026,2026,2,Q1
CR-0547,C-GOV-03,Government Client 03,Government,North,435000,359354,0.8261,299162,0,0,26.4,Medium,Fair,10,0,0.0,Feb 2026,2026,2,Q1
CR-0548,C-GOV-04,Government Client 04,Government,Central,1121000,573055,0.5112,461067,0,0,20.5,Low,Fair,9,2,0.0,Feb 2026,2026,2,Q1
CR-0549,C-GOV-05,Government Client 05,Government,East,894000,254343,0.2845,81984,0,0,17.8,Low,Good,8,0,0.0,Feb 2026,2026,2,Q1
CR-0550,C-GOV-06,Government Client 06,Government,North,653000,492623,0.7544,317282,0,0,22.7,Low,Good,3,0,0.0,Feb 2026,2026,2,Q1
CR-0551,C-GOV-07,Government Client 07,Government,South,324000,267689,0.8262,220693,0,0,3.4,Low,Good,5,0,0.0,Feb 2026,2026,2,Q1
CR-0552,C-GOV-08,Government Client 08,Government,East,902000,493394,0.547,344440,0,0,2.6,Low,Fair,2,3,0.0,Feb 2026,2026,2,Q1
CR-0537,C-RET-01,Retail Client 01,Retail,Central,60000,45480,0.758,31629,0,0,18.0,Low,Good,10,0,0.0,Feb 2026,2026,2,Q1
CR-0538,C-RET-02,Retail Client 02,Retail,North,118000,59543,0.5046,41201,18350,126,85.4,Critical,Poor,5,1,1897.04,Feb 2026,2026,2,Q1
CR-0539,C-RET-03,Retail Client 03,Retail,Central,153000,61873,0.4044,44552,0,0,11.9,Low,Good,5,0,0.0,Feb 2026,2026,2,Q1
CR-0540,C-RET-04,Retail Client 04,Retail,Central,143000,122937,0.8597,55241,9131,102,61.3,High,Poor,5,2,0.0,Feb 2026,2026,2,Q1
CR-0541,C-RET-05,Retail Client 05,Retail,Central,72000,34358,0.4772,19003,0,0,13.4,Low,Good,10,0,0.0,Feb 2026,2026,2,Q1
CR-0542,C-RET-06,Retail Client 06,Retail,Central,103000,81535,0.7916,54221,0,0,26.6,Medium,Fair,7,0,0.0,Feb 2026,2026,2,Q1
CR-0543,C-RET-07,Retail Client 07,Retail,West,147000,48730,0.3315,36608,11096,48,32.9,Medium,Fair,8,1,0.0,Feb 2026,2026,2,Q1
CR-0544,C-RET-08,Retail Client 08,Retail,North,106000,45230,0.4267,21301,4132,60,33.0,Medium,Fair,10,3,0.0,Feb 2026,2026,2,Q1
CR-0529,C-SMB-01,SMB Client 01,SMB,North,274000,217446,0.7936,121929,0,0,15.0,Low,Good,3,0,0.0,Feb 2026,2026,2,Q1
CR-0530,C-SMB-02,SMB Client 02,SMB,South,128000,44390,0.3468,20340,5514,97,54.6,High,Fair,3,4,0.0,Feb 2026,2026,2,Q1
CR-0531,C-SMB-03,SMB Client 03,SMB,North,317000,294747,0.9298,151660,2269,43,81.5,Critical,Poor,3,1,147.16,Feb 2026,2026,2,Q1
CR-0532,C-SMB-04,SMB Client 04,SMB,South,101000,81739,0.8093,66419,10729,42,46.5,Medium,Good,8,0,0.0,Feb 2026,2026,2,Q1
CR-0533,C-SMB-05,SMB Client 05,SMB,North,203000,81362,0.4008,60195,0,0,2.3,Low,Good,6,0,0.0,Feb 2026,2026,2,Q1
CR-0534,C-SMB-06,SMB Client 06,SMB,West,108000,69336,0.642,52491,0,0,20.6,Low,Fair,5,0,0.0,Feb 2026,2026,2,Q1
CR-0535,C-SMB-07,SMB Client 07,SMB,South,201000,142931,0.7111,75243,0,0,22.9,Low,Fair,1,0,0.0,Feb 2026,2026,2,Q1
CR-0536,C-SMB-08,SMB Client 08,SMB,South,147000,131344,0.8935,63055,33859,129,65.5,High,Poor,2,0,0.0,Feb 2026,2026,2,Q1
CR-0553,C-STA-01,Startup Client 01,Startup,North,91000,78624,0.864,28773,649,6,51.8,High,Fair,3,0,0.0,Feb 2026,2026,2,Q1
CR-0554,C-STA-02,Startup Client 02,Startup,West,67000,40374,0.6026,27039,3623,62,57.6,High,Poor,10,3,0.0,Feb 2026,2026,2,Q1
CR-0555,C-STA-03,Startup Client 03,Startup,West,120000,91308,0.7609,28685,2039,12,66.1,High,Fair,5,3,0.0,Feb 2026,2026,2,Q1
CR-0556,C-STA-04,Startup Client 04,Startup,East,132000,99911,0.7569,64644,11354,27,53.6,High,Good,3,0,0.0,Feb 2026,2026,2,Q1
CR-0557,C-STA-05,Startup Client 05,Startup,North,142000,139487,0.9823,115347,8212,102,55.0,High,Fair,1,3,0.0,Feb 2026,2026,2,Q1
CR-0558,C-STA-06,Startup Client 06,Startup,North,65000,29666,0.4564,17640,7072,4,40.9,Medium,Fair,2,2,0.0,Feb 2026,2026,2,Q1
CR-0559,C-STA-07,Startup Client 07,Startup,South,131000,61242,0.4675,24140,13951,99,61.4,High,Good,5,0,0.0,Feb 2026,2026,2,Q1
CR-0560,C-STA-08,Startup Client 08,Startup,West,88000,31099,0.3534,24770,12532,110,62.8,High,Fair,7,3,0.0,Feb 2026,2026,2,Q1
CR-0561,C-ENT-01,Enterprise Client 01,Enterprise,South,1448000,533443,0.3684,187893,0,0,21.6,Low,Fair,4,4,0.0,Mar 2026,2026,3,Q1
CR-0562,C-ENT-02,Enterprise Client 02,Enterprise,West,1885000,1514974,0.8037,612564,0,0,9.5,Low,Good,8,0,0.0,Mar 2026,2026,3,Q1
CR-0563,C-ENT-03,Enterprise Client 03,Enterprise,Central,665000,439898,0.6615,139717,0,0,19.4,Low,Good,4,0,0.0,Mar 2026,2026,3,Q1
CR-0564,C-ENT-04,Enterprise Client 04,Enterprise,West,1991000,1852825,0.9306,603915,0,0,12.6,Low,Fair,7,1,0.0,Mar 2026,2026,3,Q1
CR-0565,C-ENT-05,Enterprise Client 05,Enterprise,North,1365000,610292,0.4471,496468,0,0,8.8,Low,Good,5,0,0.0,Mar 2026,2026,3,Q1
CR-0566,C-ENT-06,Enterprise Client 06,Enterprise,West,1536000,1174426,0.7646,443258,0,0,9.3,Low,Fair,1,2,0.0,Mar 2026,2026,3,Q1
CR-0567,C-ENT-07,Enterprise Client 07,Enterprise,South,708000,533620,0.7537,273673,0,0,5.7,Low,Good,10,0,0.0,Mar 2026,2026,3,Q1
CR-0568,C-ENT-08,Enterprise Client 08,Enterprise,South,1363000,716256,0.5255,348818,20390,62,33.7,Medium,Good,4,0,0.0,Mar 2026,2026,3,Q1
CR-0585,C-GOV-01,Government Client 01,Government,North,883000,301191,0.3411,212115,0,0,9.4,Low,Good,1,0,0.0,Mar 2026,2026,3,Q1
CR-0586,C-GOV-02,Government Client 02,Government,South,1447000,987143,0.6822,689142,0,0,20.7,Low,Fair,3,0,0.0,Mar 2026,2026,3,Q1
CR-0587,C-GOV-03,Government Client 03,Government,North,435000,414990,0.954,329116,0,0,28.3,Medium,Fair,2,1,0.0,Mar 2026,2026,3,Q1
CR-0588,C-GOV-04,Government Client 04,Government,Central,1121000,679326,0.606,329292,0,0,19.1,Low,Fair,9,4,0.0,Mar 2026,2026,3,Q1
CR-0589,C-GOV-05,Government Client 05,Government,East,894000,351074,0.3927,152548,0,0,12.1,Low,Good,1,0,0.0,Mar 2026,2026,3,Q1
CR-0590,C-GOV-06,Government Client 06,Government,North,653000,460953,0.7059,155516,0,0,26.3,Medium,Good,8,0,0.0,Mar 2026,2026,3,Q1
CR-0591,C-GOV-07,Government Client 07,Government,South,324000,256057,0.7903,167945,0,0,0,Low,Good,10,0,0.0,Mar 2026,2026,3,Q1
CR-0592,C-GOV-08,Government Client 08,Government,East,902000,484825,0.5375,347119,0,0,8.4,Low,Fair,3,3,0.0,Mar 2026,2026,3,Q1
CR-0577,C-RET-01,Retail Client 01,Retail,Central,60000,49746,0.8291,29954,0,0,13.9,Low,Good,8,0,0.0,Mar 2026,2026,3,Q1
CR-0578,C-RET-02,Retail Client 02,Retail,North,118000,43754,0.3708,25263,11294,136,84.8,Critical,Poor,2,2,34.03,Mar 2026,2026,3,Q1
CR-0579,C-RET-03,Retail Client 03,Retail,Central,153000,54070,0.3534,17292,0,0,10.9,Low,Good,8,0,0.0,Mar 2026,2026,3,Q1
CR-0580,C-RET-04,Retail Client 04,Retail,Central,143000,121007,0.8462,94967,403,35,58.5,High,Poor,5,4,0.0,Mar 2026,2026,3,Q1
CR-0581,C-RET-05,Retail Client 05,Retail,Central,72000,43301,0.6014,16911,0,0,12.7,Low,Good,5,0,0.0,Mar 2026,2026,3,Q1
CR-0582,C-RET-06,Retail Client 06,Retail,Central,103000,85336,0.8285,41776,0,0,22.5,Low,Fair,9,1,0.0,Mar 2026,2026,3,Q1
CR-0583,C-RET-07,Retail Client 07,Retail,West,147000,58932,0.4009,32640,42,53,36.2,Medium,Fair,7,1,0.0,Mar 2026,2026,3,Q1
CR-0584,C-RET-08,Retail Client 08,Retail,North,106000,52311,0.4935,30356,3908,65,33.5,Medium,Fair,9,4,0.0,Mar 2026,2026,3,Q1
CR-0569,C-SMB-01,SMB Client 01,SMB,North,274000,222981,0.8138,114103,0,0,18.4,Low,Good,10,0,0.0,Mar 2026,2026,3,Q1
CR-0570,C-SMB-02,SMB Client 02,SMB,South,128000,46118,0.3603,22471,5043,74,56.3,High,Fair,8,1,0.0,Mar 2026,2026,3,Q1
CR-0571,C-SMB-03,SMB Client 03,SMB,North,317000,286188,0.9028,111653,16590,86,78.7,Critical,Poor,6,4,1986.79,Mar 2026,2026,3,Q1
CR-0572,C-SMB-04,SMB Client 04,SMB,South,101000,83446,0.8262,53858,9623,37,47.4,Medium,Good,8,0,0.0,Mar 2026,2026,3,Q1
CR-0573,C-SMB-05,SMB Client 05,SMB,North,203000,76836,0.3785,25118,0,0,5.5,Low,Good,9,0,0.0,Mar 2026,2026,3,Q1
CR-0574,C-SMB-06,SMB Client 06,SMB,West,108000,66809,0.6186,28526,0,0,16.3,Low,Fair,10,1,0.0,Mar 2026,2026,3,Q1
CR-0575,C-SMB-07,SMB Client 07,SMB,South,201000,142871,0.7108,116008,0,0,15.5,Low,Fair,9,1,0.0,Mar 2026,2026,3,Q1
CR-0576,C-SMB-08,SMB Client 08,SMB,South,147000,134005,0.9116,93084,52133,130,65.5,High,Poor,9,2,0.0,Mar 2026,2026,3,Q1
CR-0593,C-STA-01,Startup Client 01,Startup,North,91000,73701,0.8099,36302,12643,87,48.1,Medium,Fair,3,4,0.0,Mar 2026,2026,3,Q1
CR-0594,C-STA-02,Startup Client 02,Startup,West,67000,43034,0.6423,23627,4380,1,57.7,High,Poor,5,4,0.0,Mar 2026,2026,3,Q1
CR-0595,C-STA-03,Startup Client 03,Startup,West,120000,79212,0.6601,25026,9001,8,69.2,High,Fair,1,1,0.0,Mar 2026,2026,3,Q1
CR-0596,C-STA-04,Startup Client 04,Startup,East,132000,113243,0.8579,52154,25277,55,52.4,High,Good,8,0,0.0,Mar 2026,2026,3,Q1
CR-0597,C-STA-05,Startup Client 05,Startup,North,142000,140722,0.991,58177,4602,28,54.2,High,Fair,5,0,0.0,Mar 2026,2026,3,Q1
CR-0598,C-STA-06,Startup Client 06,Startup,North,65000,26462,0.4071,14368,1220,13,44.3,Medium,Fair,7,4,0.0,Mar 2026,2026,3,Q1
CR-0599,C-STA-07,Startup Client 07,Startup,South,131000,52426,0.4002,32537,14292,34,61.0,High,Good,6,0,0.0,Mar 2026,2026,3,Q1
CR-0600,C-STA-08,Startup Client 08,Startup,West,88000,38702,0.4398,12933,5101,36,59.8,High,Fair,9,3,0.0,Mar 2026,2026,3,Q1
